INSERT INTO `sys_ruleset` (`name`, `title`, `packagename`, `domain`, `role`, `permission`) VALUES ('bldgassessment', 'Building Assessment Rules', 'bldgassessment', 'RPT', 'RULE_AUTHOR', NULL);
INSERT INTO `sys_ruleset` (`name`, `title`, `packagename`, `domain`, `role`, `permission`) VALUES ('bpassessment', 'BP Assessment Rules', NULL, 'bpls', 'DATAMGMT', NULL);
INSERT INTO `sys_ruleset` (`name`, `title`, `packagename`, `domain`, `role`, `permission`) VALUES ('bpbilling', 'BPLS Billing Rules', NULL, 'bpls', 'DATAMGMT', NULL);
INSERT INTO `sys_ruleset` (`name`, `title`, `packagename`, `domain`, `role`, `permission`) VALUES ('bpinfo', 'BP Info', NULL, 'bpls', 'DATAMGMT', NULL);
INSERT INTO `sys_ruleset` (`name`, `title`, `packagename`, `domain`, `role`, `permission`) VALUES ('bprequirement', 'BP Requirement Rules', 'bprequirement', 'bpls', 'DATAMGMT', NULL);
INSERT INTO `sys_ruleset` (`name`, `title`, `packagename`, `domain`, `role`, `permission`) VALUES ('landassessment', 'Land Assessment Rules', 'landassessment', 'RPT', 'RULE_AUTHOR', NULL);
INSERT INTO `sys_ruleset` (`name`, `title`, `packagename`, `domain`, `role`, `permission`) VALUES ('machassessment', 'Machinery Assessment Rules', 'machassessment', 'RPT', 'RULE_AUTHOR', NULL);
INSERT INTO `sys_ruleset` (`name`, `title`, `packagename`, `domain`, `role`, `permission`) VALUES ('miscassessment', 'Miscellaneous Assessment Rules', 'miscassessment', 'RPT', 'RULE_AUTHOR', NULL);
INSERT INTO `sys_ruleset` (`name`, `title`, `packagename`, `domain`, `role`, `permission`) VALUES ('planttreeassessment', 'Plant/Tree Assessment Rules', 'planttreeassessment', 'RPT', 'RULE_AUTHOR', NULL);
INSERT INTO `sys_ruleset` (`name`, `title`, `packagename`, `domain`, `role`, `permission`) VALUES ('revenuesharing', 'Revenue Sharing', 'revenuesharing', 'TREASURY', 'RULE_AUTHOR', NULL);
INSERT INTO `sys_ruleset` (`name`, `title`, `packagename`, `domain`, `role`, `permission`) VALUES ('rptbilling', 'RPT Billing Rules', 'rptbilling', 'LANDTAX', 'RULE_AUTHOR', NULL);
INSERT INTO `sys_ruleset` (`name`, `title`, `packagename`, `domain`, `role`, `permission`) VALUES ('rptledger', 'Ledger Billing Rules', 'rptledger', 'LANDTAX', 'RULE_AUTHOR', NULL);
INSERT INTO `sys_ruleset` (`name`, `title`, `packagename`, `domain`, `role`, `permission`) VALUES ('rptrequirement', 'RPT Requirement Rules', 'rptrequirement', 'RPT', 'RULE_AUTHOR', NULL);

INSERT INTO `sys_rulegroup` (`name`, `ruleset`, `title`, `sortorder`) VALUES ('ADDITIONAL', 'bldgassessment', 'Additional Item Computation', '18');
INSERT INTO `sys_rulegroup` (`name`, `ruleset`, `title`, `sortorder`) VALUES ('ADJUSTMENT', 'bldgassessment', 'Adjustment Computation', '25');
INSERT INTO `sys_rulegroup` (`name`, `ruleset`, `title`, `sortorder`) VALUES ('ADJUSTMENT', 'landassessment', 'Adjustment Computation', '14');
INSERT INTO `sys_rulegroup` (`name`, `ruleset`, `title`, `sortorder`) VALUES ('ADJUSTMENT', 'planttreeassessment', 'Adjustment Computation', '15');
INSERT INTO `sys_rulegroup` (`name`, `ruleset`, `title`, `sortorder`) VALUES ('AFER-DEPRECIATION', 'miscassessment', 'After Depreciation Computation', '16');
INSERT INTO `sys_rulegroup` (`name`, `ruleset`, `title`, `sortorder`) VALUES ('AFTER-ADDITIONAL', 'bldgassessment', 'After Additional Item Computation', '19');
INSERT INTO `sys_rulegroup` (`name`, `ruleset`, `title`, `sortorder`) VALUES ('AFTER-ADJUSTMENT', 'bldgassessment', 'After Adjustment Computation', '30');
INSERT INTO `sys_rulegroup` (`name`, `ruleset`, `title`, `sortorder`) VALUES ('AFTER-ADJUSTMENT', 'landassessment', 'After Adjustment Computation', '15');
INSERT INTO `sys_rulegroup` (`name`, `ruleset`, `title`, `sortorder`) VALUES ('AFTER-ADJUSTMENT', 'planttreeassessment', 'AFter Adjustment Computation', '16');
INSERT INTO `sys_rulegroup` (`name`, `ruleset`, `title`, `sortorder`) VALUES ('AFTER-ASSESSEDVALUE', 'landassessment', 'After Assessed Value Computation', '45');
INSERT INTO `sys_rulegroup` (`name`, `ruleset`, `title`, `sortorder`) VALUES ('AFTER-ASSESSEDVALUE', 'machassessment', 'After Machine Assessed Value Computation', '45');
INSERT INTO `sys_rulegroup` (`name`, `ruleset`, `title`, `sortorder`) VALUES ('AFTER-ASSESSEDVALUE', 'miscassessment', 'After Assessed Value Computation', '45');
INSERT INTO `sys_rulegroup` (`name`, `ruleset`, `title`, `sortorder`) VALUES ('AFTER-ASSESSEDVALUE', 'planttreeassessment', 'After Assessed Value Computation', '45');
INSERT INTO `sys_rulegroup` (`name`, `ruleset`, `title`, `sortorder`) VALUES ('AFTER-ASSESSLEVEL', 'bldgassessment', 'After Calculate Assess Level', '60');
INSERT INTO `sys_rulegroup` (`name`, `ruleset`, `title`, `sortorder`) VALUES ('AFTER-ASSESSLEVEL', 'landassessment', 'After Assess Level Computation', '36');
INSERT INTO `sys_rulegroup` (`name`, `ruleset`, `title`, `sortorder`) VALUES ('AFTER-ASSESSLEVEL', 'machassessment', 'After Machine Assess Level Computation', '36');
INSERT INTO `sys_rulegroup` (`name`, `ruleset`, `title`, `sortorder`) VALUES ('AFTER-ASSESSLEVEL', 'miscassessment', 'After Assess Level Computation', '36');
INSERT INTO `sys_rulegroup` (`name`, `ruleset`, `title`, `sortorder`) VALUES ('AFTER-ASSESSLEVEL', 'planttreeassessment', 'After Assess Level Computation', '36');
INSERT INTO `sys_rulegroup` (`name`, `ruleset`, `title`, `sortorder`) VALUES ('AFTER-ASSESSVALUE', 'bldgassessment', 'After Assess Value Computation', '75');
INSERT INTO `sys_rulegroup` (`name`, `ruleset`, `title`, `sortorder`) VALUES ('AFTER-BASEMARKETVALUE', 'bldgassessment', 'After Base Market Value Computation', '15');
INSERT INTO `sys_rulegroup` (`name`, `ruleset`, `title`, `sortorder`) VALUES ('AFTER-BASEMARKETVALUE', 'landassessment', 'After Base Market Value Computation', '10');
INSERT INTO `sys_rulegroup` (`name`, `ruleset`, `title`, `sortorder`) VALUES ('AFTER-BASEMARKETVALUE', 'machassessment', 'After Machine Base Market Value Computation', '10');
INSERT INTO `sys_rulegroup` (`name`, `ruleset`, `title`, `sortorder`) VALUES ('AFTER-BASEMARKETVALUE', 'miscassessment', 'After Base Market Value Computation', '10');
INSERT INTO `sys_rulegroup` (`name`, `ruleset`, `title`, `sortorder`) VALUES ('AFTER-BASEMARKETVALUE', 'planttreeassessment', 'After Base Market Value Computation', '10');
INSERT INTO `sys_rulegroup` (`name`, `ruleset`, `title`, `sortorder`) VALUES ('after-compute-share', 'revenuesharing', 'After Compute Share', '1');
INSERT INTO `sys_rulegroup` (`name`, `ruleset`, `title`, `sortorder`) VALUES ('AFTER-DEPRECIATION', 'bldgassessment', 'After Depreciation Computation', '34');
INSERT INTO `sys_rulegroup` (`name`, `ruleset`, `title`, `sortorder`) VALUES ('AFTER-DEPRECIATION', 'machassessment', 'After Machine Depreciation Computation', '12');
INSERT INTO `sys_rulegroup` (`name`, `ruleset`, `title`, `sortorder`) VALUES ('AFTER-FLOOR', 'bldgassessment', 'AFter Floor Computation', '3');
INSERT INTO `sys_rulegroup` (`name`, `ruleset`, `title`, `sortorder`) VALUES ('AFTER-MARKETVALUE', 'bldgassessment', 'After Market Value Computation', '45');
INSERT INTO `sys_rulegroup` (`name`, `ruleset`, `title`, `sortorder`) VALUES ('AFTER-MARKETVALUE', 'landassessment', 'After Market Value Computation', '30');
INSERT INTO `sys_rulegroup` (`name`, `ruleset`, `title`, `sortorder`) VALUES ('AFTER-MARKETVALUE', 'machassessment', 'After Machine Market Value Computation', '30');
INSERT INTO `sys_rulegroup` (`name`, `ruleset`, `title`, `sortorder`) VALUES ('AFTER-MARKETVALUE', 'miscassessment', 'After Market Value Computation', '30');
INSERT INTO `sys_rulegroup` (`name`, `ruleset`, `title`, `sortorder`) VALUES ('AFTER-MARKETVALUE', 'planttreeassessment', 'After Market Value Computation', '30');
INSERT INTO `sys_rulegroup` (`name`, `ruleset`, `title`, `sortorder`) VALUES ('after-payment', 'bpbilling', 'After Payment', '7');
INSERT INTO `sys_rulegroup` (`name`, `ruleset`, `title`, `sortorder`) VALUES ('AFTER-SUMMARY', 'bldgassessment', 'After Summary Computation', '105');
INSERT INTO `sys_rulegroup` (`name`, `ruleset`, `title`, `sortorder`) VALUES ('AFTER-SUMMARY', 'landassessment', 'After Summary Computation', '105');
INSERT INTO `sys_rulegroup` (`name`, `ruleset`, `title`, `sortorder`) VALUES ('AFTER-SUMMARY', 'machassessment', 'After Summary Computation', '105');
INSERT INTO `sys_rulegroup` (`name`, `ruleset`, `title`, `sortorder`) VALUES ('AFTER-SUMMARY', 'miscassessment', 'After Summary Computation', '105');
INSERT INTO `sys_rulegroup` (`name`, `ruleset`, `title`, `sortorder`) VALUES ('AFTER-SUMMARY', 'planttreeassessment', 'After Summary Computation', '105');
INSERT INTO `sys_rulegroup` (`name`, `ruleset`, `title`, `sortorder`) VALUES ('AFTER_DISCOUNT', 'rptbilling', 'After Discount Computation', '10');
INSERT INTO `sys_rulegroup` (`name`, `ruleset`, `title`, `sortorder`) VALUES ('AFTER_PENALTY', 'rptbilling', 'After Penalty Computation', '8');
INSERT INTO `sys_rulegroup` (`name`, `ruleset`, `title`, `sortorder`) VALUES ('AFTER_REQUIREMENT', 'rptrequirement', 'After Requirement', '2');
INSERT INTO `sys_rulegroup` (`name`, `ruleset`, `title`, `sortorder`) VALUES ('AFTER_SUMMARY', 'rptbilling', 'After Summary', '21');
INSERT INTO `sys_rulegroup` (`name`, `ruleset`, `title`, `sortorder`) VALUES ('AFTER_TAX', 'rptledger', 'Post Tax Computation', '3');
INSERT INTO `sys_rulegroup` (`name`, `ruleset`, `title`, `sortorder`) VALUES ('appinfo', 'bpassessment', 'Application Info', '1');
INSERT INTO `sys_rulegroup` (`name`, `ruleset`, `title`, `sortorder`) VALUES ('apply-payment', 'bpbilling', 'Apply Payment', '6');
INSERT INTO `sys_rulegroup` (`name`, `ruleset`, `title`, `sortorder`) VALUES ('ASSESSEDVALUE', 'landassessment', 'Assessed Value Computation', '40');
INSERT INTO `sys_rulegroup` (`name`, `ruleset`, `title`, `sortorder`) VALUES ('ASSESSEDVALUE', 'machassessment', 'Machine Assessed Value Computation', '40');
INSERT INTO `sys_rulegroup` (`name`, `ruleset`, `title`, `sortorder`) VALUES ('ASSESSEDVALUE', 'miscassessment', 'Assessed Value Computation', '40');
INSERT INTO `sys_rulegroup` (`name`, `ruleset`, `title`, `sortorder`) VALUES ('ASSESSEDVALUE', 'planttreeassessment', 'Assessed Value Computation', '40');
INSERT INTO `sys_rulegroup` (`name`, `ruleset`, `title`, `sortorder`) VALUES ('ASSESSLEVEL', 'bldgassessment', 'Calculate Assess Level', '55');
INSERT INTO `sys_rulegroup` (`name`, `ruleset`, `title`, `sortorder`) VALUES ('ASSESSLEVEL', 'landassessment', 'Assess Level Computation', '35');
INSERT INTO `sys_rulegroup` (`name`, `ruleset`, `title`, `sortorder`) VALUES ('ASSESSLEVEL', 'machassessment', 'Machine Assess Level Computation', '35');
INSERT INTO `sys_rulegroup` (`name`, `ruleset`, `title`, `sortorder`) VALUES ('ASSESSLEVEL', 'miscassessment', 'Assess Level Computation', '35');
INSERT INTO `sys_rulegroup` (`name`, `ruleset`, `title`, `sortorder`) VALUES ('ASSESSLEVEL', 'planttreeassessment', 'Assess Level Computation', '35');
INSERT INTO `sys_rulegroup` (`name`, `ruleset`, `title`, `sortorder`) VALUES ('ASSESSVALUE', 'bldgassessment', 'Assess Value Computation', '70');
INSERT INTO `sys_rulegroup` (`name`, `ruleset`, `title`, `sortorder`) VALUES ('BASEMARKETVALUE', 'bldgassessment', 'Base Market Value Computation', '10');
INSERT INTO `sys_rulegroup` (`name`, `ruleset`, `title`, `sortorder`) VALUES ('BASEMARKETVALUE', 'landassessment', 'Base Market Value Computation', '5');
INSERT INTO `sys_rulegroup` (`name`, `ruleset`, `title`, `sortorder`) VALUES ('BASEMARKETVALUE', 'machassessment', 'Machine Base Market Value Computation', '5');
INSERT INTO `sys_rulegroup` (`name`, `ruleset`, `title`, `sortorder`) VALUES ('BASEMARKETVALUE', 'miscassessment', 'Base Market Value Computation', '5');
INSERT INTO `sys_rulegroup` (`name`, `ruleset`, `title`, `sortorder`) VALUES ('BASEMARKETVALUE', 'planttreeassessment', 'Base Market Value Computation', '5');
INSERT INTO `sys_rulegroup` (`name`, `ruleset`, `title`, `sortorder`) VALUES ('BEFORE-ADDITIONAL', 'bldgassessment', 'Before Additional Item Computation', '17');
INSERT INTO `sys_rulegroup` (`name`, `ruleset`, `title`, `sortorder`) VALUES ('BEFORE-ADJUSTMENT', 'bldgassessment', 'Before Adjustment Computation', '20');
INSERT INTO `sys_rulegroup` (`name`, `ruleset`, `title`, `sortorder`) VALUES ('BEFORE-ADJUSTMENT', 'landassessment', 'Before Adjustment Computation', '13');
INSERT INTO `sys_rulegroup` (`name`, `ruleset`, `title`, `sortorder`) VALUES ('BEFORE-ASSESSLEVEL', 'bldgassessment', 'Before Calculate Assess Level', '50');
INSERT INTO `sys_rulegroup` (`name`, `ruleset`, `title`, `sortorder`) VALUES ('BEFORE-ASSESSLEVEL', 'miscassessment', 'Before Assess Level Computation', '34');
INSERT INTO `sys_rulegroup` (`name`, `ruleset`, `title`, `sortorder`) VALUES ('BEFORE-ASSESSVALUE', 'bldgassessment', 'Before Assess Value Computation', '65');
INSERT INTO `sys_rulegroup` (`name`, `ruleset`, `title`, `sortorder`) VALUES ('BEFORE-BASEMARKETVALUE', 'bldgassessment', 'Before Base Market Value Computation', '5');
INSERT INTO `sys_rulegroup` (`name`, `ruleset`, `title`, `sortorder`) VALUES ('BEFORE-DEPRECIATON', 'bldgassessment', 'Before Depreciation Computation', '32');
INSERT INTO `sys_rulegroup` (`name`, `ruleset`, `title`, `sortorder`) VALUES ('BEFORE-MARKETVALUE', 'bldgassessment', 'Before Market Value Computation', '35');
INSERT INTO `sys_rulegroup` (`name`, `ruleset`, `title`, `sortorder`) VALUES ('BEFORE-MARKETVALUE', 'landassessment', 'Before Market Value', '25');
INSERT INTO `sys_rulegroup` (`name`, `ruleset`, `title`, `sortorder`) VALUES ('BEFORE_SUMMARY', 'rptbilling', 'Before Summary ', '19');
INSERT INTO `sys_rulegroup` (`name`, `ruleset`, `title`, `sortorder`) VALUES ('BRGY_SHARE', 'rptbilling', 'Barangay Share Computation', '25');
INSERT INTO `sys_rulegroup` (`name`, `ruleset`, `title`, `sortorder`) VALUES ('businesstax', 'bpassessment', 'Business Tax Computation', '3');
INSERT INTO `sys_rulegroup` (`name`, `ruleset`, `title`, `sortorder`) VALUES ('compute-share', 'revenuesharing', 'Compute Share', '0');
INSERT INTO `sys_rulegroup` (`name`, `ruleset`, `title`, `sortorder`) VALUES ('default', 'bpinfo', 'Application Info', '0');
INSERT INTO `sys_rulegroup` (`name`, `ruleset`, `title`, `sortorder`) VALUES ('DEPRECIATION', 'bldgassessment', 'Depreciation Computation', '33');
INSERT INTO `sys_rulegroup` (`name`, `ruleset`, `title`, `sortorder`) VALUES ('DEPRECIATION', 'machassessment', 'Machine Depreciation Computation', '11');
INSERT INTO `sys_rulegroup` (`name`, `ruleset`, `title`, `sortorder`) VALUES ('DEPRECIATION', 'miscassessment', 'Depreciation Computation', '15');
INSERT INTO `sys_rulegroup` (`name`, `ruleset`, `title`, `sortorder`) VALUES ('discount', 'bpbilling', 'Discount', '1');
INSERT INTO `sys_rulegroup` (`name`, `ruleset`, `title`, `sortorder`) VALUES ('DISCOUNT', 'rptbilling', 'Discount Computation', '9');
INSERT INTO `sys_rulegroup` (`name`, `ruleset`, `title`, `sortorder`) VALUES ('FLOOR', 'bldgassessment', 'Floor Computation', '2');
INSERT INTO `sys_rulegroup` (`name`, `ruleset`, `title`, `sortorder`) VALUES ('INIT', 'rptbilling', 'Init', '0');
INSERT INTO `sys_rulegroup` (`name`, `ruleset`, `title`, `sortorder`) VALUES ('INIT', 'rptledger', 'Init', '0');
INSERT INTO `sys_rulegroup` (`name`, `ruleset`, `title`, `sortorder`) VALUES ('initial', 'bpbilling', 'Initialization', '0');
INSERT INTO `sys_rulegroup` (`name`, `ruleset`, `title`, `sortorder`) VALUES ('initial', 'bprequirement', 'Initial', '0');
INSERT INTO `sys_rulegroup` (`name`, `ruleset`, `title`, `sortorder`) VALUES ('INITIAL', 'landassessment', 'Initial Computation', '0');
INSERT INTO `sys_rulegroup` (`name`, `ruleset`, `title`, `sortorder`) VALUES ('INITIAL', 'machassessment', 'Initial Computation', '0');
INSERT INTO `sys_rulegroup` (`name`, `ruleset`, `title`, `sortorder`) VALUES ('INITIAL', 'miscassessment', 'Initial Computation', '0');
INSERT INTO `sys_rulegroup` (`name`, `ruleset`, `title`, `sortorder`) VALUES ('INITIAL', 'planttreeassessment', 'Initial Computation', '0');
INSERT INTO `sys_rulegroup` (`name`, `ruleset`, `title`, `sortorder`) VALUES ('interest', 'bpbilling', 'Interest', '3');
INSERT INTO `sys_rulegroup` (`name`, `ruleset`, `title`, `sortorder`) VALUES ('LEDGER_ITEM', 'rptledger', 'Ledger Item Posting', '1');
INSERT INTO `sys_rulegroup` (`name`, `ruleset`, `title`, `sortorder`) VALUES ('LGU_SHARE', 'rptbilling', 'LGU Share Computation', '26');
INSERT INTO `sys_rulegroup` (`name`, `ruleset`, `title`, `sortorder`) VALUES ('MARKETVALUE', 'bldgassessment', 'Market Value Computation', '40');
INSERT INTO `sys_rulegroup` (`name`, `ruleset`, `title`, `sortorder`) VALUES ('MARKETVALUE', 'landassessment', 'Market Value Computation', '26');
INSERT INTO `sys_rulegroup` (`name`, `ruleset`, `title`, `sortorder`) VALUES ('MARKETVALUE', 'machassessment', 'Machine Market Value Computation', '25');
INSERT INTO `sys_rulegroup` (`name`, `ruleset`, `title`, `sortorder`) VALUES ('MARKETVALUE', 'miscassessment', 'Market Value Computation', '25');
INSERT INTO `sys_rulegroup` (`name`, `ruleset`, `title`, `sortorder`) VALUES ('MARKETVALUE', 'planttreeassessment', 'Market Value Computation', '25');
INSERT INTO `sys_rulegroup` (`name`, `ruleset`, `title`, `sortorder`) VALUES ('MUASSESSEDVALUE', 'machassessment', 'Actual Use Assessed Value Computation', '55');
INSERT INTO `sys_rulegroup` (`name`, `ruleset`, `title`, `sortorder`) VALUES ('MUASSESSLEVEL', 'machassessment', 'Actual Use Assess Level Computation', '50');
INSERT INTO `sys_rulegroup` (`name`, `ruleset`, `title`, `sortorder`) VALUES ('othercharge', 'bpassessment', 'Other Charge Computation', '7');
INSERT INTO `sys_rulegroup` (`name`, `ruleset`, `title`, `sortorder`) VALUES ('PENALTY', 'rptbilling', 'Penalty Computation', '7');
INSERT INTO `sys_rulegroup` (`name`, `ruleset`, `title`, `sortorder`) VALUES ('postappinfo', 'bpassessment', 'Post Application Info', '2');
INSERT INTO `sys_rulegroup` (`name`, `ruleset`, `title`, `sortorder`) VALUES ('postbusinesstax', 'bpassessment', 'Post Business Tax Computation', '4');
INSERT INTO `sys_rulegroup` (`name`, `ruleset`, `title`, `sortorder`) VALUES ('postinfo', 'bpinfo', 'Post App Info', '1');
INSERT INTO `sys_rulegroup` (`name`, `ruleset`, `title`, `sortorder`) VALUES ('postothercharge', 'bpassessment', 'Post Other Charge Computation', '8');
INSERT INTO `sys_rulegroup` (`name`, `ruleset`, `title`, `sortorder`) VALUES ('postregfee', 'bpassessment', 'Post Regulatory Fee Computation', '6');
INSERT INTO `sys_rulegroup` (`name`, `ruleset`, `title`, `sortorder`) VALUES ('postsummary', 'bpassessment', 'Postsummary', '10');
INSERT INTO `sys_rulegroup` (`name`, `ruleset`, `title`, `sortorder`) VALUES ('PRE-ASSESSMENT', 'bldgassessment', 'Pre-Assessment', '1');
INSERT INTO `sys_rulegroup` (`name`, `ruleset`, `title`, `sortorder`) VALUES ('preappinfo', 'bpassessment', 'Pre-Application Info', '0');
INSERT INTO `sys_rulegroup` (`name`, `ruleset`, `title`, `sortorder`) VALUES ('PROV_SHARE', 'rptbilling', 'Province Share Computation', '27');
INSERT INTO `sys_rulegroup` (`name`, `ruleset`, `title`, `sortorder`) VALUES ('regfee', 'bpassessment', 'Regulatory Fee Computation', '5');
INSERT INTO `sys_rulegroup` (`name`, `ruleset`, `title`, `sortorder`) VALUES ('requirement', 'bpinfo', 'Requirements', '2');
INSERT INTO `sys_rulegroup` (`name`, `ruleset`, `title`, `sortorder`) VALUES ('REQUIREMENT', 'rptrequirement', 'Requirement', '1');
INSERT INTO `sys_rulegroup` (`name`, `ruleset`, `title`, `sortorder`) VALUES ('SUMMARY', 'bldgassessment', 'Summary', '100');
INSERT INTO `sys_rulegroup` (`name`, `ruleset`, `title`, `sortorder`) VALUES ('summary', 'bpassessment', 'Summary', '9');
INSERT INTO `sys_rulegroup` (`name`, `ruleset`, `title`, `sortorder`) VALUES ('summary', 'bpbilling', 'Summary', '5');
INSERT INTO `sys_rulegroup` (`name`, `ruleset`, `title`, `sortorder`) VALUES ('SUMMARY', 'landassessment', 'Summary Computation', '100');
INSERT INTO `sys_rulegroup` (`name`, `ruleset`, `title`, `sortorder`) VALUES ('SUMMARY', 'machassessment', 'Summary Computation', '100');
INSERT INTO `sys_rulegroup` (`name`, `ruleset`, `title`, `sortorder`) VALUES ('SUMMARY', 'miscassessment', 'Summary Computation', '100');
INSERT INTO `sys_rulegroup` (`name`, `ruleset`, `title`, `sortorder`) VALUES ('SUMMARY', 'planttreeassessment', 'Summary Computation', '100');
INSERT INTO `sys_rulegroup` (`name`, `ruleset`, `title`, `sortorder`) VALUES ('SUMMARY', 'rptbilling', 'Summary', '20');
INSERT INTO `sys_rulegroup` (`name`, `ruleset`, `title`, `sortorder`) VALUES ('surcharge', 'bpbilling', 'Surcharge', '2');
INSERT INTO `sys_rulegroup` (`name`, `ruleset`, `title`, `sortorder`) VALUES ('TAX', 'rptledger', 'Tax Computation', '2');

INSERT INTO `sys_rule_fact` (`objid`, `name`, `title`, `factclass`, `sortorder`, `handler`, `defaultvarname`, `dynamic`, `lookuphandler`, `lookupkey`, `lookupvalue`, `lookupdatatype`, `dynamicfieldname`, `builtinconstraints`, `domain`, `factsuperclass`) VALUES ('RULFACT-2486b0ca:146fff66c3e:-57b0', 'variable', 'Derived Variable', 'rptis.bldg.facts.BldgVariable', '35', NULL, 'VAR', NULL, NULL, NULL, NULL, NULL, NULL, NULL, 'RPT', NULL);
INSERT INTO `sys_rule_fact` (`objid`, `name`, `title`, `factclass`, `sortorder`, `handler`, `defaultvarname`, `dynamic`, `lookuphandler`, `lookupkey`, `lookupvalue`, `lookupdatatype`, `dynamicfieldname`, `builtinconstraints`, `domain`, `factsuperclass`) VALUES ('RULFACT-2486b0ca:146fff66c3e:-711c', 'BldgAdjustment', 'Building Adjustment', 'rptis.bldg.facts.BldgAdjustment', '10', NULL, 'ADJ', NULL, NULL, NULL, NULL, NULL, NULL, NULL, 'RPT', NULL);
INSERT INTO `sys_rule_fact` (`objid`, `name`, `title`, `factclass`, `sortorder`, `handler`, `defaultvarname`, `dynamic`, `lookuphandler`, `lookupkey`, `lookupvalue`, `lookupdatatype`, `dynamicfieldname`, `builtinconstraints`, `domain`, `factsuperclass`) VALUES ('RULFACT-2486b0ca:146fff66c3e:-7ad1', 'BldgFloor', 'Building Floor', 'rptis.bldg.facts.BldgFloor', '4', NULL, 'BF', NULL, NULL, NULL, NULL, NULL, NULL, NULL, 'RPT', NULL);
INSERT INTO `sys_rule_fact` (`objid`, `name`, `title`, `factclass`, `sortorder`, `handler`, `defaultvarname`, `dynamic`, `lookuphandler`, `lookupkey`, `lookupvalue`, `lookupdatatype`, `dynamicfieldname`, `builtinconstraints`, `domain`, `factsuperclass`) VALUES ('RULFACT-2486b0ca:146fff66c3e:-7b6a', 'BldgUse', 'Building Actual Use', 'rptis.bldg.facts.BldgUse', '3', NULL, 'BU', NULL, NULL, NULL, NULL, NULL, NULL, NULL, 'RPT', NULL);
INSERT INTO `sys_rule_fact` (`objid`, `name`, `title`, `factclass`, `sortorder`, `handler`, `defaultvarname`, `dynamic`, `lookuphandler`, `lookupkey`, `lookupvalue`, `lookupdatatype`, `dynamicfieldname`, `builtinconstraints`, `domain`, `factsuperclass`) VALUES ('RULFACT-2486b0ca:146fff66c3e:-7e0e', 'BldgStructure', 'Building Structure', 'rptis.bldg.facts.BldgStructure', '2', NULL, 'BS', NULL, NULL, NULL, NULL, NULL, NULL, NULL, 'RPT', NULL);
INSERT INTO `sys_rule_fact` (`objid`, `name`, `title`, `factclass`, `sortorder`, `handler`, `defaultvarname`, `dynamic`, `lookuphandler`, `lookupkey`, `lookupvalue`, `lookupdatatype`, `dynamicfieldname`, `builtinconstraints`, `domain`, `factsuperclass`) VALUES ('RULFACT-39192c48:1471ebc2797:-7faf', 'RPUAssessment', 'Assessment', 'rptis.facts.RPUAssessment', '80', NULL, 'RA', NULL, NULL, NULL, NULL, NULL, NULL, NULL, 'rpt', NULL);
INSERT INTO `sys_rule_fact` (`objid`, `name`, `title`, `factclass`, `sortorder`, `handler`, `defaultvarname`, `dynamic`, `lookuphandler`, `lookupkey`, `lookupvalue`, `lookupdatatype`, `dynamicfieldname`, `builtinconstraints`, `domain`, `factsuperclass`) VALUES ('RULFACT-79a9a347:15cfcae84de:-3956', 'variable', 'Building Variable', 'rptis.bldg.facts.BldgVariable', '35', NULL, 'BLDGVAR', NULL, NULL, NULL, NULL, NULL, NULL, NULL, 'rpt', NULL);
INSERT INTO `sys_rule_fact` (`objid`, `name`, `title`, `factclass`, `sortorder`, `handler`, `defaultvarname`, `dynamic`, `lookuphandler`, `lookupkey`, `lookupvalue`, `lookupdatatype`, `dynamicfieldname`, `builtinconstraints`, `domain`, `factsuperclass`) VALUES ('RULFACT1b4af871:14e3cc46e09:-34c1', 'miscvariable', 'System Variable', 'rptis.facts.RPTVariable', '1000', NULL, 'VAR', NULL, NULL, NULL, NULL, NULL, NULL, NULL, 'rpt', NULL);
INSERT INTO `sys_rule_fact` (`objid`, `name`, `title`, `factclass`, `sortorder`, `handler`, `defaultvarname`, `dynamic`, `lookuphandler`, `lookupkey`, `lookupvalue`, `lookupdatatype`, `dynamicfieldname`, `builtinconstraints`, `domain`, `factsuperclass`) VALUES ('RULFACT3afe51b9:146f7088d9c:-7eb6', 'RPU', 'RPU', 'rptis.facts.RPU', '-1', NULL, 'RPU', NULL, NULL, NULL, NULL, NULL, NULL, NULL, 'rpt', NULL);
INSERT INTO `sys_rule_fact` (`objid`, `name`, `title`, `factclass`, `sortorder`, `handler`, `defaultvarname`, `dynamic`, `lookuphandler`, `lookupkey`, `lookupvalue`, `lookupdatatype`, `dynamicfieldname`, `builtinconstraints`, `domain`, `factsuperclass`) VALUES ('RULFACT3e2b89cb:146ff734573:-7fcb', 'BldgRPU', 'Building RPU', 'rptis.bldg.facts.BldgRPU', '1', NULL, 'RPU', NULL, NULL, NULL, NULL, NULL, NULL, NULL, 'rpt', NULL);
INSERT INTO `sys_rule_fact` (`objid`, `name`, `title`, `factclass`, `sortorder`, `handler`, `defaultvarname`, `dynamic`, `lookuphandler`, `lookupkey`, `lookupvalue`, `lookupdatatype`, `dynamicfieldname`, `builtinconstraints`, `domain`, `factsuperclass`) VALUES ('RULFACT5b4ac915:147baaa06b4:-7146', 'classification', 'Classification', 'rptis.facts.Classification', '45', NULL, 'PC', NULL, NULL, NULL, NULL, NULL, NULL, NULL, 'RPT', NULL);
INSERT INTO `sys_rule_fact` (`objid`, `name`, `title`, `factclass`, `sortorder`, `handler`, `defaultvarname`, `dynamic`, `lookuphandler`, `lookupkey`, `lookupvalue`, `lookupdatatype`, `dynamicfieldname`, `builtinconstraints`, `domain`, `factsuperclass`) VALUES ('RULFACT-26aa09fd:1419696e71f:-7feb', 'bpapplication', 'BPApplication', 'bpls.facts.BPApplication', '2', NULL, NULL, NULL, NULL, NULL, NULL, NULL, NULL, NULL, 'bpls', NULL);
INSERT INTO `sys_rule_fact` (`objid`, `name`, `title`, `factclass`, `sortorder`, `handler`, `defaultvarname`, `dynamic`, `lookuphandler`, `lookupkey`, `lookupvalue`, `lookupdatatype`, `dynamicfieldname`, `builtinconstraints`, `domain`, `factsuperclass`) VALUES ('RULFACT-76732870:14196dc4027:-7f87', 'lob', 'Line of Business', 'bpls.facts.LOB', '3', NULL, 'LOB', NULL, NULL, NULL, NULL, NULL, NULL, NULL, 'bpls', NULL);
INSERT INTO `sys_rule_fact` (`objid`, `name`, `title`, `factclass`, `sortorder`, `handler`, `defaultvarname`, `dynamic`, `lookuphandler`, `lookupkey`, `lookupvalue`, `lookupdatatype`, `dynamicfieldname`, `builtinconstraints`, `domain`, `factsuperclass`) VALUES ('RULFACT-bad19b4:141f3c18435:-7fa9', 'businessinfo', 'Business Info', 'bpls.facts.BusinessInfo', '4', NULL, NULL, '1', 'businessvariable:lookup', 'objid', 'name', 'datatype', 'name', NULL, 'bpls', NULL);
INSERT INTO `sys_rule_fact` (`objid`, `name`, `title`, `factclass`, `sortorder`, `handler`, `defaultvarname`, `dynamic`, `lookuphandler`, `lookupkey`, `lookupvalue`, `lookupdatatype`, `dynamicfieldname`, `builtinconstraints`, `domain`, `factsuperclass`) VALUES ('RULFACT2e8bac67:1422b41d3b3:-7f64', 'CurrentDate', 'Current Date', 'CurrentDate', '0', NULL, NULL, NULL, NULL, NULL, NULL, NULL, NULL, NULL, 'bpls', NULL);
INSERT INTO `sys_rule_fact` (`objid`, `name`, `title`, `factclass`, `sortorder`, `handler`, `defaultvarname`, `dynamic`, `lookuphandler`, `lookupkey`, `lookupvalue`, `lookupdatatype`, `dynamicfieldname`, `builtinconstraints`, `domain`, `factsuperclass`) VALUES ('RULFACT3a2b180:142b73535d5:-7fb1', 'LateRenewal', 'Late Renewal', 'bpls.facts.LateRenewal', '20', NULL, 'LateRenewal', NULL, NULL, NULL, NULL, NULL, NULL, NULL, 'bpls', NULL);
INSERT INTO `sys_rule_fact` (`objid`, `name`, `title`, `factclass`, `sortorder`, `handler`, `defaultvarname`, `dynamic`, `lookuphandler`, `lookupkey`, `lookupvalue`, `lookupdatatype`, `dynamicfieldname`, `builtinconstraints`, `domain`, `factsuperclass`) VALUES ('RULFACT4a03cdfb:141f9a6dc3c:-784a', 'sysvariable', 'Sys Variable', 'bpls.facts.SysVariable', '10', NULL, NULL, '1', 'bpassessment_sysvar:lookup', 'name', 'name', 'datatype', 'name', NULL, 'bpls', NULL);
INSERT INTO `sys_rule_fact` (`objid`, `name`, `title`, `factclass`, `sortorder`, `handler`, `defaultvarname`, `dynamic`, `lookuphandler`, `lookupkey`, `lookupvalue`, `lookupdatatype`, `dynamicfieldname`, `builtinconstraints`, `domain`, `factsuperclass`) VALUES ('RULFACT4ca00100:141fe894560:-7d8e', 'othercharge', 'Other Charge Account', 'bpls.facts.TaxFeeAccount', '7', NULL, 'OC', NULL, NULL, NULL, NULL, NULL, NULL, 'type==\"OTHERCHARGE\"', 'bpls', NULL);
INSERT INTO `sys_rule_fact` (`objid`, `name`, `title`, `factclass`, `sortorder`, `handler`, `defaultvarname`, `dynamic`, `lookuphandler`, `lookupkey`, `lookupvalue`, `lookupdatatype`, `dynamicfieldname`, `builtinconstraints`, `domain`, `factsuperclass`) VALUES ('RULFACT4ca00100:141fe894560:-7e3f', 'regfee', 'Regulatory Fee Account', 'bpls.facts.TaxFeeAccount', '6', NULL, 'RF', NULL, NULL, NULL, NULL, NULL, NULL, 'type == \"REGFEE\"', 'bpls', NULL);
INSERT INTO `sys_rule_fact` (`objid`, `name`, `title`, `factclass`, `sortorder`, `handler`, `defaultvarname`, `dynamic`, `lookuphandler`, `lookupkey`, `lookupvalue`, `lookupdatatype`, `dynamicfieldname`, `builtinconstraints`, `domain`, `factsuperclass`) VALUES ('RULFACT682fd2e6:145de99014c:-7f3e', 'BusinessLocation', 'Business Location', 'bpls.facts.BusinessLocation', '0', NULL, NULL, NULL, NULL, NULL, NULL, NULL, NULL, NULL, 'bpls', NULL);
INSERT INTO `sys_rule_fact` (`objid`, `name`, `title`, `factclass`, `sortorder`, `handler`, `defaultvarname`, `dynamic`, `lookuphandler`, `lookupkey`, `lookupvalue`, `lookupdatatype`, `dynamicfieldname`, `builtinconstraints`, `domain`, `factsuperclass`) VALUES ('RULFACT72bb01b1:141b1fdca80:-7f86', 'businesstax', 'Business Tax Account', 'bpls.facts.TaxFeeAccount', '5', NULL, 'BT', NULL, NULL, NULL, NULL, NULL, NULL, 'type == \"TAX\"', 'bpls', NULL);
INSERT INTO `sys_rule_fact` (`objid`, `name`, `title`, `factclass`, `sortorder`, `handler`, `defaultvarname`, `dynamic`, `lookuphandler`, `lookupkey`, `lookupvalue`, `lookupdatatype`, `dynamicfieldname`, `builtinconstraints`, `domain`, `factsuperclass`) VALUES ('RULFACT-1f3e2b64:14230dd8f62:-7dd8', 'othercharge', 'Other Charge Bill Item', 'bpls.facts.BillItem', '8', NULL, 'OC', NULL, NULL, NULL, NULL, NULL, NULL, 'type == \"OTHERCHARGE\"', 'bpls', NULL);
INSERT INTO `sys_rule_fact` (`objid`, `name`, `title`, `factclass`, `sortorder`, `handler`, `defaultvarname`, `dynamic`, `lookuphandler`, `lookupkey`, `lookupvalue`, `lookupdatatype`, `dynamicfieldname`, `builtinconstraints`, `domain`, `factsuperclass`) VALUES ('RULFACT-1f3e2b64:14230dd8f62:-7e29', 'regfee', 'Regulatory Fee Bill Item', 'bpls.facts.BillItem', '7', NULL, 'RF', NULL, NULL, NULL, NULL, NULL, NULL, 'type == \"REGFEE\"', 'bpls', NULL);
INSERT INTO `sys_rule_fact` (`objid`, `name`, `title`, `factclass`, `sortorder`, `handler`, `defaultvarname`, `dynamic`, `lookuphandler`, `lookupkey`, `lookupvalue`, `lookupdatatype`, `dynamicfieldname`, `builtinconstraints`, `domain`, `factsuperclass`) VALUES ('RULFACT-1f3e2b64:14230dd8f62:-7eb6', 'businesstax', 'Business Tax Bill Item', 'bpls.facts.BillItem', '6', NULL, 'BT', NULL, NULL, NULL, NULL, NULL, NULL, 'type == \"TAX\"', 'bpls', NULL);
INSERT INTO `sys_rule_fact` (`objid`, `name`, `title`, `factclass`, `sortorder`, `handler`, `defaultvarname`, `dynamic`, `lookuphandler`, `lookupkey`, `lookupvalue`, `lookupdatatype`, `dynamicfieldname`, `builtinconstraints`, `domain`, `factsuperclass`) VALUES ('RULFACT-46f22f55:14231734d86:-7eca', 'BillDate', 'Bill Date', 'bpls.facts.BillDate', '1', NULL, NULL, NULL, NULL, NULL, NULL, NULL, NULL, NULL, 'bpls', NULL);
INSERT INTO `sys_rule_fact` (`objid`, `name`, `title`, `factclass`, `sortorder`, `handler`, `defaultvarname`, `dynamic`, `lookuphandler`, `lookupkey`, `lookupvalue`, `lookupdatatype`, `dynamicfieldname`, `builtinconstraints`, `domain`, `factsuperclass`) VALUES ('RULFACT-fd57605:142324ab5d2:-7f33', 'qtrdate', 'Qtr Date', 'bpls.facts.QtrDeadline', '0', NULL, NULL, NULL, NULL, NULL, NULL, NULL, NULL, NULL, 'bpls', NULL);
INSERT INTO `sys_rule_fact` (`objid`, `name`, `title`, `factclass`, `sortorder`, `handler`, `defaultvarname`, `dynamic`, `lookuphandler`, `lookupkey`, `lookupvalue`, `lookupdatatype`, `dynamicfieldname`, `builtinconstraints`, `domain`, `factsuperclass`) VALUES ('RULFACT-fd840f:146ad32de46:-735f', 'excess', 'Excess Payment', 'bpls.facts.ExcessPayment', '0', NULL, 'EXCESS', NULL, NULL, NULL, NULL, NULL, NULL, NULL, 'bpls', NULL);
INSERT INTO `sys_rule_fact` (`objid`, `name`, `title`, `factclass`, `sortorder`, `handler`, `defaultvarname`, `dynamic`, `lookuphandler`, `lookupkey`, `lookupvalue`, `lookupdatatype`, `dynamicfieldname`, `builtinconstraints`, `domain`, `factsuperclass`) VALUES ('RULFACT7ee0ab5e:141b6a15885:-7ff1', 'Ledger', 'Business Ledger', 'BPLedger', '1', NULL, NULL, NULL, NULL, NULL, NULL, NULL, NULL, NULL, 'RPT', NULL);
INSERT INTO `sys_rule_fact` (`objid`, `name`, `title`, `factclass`, `sortorder`, `handler`, `defaultvarname`, `dynamic`, `lookuphandler`, `lookupkey`, `lookupvalue`, `lookupdatatype`, `dynamicfieldname`, `builtinconstraints`, `domain`, `factsuperclass`) VALUES ('RULFACTe058e4:1481f37895f:-720c', 'billitem', 'BillItem', 'bpls.facts.BillItem', '9', NULL, 'BILLITEM', NULL, NULL, NULL, NULL, NULL, NULL, NULL, 'bpls', NULL);
INSERT INTO `sys_rule_fact` (`objid`, `name`, `title`, `factclass`, `sortorder`, `handler`, `defaultvarname`, `dynamic`, `lookuphandler`, `lookupkey`, `lookupvalue`, `lookupdatatype`, `dynamicfieldname`, `builtinconstraints`, `domain`, `factsuperclass`) VALUES ('RULFACT-5e76cf73:14d69e9c549:-7f07', 'LandAdjustment', 'Adjustment', 'rptis.land.facts.LandAdjustment', '6', NULL, 'ADJ', NULL, NULL, NULL, NULL, NULL, NULL, NULL, 'RPT', NULL);
INSERT INTO `sys_rule_fact` (`objid`, `name`, `title`, `factclass`, `sortorder`, `handler`, `defaultvarname`, `dynamic`, `lookuphandler`, `lookupkey`, `lookupvalue`, `lookupdatatype`, `dynamicfieldname`, `builtinconstraints`, `domain`, `factsuperclass`) VALUES ('RULFACT3afe51b9:146f7088d9c:-7db1', 'LandDetail', 'Appraisal', 'rptis.land.facts.LandDetail', '2', NULL, 'LA', NULL, NULL, NULL, NULL, NULL, NULL, NULL, 'rpt', NULL);
INSERT INTO `sys_rule_fact` (`objid`, `name`, `title`, `factclass`, `sortorder`, `handler`, `defaultvarname`, `dynamic`, `lookuphandler`, `lookupkey`, `lookupvalue`, `lookupdatatype`, `dynamicfieldname`, `builtinconstraints`, `domain`, `factsuperclass`) VALUES ('RULFACT1e772168:14c5a447e35:-7f78', 'MachineDetail', 'Machine', 'rptis.mach.facts.MachineDetail', '2', NULL, 'MACH', NULL, NULL, NULL, NULL, NULL, NULL, NULL, 'rpt', NULL);
INSERT INTO `sys_rule_fact` (`objid`, `name`, `title`, `factclass`, `sortorder`, `handler`, `defaultvarname`, `dynamic`, `lookuphandler`, `lookupkey`, `lookupvalue`, `lookupdatatype`, `dynamicfieldname`, `builtinconstraints`, `domain`, `factsuperclass`) VALUES ('RULFACT1e772168:14c5a447e35:-7fd5', 'MachineActualUse', 'Actual Use', 'rptis.mach.facts.MachineActualUse', '3', NULL, 'MAU', NULL, NULL, NULL, NULL, NULL, NULL, NULL, 'rpt', NULL);
INSERT INTO `sys_rule_fact` (`objid`, `name`, `title`, `factclass`, `sortorder`, `handler`, `defaultvarname`, `dynamic`, `lookuphandler`, `lookupkey`, `lookupvalue`, `lookupdatatype`, `dynamicfieldname`, `builtinconstraints`, `domain`, `factsuperclass`) VALUES ('RULFACT1b4af871:14e3cc46e09:-36aa', 'MiscRPU', 'Miscellaneous RPU', 'rptis.misc.facts.MiscRPU', '0', NULL, 'MRPU', NULL, NULL, NULL, NULL, NULL, NULL, NULL, 'RPT', NULL);
INSERT INTO `sys_rule_fact` (`objid`, `name`, `title`, `factclass`, `sortorder`, `handler`, `defaultvarname`, `dynamic`, `lookuphandler`, `lookupkey`, `lookupvalue`, `lookupdatatype`, `dynamicfieldname`, `builtinconstraints`, `domain`, `factsuperclass`) VALUES ('RULFACT59614e16:14c5e56ecc8:-7fd1', 'MiscItem', 'Miscellaneous Item', 'rptis.misc.facts.MiscItem', '1', NULL, 'MI', NULL, NULL, NULL, NULL, NULL, NULL, NULL, 'RPT', NULL);
INSERT INTO `sys_rule_fact` (`objid`, `name`, `title`, `factclass`, `sortorder`, `handler`, `defaultvarname`, `dynamic`, `lookuphandler`, `lookupkey`, `lookupvalue`, `lookupdatatype`, `dynamicfieldname`, `builtinconstraints`, `domain`, `factsuperclass`) VALUES ('RULFACT6b62feef:14c53ac1f59:-7f69', 'PlantTreeDetail', 'Plant/Tree Appraisal', 'rptis.planttree.facts.PlantTreeDetail', '1', NULL, 'PTD', NULL, NULL, NULL, NULL, NULL, NULL, NULL, 'RPT', NULL);
INSERT INTO `sys_rule_fact` (`objid`, `name`, `title`, `factclass`, `sortorder`, `handler`, `defaultvarname`, `dynamic`, `lookuphandler`, `lookupkey`, `lookupvalue`, `lookupdatatype`, `dynamicfieldname`, `builtinconstraints`, `domain`, `factsuperclass`) VALUES ('com.rameses.rules.common.CurrentDate', 'com.rameses.rules.common.CurrentDate', 'Current Date', 'com.rameses.rules.common.CurrentDate', '0', NULL, NULL, NULL, NULL, NULL, NULL, NULL, NULL, NULL, 'SYSTEM', NULL);
INSERT INTO `sys_rule_fact` (`objid`, `name`, `title`, `factclass`, `sortorder`, `handler`, `defaultvarname`, `dynamic`, `lookuphandler`, `lookupkey`, `lookupvalue`, `lookupdatatype`, `dynamicfieldname`, `builtinconstraints`, `domain`, `factsuperclass`) VALUES ('enterprise.facts.DateInfo', 'enterprise.facts.DateInfo', 'Date Info', 'enterprise.facts.DateInfo', '0', NULL, NULL, NULL, NULL, NULL, NULL, NULL, NULL, NULL, 'ENTERPRISE', 'enterprise.facts.VariableInfo');
INSERT INTO `sys_rule_fact` (`objid`, `name`, `title`, `factclass`, `sortorder`, `handler`, `defaultvarname`, `dynamic`, `lookuphandler`, `lookupkey`, `lookupvalue`, `lookupdatatype`, `dynamicfieldname`, `builtinconstraints`, `domain`, `factsuperclass`) VALUES ('enterprise.facts.Org', 'enterprise.facts.Org', 'Org', 'enterprise.facts.Org', '1', NULL, 'ORG', NULL, NULL, NULL, NULL, NULL, NULL, NULL, 'ENTERPRISE', NULL);
INSERT INTO `sys_rule_fact` (`objid`, `name`, `title`, `factclass`, `sortorder`, `handler`, `defaultvarname`, `dynamic`, `lookuphandler`, `lookupkey`, `lookupvalue`, `lookupdatatype`, `dynamicfieldname`, `builtinconstraints`, `domain`, `factsuperclass`) VALUES ('treasury.facts.BillItem', 'treasury.facts.BillItem', 'Bill Item', 'treasury.facts.BillItem', '1', NULL, 'BILLITEM', NULL, NULL, NULL, NULL, NULL, NULL, NULL, 'TREASURY', 'treasury.facts.AbstractBillItem');
INSERT INTO `sys_rule_fact` (`objid`, `name`, `title`, `factclass`, `sortorder`, `handler`, `defaultvarname`, `dynamic`, `lookuphandler`, `lookupkey`, `lookupvalue`, `lookupdatatype`, `dynamicfieldname`, `builtinconstraints`, `domain`, `factsuperclass`) VALUES ('treasury.facts.CollectionGroup', 'treasury.facts.CollectionGroup', 'Collection Group', 'treasury.facts.CollectionGroup', '0', NULL, 'CG', NULL, NULL, NULL, NULL, NULL, NULL, NULL, 'TREASURY', NULL);
INSERT INTO `sys_rule_fact` (`objid`, `name`, `title`, `factclass`, `sortorder`, `handler`, `defaultvarname`, `dynamic`, `lookuphandler`, `lookupkey`, `lookupvalue`, `lookupdatatype`, `dynamicfieldname`, `builtinconstraints`, `domain`, `factsuperclass`) VALUES ('treasury.facts.RevenueShare', 'treasury.facts.RevenueShare', 'Revenue Share', 'treasury.facts.RevenueShare', '1', NULL, 'RS', NULL, NULL, NULL, NULL, NULL, NULL, NULL, 'TREASURY', NULL);
INSERT INTO `sys_rule_fact` (`objid`, `name`, `title`, `factclass`, `sortorder`, `handler`, `defaultvarname`, `dynamic`, `lookuphandler`, `lookupkey`, `lookupvalue`, `lookupdatatype`, `dynamicfieldname`, `builtinconstraints`, `domain`, `factsuperclass`) VALUES ('rptis.landtax.facts.Bill', 'rptis.landtax.facts.Bill', 'Bill', 'rptis.landtax.facts.Bill', '2', NULL, 'BILL', NULL, NULL, NULL, NULL, NULL, NULL, NULL, 'landtax', NULL);
INSERT INTO `sys_rule_fact` (`objid`, `name`, `title`, `factclass`, `sortorder`, `handler`, `defaultvarname`, `dynamic`, `lookuphandler`, `lookupkey`, `lookupvalue`, `lookupdatatype`, `dynamicfieldname`, `builtinconstraints`, `domain`, `factsuperclass`) VALUES ('RULFACT-16b3898d:15d15d43bd3:-55bb', 'rptincentive', 'Incentive', 'rptis.landtax.facts.RPTIncentive', '10', NULL, 'INCENTIVE', NULL, NULL, NULL, NULL, NULL, NULL, NULL, 'landtax', NULL);
INSERT INTO `sys_rule_fact` (`objid`, `name`, `title`, `factclass`, `sortorder`, `handler`, `defaultvarname`, `dynamic`, `lookuphandler`, `lookupkey`, `lookupvalue`, `lookupdatatype`, `dynamicfieldname`, `builtinconstraints`, `domain`, `factsuperclass`) VALUES ('RULFACT-78fba29f:161df51b937:-77bb', 'RPTBillItem', 'Bill Item', 'rptis.landtax.facts.RPTBillItem', '3', NULL, 'BILLITEM', NULL, NULL, NULL, NULL, NULL, NULL, NULL, 'landtax', NULL);
INSERT INTO `sys_rule_fact` (`objid`, `name`, `title`, `factclass`, `sortorder`, `handler`, `defaultvarname`, `dynamic`, `lookuphandler`, `lookupkey`, `lookupvalue`, `lookupdatatype`, `dynamicfieldname`, `builtinconstraints`, `domain`, `factsuperclass`) VALUES ('RULFACT1be07afa:1452a9809e9:-731e', 'RPTLedgerTaxSummaryFact', 'Tax Summary', 'rptis.landtax.facts.RPTLedgerTaxSummaryFact', '21', NULL, 'RLTS', NULL, '', '', '', '', '', NULL, 'landtax', NULL);
INSERT INTO `sys_rule_fact` (`objid`, `name`, `title`, `factclass`, `sortorder`, `handler`, `defaultvarname`, `dynamic`, `lookuphandler`, `lookupkey`, `lookupvalue`, `lookupdatatype`, `dynamicfieldname`, `builtinconstraints`, `domain`, `factsuperclass`) VALUES ('RULFACT357018a9:1452a5dcbf7:-793b', 'ShareFact', 'Share', 'rptis.landtax.facts.ShareFact', '50', NULL, 'LSH', NULL, '', '', '', '', '', NULL, 'landtax', NULL);
INSERT INTO `sys_rule_fact` (`objid`, `name`, `title`, `factclass`, `sortorder`, `handler`, `defaultvarname`, `dynamic`, `lookuphandler`, `lookupkey`, `lookupvalue`, `lookupdatatype`, `dynamicfieldname`, `builtinconstraints`, `domain`, `factsuperclass`) VALUES ('RULFACT49ae4bad:141e3b6758c:-7ba3', 'currentdate', 'Current Date', 'CurrentDate', '1', '', '', NULL, '', '', '', '', '', '', 'LANDTAX', NULL);
INSERT INTO `sys_rule_fact` (`objid`, `name`, `title`, `factclass`, `sortorder`, `handler`, `defaultvarname`, `dynamic`, `lookuphandler`, `lookupkey`, `lookupvalue`, `lookupdatatype`, `dynamicfieldname`, `builtinconstraints`, `domain`, `factsuperclass`) VALUES ('RULFACT547c5381:1451ae1cd9c:-7933', 'rptledgeritem', 'Ledger Item', 'rptis.landtax.facts.RPTLedgerItemFact', '6', NULL, 'RLI', NULL, '', '', '', '', '', NULL, 'landtax', NULL);
INSERT INTO `sys_rule_fact` (`objid`, `name`, `title`, `factclass`, `sortorder`, `handler`, `defaultvarname`, `dynamic`, `lookuphandler`, `lookupkey`, `lookupvalue`, `lookupdatatype`, `dynamicfieldname`, `builtinconstraints`, `domain`, `factsuperclass`) VALUES ('RULFACT547c5381:1451ae1cd9c:-798f', 'rptledger', 'Ledger', 'rptis.landtax.facts.RPTLedgerFact', '5', NULL, 'RL', '0', '', '', '', '', '', NULL, 'landtax', NULL);
INSERT INTO `sys_rule_fact` (`objid`, `name`, `title`, `factclass`, `sortorder`, `handler`, `defaultvarname`, `dynamic`, `lookuphandler`, `lookupkey`, `lookupvalue`, `lookupdatatype`, `dynamicfieldname`, `builtinconstraints`, `domain`, `factsuperclass`) VALUES ('RULFACT-5ed6c5b0:16145892be0:-7d9c', 'AssessedValue', 'Assessed Value', 'rptis.landtax.facts.AssessedValue', '2', NULL, 'AVINFO', NULL, NULL, NULL, NULL, NULL, NULL, NULL, 'landtax', NULL);
INSERT INTO `sys_rule_fact` (`objid`, `name`, `title`, `factclass`, `sortorder`, `handler`, `defaultvarname`, `dynamic`, `lookuphandler`, `lookupkey`, `lookupvalue`, `lookupdatatype`, `dynamicfieldname`, `builtinconstraints`, `domain`, `factsuperclass`) VALUES ('RULFACT-6d782e97:161e4c91fda:-3f40', 'Classification', 'Classification', 'rptis.landtax.facts.Classification', '0', NULL, 'CLASS', NULL, NULL, NULL, NULL, NULL, NULL, NULL, 'landtax', NULL);
INSERT INTO `sys_rule_fact` (`objid`, `name`, `title`, `factclass`, `sortorder`, `handler`, `defaultvarname`, `dynamic`, `lookuphandler`, `lookupkey`, `lookupvalue`, `lookupdatatype`, `dynamicfieldname`, `builtinconstraints`, `domain`, `factsuperclass`) VALUES ('RULFACT-245f3fbb:14f9b505a11:-7f93', 'TxnAttributeFact', 'TxnAttributeFact', 'TxnAttributeFact', '1', NULL, NULL, NULL, NULL, NULL, NULL, NULL, NULL, NULL, 'RPT', NULL);
INSERT INTO `sys_rule_fact` (`objid`, `name`, `title`, `factclass`, `sortorder`, `handler`, `defaultvarname`, `dynamic`, `lookuphandler`, `lookupkey`, `lookupvalue`, `lookupdatatype`, `dynamicfieldname`, `builtinconstraints`, `domain`, `factsuperclass`) VALUES ('RULFACT6d66cc31:1446cc9522e:-7ee1', 'RPTTxnInfoFact', 'RPTTxnInfoFact', 'RPTTxnInfoFact', '0', NULL, NULL, NULL, NULL, NULL, NULL, NULL, NULL, NULL, 'RPT', NULL);

INSERT INTO `sys_rule_fact_field` (`objid`, `parentid`, `name`, `title`, `datatype`, `sortorder`, `handler`, `lookuphandler`, `lookupkey`, `lookupvalue`, `lookupdatatype`, `multivalued`, `required`, `vardatatype`, `lovname`) VALUES ('FACTFLD-2486b0ca:146fff66c3e:-5751', 'RULFACT-2486b0ca:146fff66c3e:-57b0', 'value', 'Value', 'decimal', '3', 'decimal', NULL, NULL, NULL, NULL, NULL, NULL, 'decimal', NULL);
INSERT INTO `sys_rule_fact_field` (`objid`, `parentid`, `name`, `title`, `datatype`, `sortorder`, `handler`, `lookuphandler`, `lookupkey`, `lookupvalue`, `lookupdatatype`, `multivalued`, `required`, `vardatatype`, `lovname`) VALUES ('FACTFLD102ab3e1:147190e9fe4:-56af', 'RULFACT-2486b0ca:146fff66c3e:-57b0', 'bldguse', 'Building Actual Use', 'string', '1', 'var', NULL, NULL, NULL, NULL, NULL, NULL, 'rptis.bldg.facts.BldgUse', NULL);
INSERT INTO `sys_rule_fact_field` (`objid`, `parentid`, `name`, `title`, `datatype`, `sortorder`, `handler`, `lookuphandler`, `lookupkey`, `lookupvalue`, `lookupdatatype`, `multivalued`, `required`, `vardatatype`, `lovname`) VALUES ('FACTFLD1441128c:1471efa4c1c:-75ab', 'RULFACT-2486b0ca:146fff66c3e:-57b0', 'varid', 'Variable Name', 'string', '2', 'lookup', 'rptparameter:lookup', 'objid', 'name', NULL, NULL, NULL, 'string', NULL);
INSERT INTO `sys_rule_fact_field` (`objid`, `parentid`, `name`, `title`, `datatype`, `sortorder`, `handler`, `lookuphandler`, `lookupkey`, `lookupvalue`, `lookupdatatype`, `multivalued`, `required`, `vardatatype`, `lovname`) VALUES ('FACTFLD-1be9605b:1561ac64a9e:-7ce0', 'RULFACT-2486b0ca:146fff66c3e:-711c', 'depreciate', 'Depreciate?', 'boolean', '6', 'boolean', NULL, NULL, NULL, NULL, NULL, NULL, 'boolean', NULL);
INSERT INTO `sys_rule_fact_field` (`objid`, `parentid`, `name`, `title`, `datatype`, `sortorder`, `handler`, `lookuphandler`, `lookupkey`, `lookupvalue`, `lookupdatatype`, `multivalued`, `required`, `vardatatype`, `lovname`) VALUES ('FACTFLD-2486b0ca:146fff66c3e:-70e6', 'RULFACT-2486b0ca:146fff66c3e:-711c', 'amount', 'Amount', 'decimal', '5', 'decimal', NULL, NULL, NULL, NULL, NULL, NULL, 'decimal', NULL);
INSERT INTO `sys_rule_fact_field` (`objid`, `parentid`, `name`, `title`, `datatype`, `sortorder`, `handler`, `lookuphandler`, `lookupkey`, `lookupvalue`, `lookupdatatype`, `multivalued`, `required`, `vardatatype`, `lovname`) VALUES ('FACTFLD-2486b0ca:146fff66c3e:-70f0', 'RULFACT-2486b0ca:146fff66c3e:-711c', 'adjtype', 'Adjustment Type', 'string', '4', 'lov', NULL, NULL, NULL, NULL, NULL, NULL, 'string', 'RPT_BLDG_ADJUSTMENT_TYPES');
INSERT INTO `sys_rule_fact_field` (`objid`, `parentid`, `name`, `title`, `datatype`, `sortorder`, `handler`, `lookuphandler`, `lookupkey`, `lookupvalue`, `lookupdatatype`, `multivalued`, `required`, `vardatatype`, `lovname`) VALUES ('FACTFLD-2486b0ca:146fff66c3e:-7104', 'RULFACT-2486b0ca:146fff66c3e:-711c', 'bldgfloor', 'Building Floor', 'string', '2', 'var', NULL, NULL, NULL, NULL, NULL, '1', 'rptis.bldg.facts.BldgFloor', NULL);
INSERT INTO `sys_rule_fact_field` (`objid`, `parentid`, `name`, `title`, `datatype`, `sortorder`, `handler`, `lookuphandler`, `lookupkey`, `lookupvalue`, `lookupdatatype`, `multivalued`, `required`, `vardatatype`, `lovname`) VALUES ('FACTFLD102ab3e1:147190e9fe4:-66be', 'RULFACT-2486b0ca:146fff66c3e:-711c', 'bldguse', 'Building Actual Use', 'string', '1', 'var', NULL, NULL, NULL, NULL, NULL, NULL, 'rptis.bldg.facts.BldgUse', NULL);
INSERT INTO `sys_rule_fact_field` (`objid`, `parentid`, `name`, `title`, `datatype`, `sortorder`, `handler`, `lookuphandler`, `lookupkey`, `lookupvalue`, `lookupdatatype`, `multivalued`, `required`, `vardatatype`, `lovname`) VALUES ('FACTFLD1cb5fe2e:14cdb1a6034:-4308', 'RULFACT-2486b0ca:146fff66c3e:-711c', 'additionalitemcode', 'Adjustment Code', 'string', '3', 'string', 'bldgadditionalitem:lookup', 'objid', 'name', NULL, NULL, '0', 'string', NULL);
INSERT INTO `sys_rule_fact_field` (`objid`, `parentid`, `name`, `title`, `datatype`, `sortorder`, `handler`, `lookuphandler`, `lookupkey`, `lookupvalue`, `lookupdatatype`, `multivalued`, `required`, `vardatatype`, `lovname`) VALUES ('FACTFLD-2486b0ca:146fff66c3e:-7a4a', 'RULFACT-2486b0ca:146fff66c3e:-7ad1', 'storeyrate', 'Storey Adjustment', 'decimal', '9', 'decimal', NULL, NULL, NULL, NULL, NULL, NULL, 'decimal', NULL);
INSERT INTO `sys_rule_fact_field` (`objid`, `parentid`, `name`, `title`, `datatype`, `sortorder`, `handler`, `lookuphandler`, `lookupkey`, `lookupvalue`, `lookupdatatype`, `multivalued`, `required`, `vardatatype`, `lovname`) VALUES ('FACTFLD-2486b0ca:146fff66c3e:-7a55', 'RULFACT-2486b0ca:146fff66c3e:-7ad1', 'marketvalue', 'Market Value', 'decimal', '8', 'decimal', NULL, NULL, NULL, NULL, NULL, NULL, 'decimal', NULL);
INSERT INTO `sys_rule_fact_field` (`objid`, `parentid`, `name`, `title`, `datatype`, `sortorder`, `handler`, `lookuphandler`, `lookupkey`, `lookupvalue`, `lookupdatatype`, `multivalued`, `required`, `vardatatype`, `lovname`) VALUES ('FACTFLD-2486b0ca:146fff66c3e:-7a60', 'RULFACT-2486b0ca:146fff66c3e:-7ad1', 'adjustment', 'Adjustment', 'decimal', '7', 'decimal', NULL, NULL, NULL, NULL, NULL, NULL, 'decimal', NULL);
INSERT INTO `sys_rule_fact_field` (`objid`, `parentid`, `name`, `title`, `datatype`, `sortorder`, `handler`, `lookuphandler`, `lookupkey`, `lookupvalue`, `lookupdatatype`, `multivalued`, `required`, `vardatatype`, `lovname`) VALUES ('FACTFLD-2486b0ca:146fff66c3e:-7a6b', 'RULFACT-2486b0ca:146fff66c3e:-7ad1', 'basemarketvalue', 'Base Market Value', 'decimal', '6', 'decimal', NULL, NULL, NULL, NULL, NULL, NULL, 'decimal', NULL);
INSERT INTO `sys_rule_fact_field` (`objid`, `parentid`, `name`, `title`, `datatype`, `sortorder`, `handler`, `lookuphandler`, `lookupkey`, `lookupvalue`, `lookupdatatype`, `multivalued`, `required`, `vardatatype`, `lovname`) VALUES ('FACTFLD-2486b0ca:146fff66c3e:-7a76', 'RULFACT-2486b0ca:146fff66c3e:-7ad1', 'unitvalue', 'Unit Value', 'decimal', '5', 'decimal', NULL, NULL, NULL, NULL, NULL, NULL, 'decimal', NULL);
INSERT INTO `sys_rule_fact_field` (`objid`, `parentid`, `name`, `title`, `datatype`, `sortorder`, `handler`, `lookuphandler`, `lookupkey`, `lookupvalue`, `lookupdatatype`, `multivalued`, `required`, `vardatatype`, `lovname`) VALUES ('FACTFLD-2486b0ca:146fff66c3e:-7a81', 'RULFACT-2486b0ca:146fff66c3e:-7ad1', 'basevalue', 'Base Value', 'decimal', '4', 'decimal', NULL, NULL, NULL, NULL, NULL, NULL, 'decimal', NULL);
INSERT INTO `sys_rule_fact_field` (`objid`, `parentid`, `name`, `title`, `datatype`, `sortorder`, `handler`, `lookuphandler`, `lookupkey`, `lookupvalue`, `lookupdatatype`, `multivalued`, `required`, `vardatatype`, `lovname`) VALUES ('FACTFLD-2486b0ca:146fff66c3e:-7a99', 'RULFACT-2486b0ca:146fff66c3e:-7ad1', 'area', 'Area', 'decimal', '3', 'decimal', NULL, NULL, NULL, NULL, NULL, NULL, 'decimal', NULL);
INSERT INTO `sys_rule_fact_field` (`objid`, `parentid`, `name`, `title`, `datatype`, `sortorder`, `handler`, `lookuphandler`, `lookupkey`, `lookupvalue`, `lookupdatatype`, `multivalued`, `required`, `vardatatype`, `lovname`) VALUES ('FACTFLD-2486b0ca:146fff66c3e:-7aa6', 'RULFACT-2486b0ca:146fff66c3e:-7ad1', 'bldguse', 'Building Actual Use', 'string', '2', 'var', NULL, NULL, NULL, NULL, NULL, NULL, 'rptis.bldg.facts.BldgUse', NULL);
INSERT INTO `sys_rule_fact_field` (`objid`, `parentid`, `name`, `title`, `datatype`, `sortorder`, `handler`, `lookuphandler`, `lookupkey`, `lookupvalue`, `lookupdatatype`, `multivalued`, `required`, `vardatatype`, `lovname`) VALUES ('FACTFLD-7530836f:1508909e112:-7693', 'RULFACT-2486b0ca:146fff66c3e:-7ad1', 'objid', 'Objid', 'string', '1', 'string', NULL, NULL, NULL, NULL, NULL, NULL, 'string', NULL);
INSERT INTO `sys_rule_fact_field` (`objid`, `parentid`, `name`, `title`, `datatype`, `sortorder`, `handler`, `lookuphandler`, `lookupkey`, `lookupvalue`, `lookupdatatype`, `multivalued`, `required`, `vardatatype`, `lovname`) VALUES ('FACTFLD-1be9605b:1561ac64a9e:-7d39', 'RULFACT-2486b0ca:146fff66c3e:-7b6a', 'adjfordepreciation', 'Adjustment for Depreciation', 'decimal', '15', 'decimal', NULL, NULL, NULL, NULL, NULL, NULL, 'decimal', NULL);
INSERT INTO `sys_rule_fact_field` (`objid`, `parentid`, `name`, `title`, `datatype`, `sortorder`, `handler`, `lookuphandler`, `lookupkey`, `lookupvalue`, `lookupdatatype`, `multivalued`, `required`, `vardatatype`, `lovname`) VALUES ('FACTFLD-2486b0ca:146fff66c3e:-78af', 'RULFACT-2486b0ca:146fff66c3e:-7b6a', 'fixrate', 'Fix Rate Assess Level?', 'boolean', '11', 'boolean', NULL, NULL, NULL, NULL, NULL, NULL, 'boolean', NULL);
INSERT INTO `sys_rule_fact_field` (`objid`, `parentid`, `name`, `title`, `datatype`, `sortorder`, `handler`, `lookuphandler`, `lookupkey`, `lookupvalue`, `lookupdatatype`, `multivalued`, `required`, `vardatatype`, `lovname`) VALUES ('FACTFLD-2486b0ca:146fff66c3e:-7b08', 'RULFACT-2486b0ca:146fff66c3e:-7b6a', 'assessedvalue', 'Assess Value', 'decimal', '10', 'decimal', NULL, NULL, NULL, NULL, NULL, NULL, 'decimal', NULL);
INSERT INTO `sys_rule_fact_field` (`objid`, `parentid`, `name`, `title`, `datatype`, `sortorder`, `handler`, `lookuphandler`, `lookupkey`, `lookupvalue`, `lookupdatatype`, `multivalued`, `required`, `vardatatype`, `lovname`) VALUES ('FACTFLD-2486b0ca:146fff66c3e:-7b11', 'RULFACT-2486b0ca:146fff66c3e:-7b6a', 'assesslevel', 'Assess Level', 'decimal', '9', 'decimal', NULL, NULL, NULL, NULL, NULL, NULL, 'decimal', NULL);
INSERT INTO `sys_rule_fact_field` (`objid`, `parentid`, `name`, `title`, `datatype`, `sortorder`, `handler`, `lookuphandler`, `lookupkey`, `lookupvalue`, `lookupdatatype`, `multivalued`, `required`, `vardatatype`, `lovname`) VALUES ('FACTFLD-2486b0ca:146fff66c3e:-7b1a', 'RULFACT-2486b0ca:146fff66c3e:-7b6a', 'marketvalue', 'Market Value', 'decimal', '8', 'decimal', NULL, NULL, NULL, NULL, NULL, NULL, 'decimal', NULL);
INSERT INTO `sys_rule_fact_field` (`objid`, `parentid`, `name`, `title`, `datatype`, `sortorder`, `handler`, `lookuphandler`, `lookupkey`, `lookupvalue`, `lookupdatatype`, `multivalued`, `required`, `vardatatype`, `lovname`) VALUES ('FACTFLD-2486b0ca:146fff66c3e:-7b23', 'RULFACT-2486b0ca:146fff66c3e:-7b6a', 'adjustment', 'Adjustment', 'decimal', '7', 'decimal', NULL, NULL, NULL, NULL, NULL, NULL, 'decimal', NULL);
INSERT INTO `sys_rule_fact_field` (`objid`, `parentid`, `name`, `title`, `datatype`, `sortorder`, `handler`, `lookuphandler`, `lookupkey`, `lookupvalue`, `lookupdatatype`, `multivalued`, `required`, `vardatatype`, `lovname`) VALUES ('FACTFLD-2486b0ca:146fff66c3e:-7b2c', 'RULFACT-2486b0ca:146fff66c3e:-7b6a', 'depreciationvalue', 'Depreciation Value', 'decimal', '6', 'decimal', NULL, NULL, NULL, NULL, NULL, NULL, 'decimal', NULL);
INSERT INTO `sys_rule_fact_field` (`objid`, `parentid`, `name`, `title`, `datatype`, `sortorder`, `handler`, `lookuphandler`, `lookupkey`, `lookupvalue`, `lookupdatatype`, `multivalued`, `required`, `vardatatype`, `lovname`) VALUES ('FACTFLD-2486b0ca:146fff66c3e:-7b35', 'RULFACT-2486b0ca:146fff66c3e:-7b6a', 'basemarketvalue', 'Base Market Value', 'decimal', '5', 'decimal', NULL, NULL, NULL, NULL, NULL, NULL, 'decimal', NULL);
INSERT INTO `sys_rule_fact_field` (`objid`, `parentid`, `name`, `title`, `datatype`, `sortorder`, `handler`, `lookuphandler`, `lookupkey`, `lookupvalue`, `lookupdatatype`, `multivalued`, `required`, `vardatatype`, `lovname`) VALUES ('FACTFLD-2486b0ca:146fff66c3e:-7b3e', 'RULFACT-2486b0ca:146fff66c3e:-7b6a', 'area', 'Area', 'decimal', '4', 'decimal', NULL, NULL, NULL, NULL, NULL, NULL, 'decimal', NULL);
INSERT INTO `sys_rule_fact_field` (`objid`, `parentid`, `name`, `title`, `datatype`, `sortorder`, `handler`, `lookuphandler`, `lookupkey`, `lookupvalue`, `lookupdatatype`, `multivalued`, `required`, `vardatatype`, `lovname`) VALUES ('FACTFLD-2486b0ca:146fff66c3e:-7b47', 'RULFACT-2486b0ca:146fff66c3e:-7b6a', 'basevalue', 'Base Value', 'decimal', '3', 'decimal', NULL, NULL, NULL, NULL, NULL, NULL, 'decimal', NULL);
INSERT INTO `sys_rule_fact_field` (`objid`, `parentid`, `name`, `title`, `datatype`, `sortorder`, `handler`, `lookuphandler`, `lookupkey`, `lookupvalue`, `lookupdatatype`, `multivalued`, `required`, `vardatatype`, `lovname`) VALUES ('FACTFLD-2486b0ca:146fff66c3e:-7b50', 'RULFACT-2486b0ca:146fff66c3e:-7b6a', 'bldgstructure', 'Building Structure', 'string', '2', 'var', NULL, NULL, NULL, NULL, NULL, NULL, 'rptis.bldg.facts.BldgStructure', NULL);
INSERT INTO `sys_rule_fact_field` (`objid`, `parentid`, `name`, `title`, `datatype`, `sortorder`, `handler`, `lookuphandler`, `lookupkey`, `lookupvalue`, `lookupdatatype`, `multivalued`, `required`, `vardatatype`, `lovname`) VALUES ('FACTFLD-66ddf216:14f92338db7:-797f', 'RULFACT-2486b0ca:146fff66c3e:-7b6a', 'useswornamount', 'Use Sworn Amount?', 'boolean', '14', 'boolean', NULL, NULL, NULL, NULL, NULL, NULL, 'boolean', NULL);
INSERT INTO `sys_rule_fact_field` (`objid`, `parentid`, `name`, `title`, `datatype`, `sortorder`, `handler`, `lookuphandler`, `lookupkey`, `lookupvalue`, `lookupdatatype`, `multivalued`, `required`, `vardatatype`, `lovname`) VALUES ('FACTFLD-66ddf216:14f92338db7:-798a', 'RULFACT-2486b0ca:146fff66c3e:-7b6a', 'swornamount', 'Sworn Amount', 'decimal', '13', 'decimal', NULL, NULL, NULL, NULL, NULL, NULL, 'decimal', NULL);
INSERT INTO `sys_rule_fact_field` (`objid`, `parentid`, `name`, `title`, `datatype`, `sortorder`, `handler`, `lookuphandler`, `lookupkey`, `lookupvalue`, `lookupdatatype`, `multivalued`, `required`, `vardatatype`, `lovname`) VALUES ('FACTFLD1441128c:1471efa4c1c:-6de2', 'RULFACT-2486b0ca:146fff66c3e:-7b6a', 'actualuseid', 'Actual Use', 'string', '12', 'var', NULL, NULL, NULL, NULL, NULL, NULL, 'string', NULL);
INSERT INTO `sys_rule_fact_field` (`objid`, `parentid`, `name`, `title`, `datatype`, `sortorder`, `handler`, `lookuphandler`, `lookupkey`, `lookupvalue`, `lookupdatatype`, `multivalued`, `required`, `vardatatype`, `lovname`) VALUES ('FACTFLD49a3c540:14e51feb8f6:-5a4c', 'RULFACT-2486b0ca:146fff66c3e:-7b6a', 'objid', 'Objid', 'string', '1', 'string', NULL, NULL, NULL, NULL, NULL, NULL, 'string', NULL);
INSERT INTO `sys_rule_fact_field` (`objid`, `parentid`, `name`, `title`, `datatype`, `sortorder`, `handler`, `lookuphandler`, `lookupkey`, `lookupvalue`, `lookupdatatype`, `multivalued`, `required`, `vardatatype`, `lovname`) VALUES ('FACTFLD-2486b0ca:146fff66c3e:-7db5', 'RULFACT-2486b0ca:146fff66c3e:-7e0e', 'unitvalue', 'Unit Value', 'decimal', '6', 'decimal', NULL, NULL, NULL, NULL, NULL, NULL, 'decimal', NULL);
INSERT INTO `sys_rule_fact_field` (`objid`, `parentid`, `name`, `title`, `datatype`, `sortorder`, `handler`, `lookuphandler`, `lookupkey`, `lookupvalue`, `lookupdatatype`, `multivalued`, `required`, `vardatatype`, `lovname`) VALUES ('FACTFLD-2486b0ca:146fff66c3e:-7dbe', 'RULFACT-2486b0ca:146fff66c3e:-7e0e', 'basevalue', 'Base Value', 'decimal', '5', 'decimal', NULL, NULL, NULL, NULL, NULL, NULL, 'decimal', NULL);
INSERT INTO `sys_rule_fact_field` (`objid`, `parentid`, `name`, `title`, `datatype`, `sortorder`, `handler`, `lookuphandler`, `lookupkey`, `lookupvalue`, `lookupdatatype`, `multivalued`, `required`, `vardatatype`, `lovname`) VALUES ('FACTFLD-2486b0ca:146fff66c3e:-7dc7', 'RULFACT-2486b0ca:146fff66c3e:-7e0e', 'totalfloorarea', 'Total Floor Area', 'decimal', '4', 'decimal', NULL, NULL, NULL, NULL, NULL, NULL, 'decimal', NULL);
INSERT INTO `sys_rule_fact_field` (`objid`, `parentid`, `name`, `title`, `datatype`, `sortorder`, `handler`, `lookuphandler`, `lookupkey`, `lookupvalue`, `lookupdatatype`, `multivalued`, `required`, `vardatatype`, `lovname`) VALUES ('FACTFLD-2486b0ca:146fff66c3e:-7dd0', 'RULFACT-2486b0ca:146fff66c3e:-7e0e', 'basefloorarea', 'Base Floor Area', 'decimal', '3', 'decimal', NULL, NULL, NULL, NULL, NULL, NULL, 'decimal', NULL);
INSERT INTO `sys_rule_fact_field` (`objid`, `parentid`, `name`, `title`, `datatype`, `sortorder`, `handler`, `lookuphandler`, `lookupkey`, `lookupvalue`, `lookupdatatype`, `multivalued`, `required`, `vardatatype`, `lovname`) VALUES ('FACTFLD-2486b0ca:146fff66c3e:-7dd9', 'RULFACT-2486b0ca:146fff66c3e:-7e0e', 'floorcount', 'Floor Count', 'integer', '2', 'integer', NULL, NULL, NULL, NULL, NULL, NULL, 'integer', NULL);
INSERT INTO `sys_rule_fact_field` (`objid`, `parentid`, `name`, `title`, `datatype`, `sortorder`, `handler`, `lookuphandler`, `lookupkey`, `lookupvalue`, `lookupdatatype`, `multivalued`, `required`, `vardatatype`, `lovname`) VALUES ('FACTFLD-2486b0ca:146fff66c3e:-7dea', 'RULFACT-2486b0ca:146fff66c3e:-7e0e', 'rpu', 'Building Real Property', 'string', '1', 'var', NULL, NULL, NULL, NULL, NULL, '0', 'rptis.bldg.facts.BldgRPU', NULL);
INSERT INTO `sys_rule_fact_field` (`objid`, `parentid`, `name`, `title`, `datatype`, `sortorder`, `handler`, `lookuphandler`, `lookupkey`, `lookupvalue`, `lookupdatatype`, `multivalued`, `required`, `vardatatype`, `lovname`) VALUES ('FACTFLD-23b1baca:15620373769:-7c10', 'RULFACT-39192c48:1471ebc2797:-7faf', 'exemptedmarketvalue', 'Exempted Market Value', 'decimal', '3', 'decimal', NULL, NULL, NULL, NULL, NULL, NULL, 'decimal', NULL);
INSERT INTO `sys_rule_fact_field` (`objid`, `parentid`, `name`, `title`, `datatype`, `sortorder`, `handler`, `lookuphandler`, `lookupkey`, `lookupvalue`, `lookupdatatype`, `multivalued`, `required`, `vardatatype`, `lovname`) VALUES ('FACTFLD-39192c48:1471ebc2797:-7f3a', 'RULFACT-39192c48:1471ebc2797:-7faf', 'assessedvalue', 'Assessed Value', 'decimal', '5', 'decimal', NULL, NULL, NULL, NULL, NULL, NULL, 'decimal', NULL);
INSERT INTO `sys_rule_fact_field` (`objid`, `parentid`, `name`, `title`, `datatype`, `sortorder`, `handler`, `lookuphandler`, `lookupkey`, `lookupvalue`, `lookupdatatype`, `multivalued`, `required`, `vardatatype`, `lovname`) VALUES ('FACTFLD-39192c48:1471ebc2797:-7f51', 'RULFACT-39192c48:1471ebc2797:-7faf', 'assesslevel', 'Assess Level', 'decimal', '4', 'decimal', NULL, NULL, NULL, NULL, NULL, NULL, 'decimal', NULL);
INSERT INTO `sys_rule_fact_field` (`objid`, `parentid`, `name`, `title`, `datatype`, `sortorder`, `handler`, `lookuphandler`, `lookupkey`, `lookupvalue`, `lookupdatatype`, `multivalued`, `required`, `vardatatype`, `lovname`) VALUES ('FACTFLD-39192c48:1471ebc2797:-7f7e', 'RULFACT-39192c48:1471ebc2797:-7faf', 'marketvalue', 'Market Value', 'decimal', '2', 'decimal', NULL, NULL, NULL, NULL, NULL, NULL, 'decimal', NULL);
INSERT INTO `sys_rule_fact_field` (`objid`, `parentid`, `name`, `title`, `datatype`, `sortorder`, `handler`, `lookuphandler`, `lookupkey`, `lookupvalue`, `lookupdatatype`, `multivalued`, `required`, `vardatatype`, `lovname`) VALUES ('FACTFLD-39192c48:1471ebc2797:-7f95', 'RULFACT-39192c48:1471ebc2797:-7faf', 'actualuseid', 'Actual Use', 'string', '1', 'var', NULL, NULL, NULL, NULL, NULL, '1', 'string', NULL);
INSERT INTO `sys_rule_fact_field` (`objid`, `parentid`, `name`, `title`, `datatype`, `sortorder`, `handler`, `lookuphandler`, `lookupkey`, `lookupvalue`, `lookupdatatype`, `multivalued`, `required`, `vardatatype`, `lovname`) VALUES ('FACTFLD29e16c33:156249fdf8e:-6e66', 'RULFACT-39192c48:1471ebc2797:-7faf', 'taxable', 'Taxable', 'boolean', '6', 'boolean', NULL, NULL, NULL, NULL, NULL, NULL, 'boolean', NULL);
INSERT INTO `sys_rule_fact_field` (`objid`, `parentid`, `name`, `title`, `datatype`, `sortorder`, `handler`, `lookuphandler`, `lookupkey`, `lookupvalue`, `lookupdatatype`, `multivalued`, `required`, `vardatatype`, `lovname`) VALUES ('FACTFLD-79a9a347:15cfcae84de:-3914', 'RULFACT-79a9a347:15cfcae84de:-3956', 'value', 'Value', 'decimal', '3', 'decimal', NULL, NULL, NULL, NULL, NULL, NULL, 'decimal', NULL);
INSERT INTO `sys_rule_fact_field` (`objid`, `parentid`, `name`, `title`, `datatype`, `sortorder`, `handler`, `lookuphandler`, `lookupkey`, `lookupvalue`, `lookupdatatype`, `multivalued`, `required`, `vardatatype`, `lovname`) VALUES ('FACTFLD-79a9a347:15cfcae84de:-3925', 'RULFACT-79a9a347:15cfcae84de:-3956', 'varid', 'Variable Name', 'string', '2', 'lookup', 'rptparameter:lookup', 'objid', 'name', NULL, NULL, NULL, 'string', NULL);
INSERT INTO `sys_rule_fact_field` (`objid`, `parentid`, `name`, `title`, `datatype`, `sortorder`, `handler`, `lookuphandler`, `lookupkey`, `lookupvalue`, `lookupdatatype`, `multivalued`, `required`, `vardatatype`, `lovname`) VALUES ('FACTFLD-79a9a347:15cfcae84de:-3937', 'RULFACT-79a9a347:15cfcae84de:-3956', 'bldguse', 'Building Actual Use', 'string', '1', 'var', NULL, NULL, NULL, NULL, NULL, NULL, 'rptis.bldg.facts.BldgUse', NULL);
INSERT INTO `sys_rule_fact_field` (`objid`, `parentid`, `name`, `title`, `datatype`, `sortorder`, `handler`, `lookuphandler`, `lookupkey`, `lookupvalue`, `lookupdatatype`, `multivalued`, `required`, `vardatatype`, `lovname`) VALUES ('FACTFLD-3ff2d28f:1508dea0692:-769e', 'RULFACT1b4af871:14e3cc46e09:-34c1', 'objid', 'Objid', 'string', '1', 'string', NULL, NULL, NULL, NULL, NULL, NULL, 'string', NULL);
INSERT INTO `sys_rule_fact_field` (`objid`, `parentid`, `name`, `title`, `datatype`, `sortorder`, `handler`, `lookuphandler`, `lookupkey`, `lookupvalue`, `lookupdatatype`, `multivalued`, `required`, `vardatatype`, `lovname`) VALUES ('FACTFLD1b4af871:14e3cc46e09:-3491', 'RULFACT1b4af871:14e3cc46e09:-34c1', 'value', 'Value', 'decimal', '4', 'decimal', NULL, NULL, NULL, NULL, NULL, NULL, 'decimal', NULL);
INSERT INTO `sys_rule_fact_field` (`objid`, `parentid`, `name`, `title`, `datatype`, `sortorder`, `handler`, `lookuphandler`, `lookupkey`, `lookupvalue`, `lookupdatatype`, `multivalued`, `required`, `vardatatype`, `lovname`) VALUES ('FACTFLD1b4af871:14e3cc46e09:-34a2', 'RULFACT1b4af871:14e3cc46e09:-34c1', 'varid', 'Variable Name', 'string', '3', 'lookup', 'rptparameter:lookup', 'objid', 'name', NULL, NULL, NULL, 'string', NULL);
INSERT INTO `sys_rule_fact_field` (`objid`, `parentid`, `name`, `title`, `datatype`, `sortorder`, `handler`, `lookuphandler`, `lookupkey`, `lookupvalue`, `lookupdatatype`, `multivalued`, `required`, `vardatatype`, `lovname`) VALUES ('FACTFLD1b4af871:14e3cc46e09:-34ab', 'RULFACT1b4af871:14e3cc46e09:-34c1', 'refid', 'Reference ID', 'string', '2', 'string', NULL, NULL, NULL, NULL, NULL, NULL, 'string', NULL);
INSERT INTO `sys_rule_fact_field` (`objid`, `parentid`, `name`, `title`, `datatype`, `sortorder`, `handler`, `lookuphandler`, `lookupkey`, `lookupvalue`, `lookupdatatype`, `multivalued`, `required`, `vardatatype`, `lovname`) VALUES ('FACTFLD-28dc975:156bcab666c:-6789', 'RULFACT3afe51b9:146f7088d9c:-7eb6', 'objid', 'objid', 'string', '1', 'string', NULL, NULL, NULL, NULL, NULL, NULL, 'string', NULL);
INSERT INTO `sys_rule_fact_field` (`objid`, `parentid`, `name`, `title`, `datatype`, `sortorder`, `handler`, `lookuphandler`, `lookupkey`, `lookupvalue`, `lookupdatatype`, `multivalued`, `required`, `vardatatype`, `lovname`) VALUES ('FACTFLD3afe51b9:146f7088d9c:-7de0', 'RULFACT3afe51b9:146f7088d9c:-7eb6', 'useswornamount', 'Use Sworn Amount?', 'boolean', '12', 'boolean', NULL, NULL, NULL, NULL, NULL, NULL, 'boolean', NULL);
INSERT INTO `sys_rule_fact_field` (`objid`, `parentid`, `name`, `title`, `datatype`, `sortorder`, `handler`, `lookuphandler`, `lookupkey`, `lookupvalue`, `lookupdatatype`, `multivalued`, `required`, `vardatatype`, `lovname`) VALUES ('FACTFLD3afe51b9:146f7088d9c:-7dfb', 'RULFACT3afe51b9:146f7088d9c:-7eb6', 'swornamount', 'Sworn Amount', 'decimal', '13', 'decimal', NULL, NULL, NULL, NULL, NULL, NULL, 'decimal', NULL);
INSERT INTO `sys_rule_fact_field` (`objid`, `parentid`, `name`, `title`, `datatype`, `sortorder`, `handler`, `lookuphandler`, `lookupkey`, `lookupvalue`, `lookupdatatype`, `multivalued`, `required`, `vardatatype`, `lovname`) VALUES ('FACTFLD3afe51b9:146f7088d9c:-7e0d', 'RULFACT3afe51b9:146f7088d9c:-7eb6', 'totalav', 'Assessed Value', 'decimal', '11', 'decimal', NULL, NULL, NULL, NULL, NULL, NULL, 'decimal', NULL);
INSERT INTO `sys_rule_fact_field` (`objid`, `parentid`, `name`, `title`, `datatype`, `sortorder`, `handler`, `lookuphandler`, `lookupkey`, `lookupvalue`, `lookupdatatype`, `multivalued`, `required`, `vardatatype`, `lovname`) VALUES ('FACTFLD3afe51b9:146f7088d9c:-7e16', 'RULFACT3afe51b9:146f7088d9c:-7eb6', 'totalmv', 'Market Value', 'decimal', '10', 'decimal', NULL, NULL, NULL, NULL, NULL, NULL, 'decimal', NULL);
INSERT INTO `sys_rule_fact_field` (`objid`, `parentid`, `name`, `title`, `datatype`, `sortorder`, `handler`, `lookuphandler`, `lookupkey`, `lookupvalue`, `lookupdatatype`, `multivalued`, `required`, `vardatatype`, `lovname`) VALUES ('FACTFLD3afe51b9:146f7088d9c:-7e1f', 'RULFACT3afe51b9:146f7088d9c:-7eb6', 'totalbmv', 'Base Market Value', 'decimal', '9', 'decimal', NULL, NULL, NULL, NULL, NULL, NULL, 'decimal', NULL);
INSERT INTO `sys_rule_fact_field` (`objid`, `parentid`, `name`, `title`, `datatype`, `sortorder`, `handler`, `lookuphandler`, `lookupkey`, `lookupvalue`, `lookupdatatype`, `multivalued`, `required`, `vardatatype`, `lovname`) VALUES ('FACTFLD3afe51b9:146f7088d9c:-7e28', 'RULFACT3afe51b9:146f7088d9c:-7eb6', 'totalareaha', 'Area in Hectare', 'decimal', '8', 'decimal', NULL, NULL, NULL, NULL, NULL, NULL, 'decimal', NULL);
INSERT INTO `sys_rule_fact_field` (`objid`, `parentid`, `name`, `title`, `datatype`, `sortorder`, `handler`, `lookuphandler`, `lookupkey`, `lookupvalue`, `lookupdatatype`, `multivalued`, `required`, `vardatatype`, `lovname`) VALUES ('FACTFLD3afe51b9:146f7088d9c:-7e31', 'RULFACT3afe51b9:146f7088d9c:-7eb6', 'totalareasqm', 'Area in Sq. Meter', 'decimal', '7', 'decimal', NULL, NULL, NULL, NULL, NULL, NULL, 'decimal', NULL);
INSERT INTO `sys_rule_fact_field` (`objid`, `parentid`, `name`, `title`, `datatype`, `sortorder`, `handler`, `lookuphandler`, `lookupkey`, `lookupvalue`, `lookupdatatype`, `multivalued`, `required`, `vardatatype`, `lovname`) VALUES ('FACTFLD3afe51b9:146f7088d9c:-7e3a', 'RULFACT3afe51b9:146f7088d9c:-7eb6', 'taxable', 'Taxable?', 'boolean', '6', 'boolean', NULL, NULL, NULL, NULL, NULL, NULL, 'boolean', NULL);
INSERT INTO `sys_rule_fact_field` (`objid`, `parentid`, `name`, `title`, `datatype`, `sortorder`, `handler`, `lookuphandler`, `lookupkey`, `lookupvalue`, `lookupdatatype`, `multivalued`, `required`, `vardatatype`, `lovname`) VALUES ('FACTFLD3afe51b9:146f7088d9c:-7e4b', 'RULFACT3afe51b9:146f7088d9c:-7eb6', 'exemptiontypeid', 'Exemption Type', 'string', '5', 'lookup', 'exemptiontype:lookup', 'objid', 'name', NULL, NULL, NULL, 'string', NULL);
INSERT INTO `sys_rule_fact_field` (`objid`, `parentid`, `name`, `title`, `datatype`, `sortorder`, `handler`, `lookuphandler`, `lookupkey`, `lookupvalue`, `lookupdatatype`, `multivalued`, `required`, `vardatatype`, `lovname`) VALUES ('FACTFLD3afe51b9:146f7088d9c:-7e5c', 'RULFACT3afe51b9:146f7088d9c:-7eb6', 'classificationid', 'Classification', 'string', '4', 'lookup', 'propertyclassification:lookup', 'objid', 'name', NULL, NULL, NULL, 'string', NULL);
INSERT INTO `sys_rule_fact_field` (`objid`, `parentid`, `name`, `title`, `datatype`, `sortorder`, `handler`, `lookuphandler`, `lookupkey`, `lookupvalue`, `lookupdatatype`, `multivalued`, `required`, `vardatatype`, `lovname`) VALUES ('FACTFLD3afe51b9:146f7088d9c:-7e65', 'RULFACT3afe51b9:146f7088d9c:-7eb6', 'ry', 'Revision Year', 'integer', '3', 'integer', NULL, NULL, NULL, NULL, NULL, NULL, 'integer', NULL);
INSERT INTO `sys_rule_fact_field` (`objid`, `parentid`, `name`, `title`, `datatype`, `sortorder`, `handler`, `lookuphandler`, `lookupkey`, `lookupvalue`, `lookupdatatype`, `multivalued`, `required`, `vardatatype`, `lovname`) VALUES ('FACTFLD3afe51b9:146f7088d9c:-7e92', 'RULFACT3afe51b9:146f7088d9c:-7eb6', 'rputype', 'Property Type', 'string', '2', 'lov', NULL, NULL, NULL, NULL, NULL, NULL, 'string', 'RPT_RPUTYPES');
INSERT INTO `sys_rule_fact_field` (`objid`, `parentid`, `name`, `title`, `datatype`, `sortorder`, `handler`, `lookuphandler`, `lookupkey`, `lookupvalue`, `lookupdatatype`, `multivalued`, `required`, `vardatatype`, `lovname`) VALUES ('FACTFLD-2486b0ca:146fff66c3e:-5ee6', 'RULFACT3e2b89cb:146ff734573:-7fcb', 'fixrate', 'Fix Rate Assess Level?', 'boolean', '26', 'boolean', NULL, NULL, NULL, NULL, NULL, NULL, 'boolean', NULL);
INSERT INTO `sys_rule_fact_field` (`objid`, `parentid`, `name`, `title`, `datatype`, `sortorder`, `handler`, `lookuphandler`, `lookupkey`, `lookupvalue`, `lookupdatatype`, `multivalued`, `required`, `vardatatype`, `lovname`) VALUES ('FACTFLD3e2b89cb:146ff734573:-7e70', 'RULFACT3e2b89cb:146ff734573:-7fcb', 'bldgclass', 'Building Class', 'string', '25', 'lov', NULL, NULL, NULL, NULL, NULL, NULL, 'string', 'RPT_BLDG_CLASS');
INSERT INTO `sys_rule_fact_field` (`objid`, `parentid`, `name`, `title`, `datatype`, `sortorder`, `handler`, `lookuphandler`, `lookupkey`, `lookupvalue`, `lookupdatatype`, `multivalued`, `required`, `vardatatype`, `lovname`) VALUES ('FACTFLD3e2b89cb:146ff734573:-7e79', 'RULFACT3e2b89cb:146ff734573:-7fcb', 'condominium', 'Is Condominium', 'boolean', '24', 'boolean', NULL, NULL, NULL, NULL, NULL, NULL, 'boolean', NULL);
INSERT INTO `sys_rule_fact_field` (`objid`, `parentid`, `name`, `title`, `datatype`, `sortorder`, `handler`, `lookuphandler`, `lookupkey`, `lookupvalue`, `lookupdatatype`, `multivalued`, `required`, `vardatatype`, `lovname`) VALUES ('FACTFLD3e2b89cb:146ff734573:-7e82', 'RULFACT3e2b89cb:146ff734573:-7fcb', 'assesslevel', 'Assess Level', 'decimal', '23', 'decimal', NULL, NULL, NULL, NULL, NULL, NULL, 'decimal', NULL);
INSERT INTO `sys_rule_fact_field` (`objid`, `parentid`, `name`, `title`, `datatype`, `sortorder`, `handler`, `lookuphandler`, `lookupkey`, `lookupvalue`, `lookupdatatype`, `multivalued`, `required`, `vardatatype`, `lovname`) VALUES ('FACTFLD3e2b89cb:146ff734573:-7e8b', 'RULFACT3e2b89cb:146ff734573:-7fcb', 'percentcompleted', 'Percent Completed', 'integer', '22', 'integer', NULL, NULL, NULL, NULL, NULL, NULL, 'integer', NULL);
INSERT INTO `sys_rule_fact_field` (`objid`, `parentid`, `name`, `title`, `datatype`, `sortorder`, `handler`, `lookuphandler`, `lookupkey`, `lookupvalue`, `lookupdatatype`, `multivalued`, `required`, `vardatatype`, `lovname`) VALUES ('FACTFLD3e2b89cb:146ff734573:-7e96', 'RULFACT3e2b89cb:146ff734573:-7fcb', 'totaladjustment', 'Total Adjustment', 'decimal', '21', 'decimal', NULL, NULL, NULL, NULL, NULL, NULL, 'decimal', NULL);
INSERT INTO `sys_rule_fact_field` (`objid`, `parentid`, `name`, `title`, `datatype`, `sortorder`, `handler`, `lookuphandler`, `lookupkey`, `lookupvalue`, `lookupdatatype`, `multivalued`, `required`, `vardatatype`, `lovname`) VALUES ('FACTFLD3e2b89cb:146ff734573:-7e9f', 'RULFACT3e2b89cb:146ff734573:-7fcb', 'depreciationvalue', 'Deprecation Value', 'decimal', '20', 'decimal', NULL, NULL, NULL, NULL, NULL, NULL, 'decimal', NULL);
INSERT INTO `sys_rule_fact_field` (`objid`, `parentid`, `name`, `title`, `datatype`, `sortorder`, `handler`, `lookuphandler`, `lookupkey`, `lookupvalue`, `lookupdatatype`, `multivalued`, `required`, `vardatatype`, `lovname`) VALUES ('FACTFLD3e2b89cb:146ff734573:-7ea8', 'RULFACT3e2b89cb:146ff734573:-7fcb', 'depreciation', 'Depreciation Rate', 'decimal', '19', 'decimal', NULL, NULL, NULL, NULL, NULL, NULL, 'decimal', NULL);
INSERT INTO `sys_rule_fact_field` (`objid`, `parentid`, `name`, `title`, `datatype`, `sortorder`, `handler`, `lookuphandler`, `lookupkey`, `lookupvalue`, `lookupdatatype`, `multivalued`, `required`, `vardatatype`, `lovname`) VALUES ('FACTFLD3e2b89cb:146ff734573:-7eb1', 'RULFACT3e2b89cb:146ff734573:-7fcb', 'floorcount', 'Floor Count', 'integer', '18', 'integer', NULL, NULL, NULL, NULL, NULL, NULL, 'integer', NULL);
INSERT INTO `sys_rule_fact_field` (`objid`, `parentid`, `name`, `title`, `datatype`, `sortorder`, `handler`, `lookuphandler`, `lookupkey`, `lookupvalue`, `lookupdatatype`, `multivalued`, `required`, `vardatatype`, `lovname`) VALUES ('FACTFLD3e2b89cb:146ff734573:-7eba', 'RULFACT3e2b89cb:146ff734573:-7fcb', 'effectiveage', 'Effective Building Age', 'integer', '17', 'integer', NULL, NULL, NULL, NULL, NULL, NULL, 'integer', NULL);
INSERT INTO `sys_rule_fact_field` (`objid`, `parentid`, `name`, `title`, `datatype`, `sortorder`, `handler`, `lookuphandler`, `lookupkey`, `lookupvalue`, `lookupdatatype`, `multivalued`, `required`, `vardatatype`, `lovname`) VALUES ('FACTFLD3e2b89cb:146ff734573:-7ec3', 'RULFACT3e2b89cb:146ff734573:-7fcb', 'bldgage', 'Building Age', 'integer', '16', 'integer', NULL, NULL, NULL, NULL, NULL, NULL, 'integer', NULL);
INSERT INTO `sys_rule_fact_field` (`objid`, `parentid`, `name`, `title`, `datatype`, `sortorder`, `handler`, `lookuphandler`, `lookupkey`, `lookupvalue`, `lookupdatatype`, `multivalued`, `required`, `vardatatype`, `lovname`) VALUES ('FACTFLD3e2b89cb:146ff734573:-7ecc', 'RULFACT3e2b89cb:146ff734573:-7fcb', 'yroccupied', 'Year Occupied', 'integer', '15', 'integer', NULL, NULL, NULL, NULL, NULL, NULL, 'integer', NULL);
INSERT INTO `sys_rule_fact_field` (`objid`, `parentid`, `name`, `title`, `datatype`, `sortorder`, `handler`, `lookuphandler`, `lookupkey`, `lookupvalue`, `lookupdatatype`, `multivalued`, `required`, `vardatatype`, `lovname`) VALUES ('FACTFLD3e2b89cb:146ff734573:-7ed5', 'RULFACT3e2b89cb:146ff734573:-7fcb', 'yrcompleted', 'Year Completed', 'integer', '14', 'integer', NULL, NULL, NULL, NULL, NULL, NULL, 'integer', NULL);
INSERT INTO `sys_rule_fact_field` (`objid`, `parentid`, `name`, `title`, `datatype`, `sortorder`, `handler`, `lookuphandler`, `lookupkey`, `lookupvalue`, `lookupdatatype`, `multivalued`, `required`, `vardatatype`, `lovname`) VALUES ('FACTFLD3e2b89cb:146ff734573:-7ede', 'RULFACT3e2b89cb:146ff734573:-7fcb', 'yrappraised', 'Year Appraised', 'integer', '13', 'integer', NULL, NULL, NULL, NULL, NULL, NULL, 'integer', NULL);
INSERT INTO `sys_rule_fact_field` (`objid`, `parentid`, `name`, `title`, `datatype`, `sortorder`, `handler`, `lookuphandler`, `lookupkey`, `lookupvalue`, `lookupdatatype`, `multivalued`, `required`, `vardatatype`, `lovname`) VALUES ('FACTFLD3e2b89cb:146ff734573:-7ee7', 'RULFACT3e2b89cb:146ff734573:-7fcb', 'basevalue', 'Base Value', 'decimal', '12', 'decimal', NULL, NULL, NULL, NULL, NULL, NULL, 'decimal', NULL);
INSERT INTO `sys_rule_fact_field` (`objid`, `parentid`, `name`, `title`, `datatype`, `sortorder`, `handler`, `lookuphandler`, `lookupkey`, `lookupvalue`, `lookupdatatype`, `multivalued`, `required`, `vardatatype`, `lovname`) VALUES ('FACTFLD3e2b89cb:146ff734573:-7ef9', 'RULFACT3e2b89cb:146ff734573:-7fcb', 'useswornamount', 'Use Sworn Amount?', 'boolean', '11', 'boolean', NULL, NULL, NULL, NULL, NULL, NULL, 'boolean', NULL);
INSERT INTO `sys_rule_fact_field` (`objid`, `parentid`, `name`, `title`, `datatype`, `sortorder`, `handler`, `lookuphandler`, `lookupkey`, `lookupvalue`, `lookupdatatype`, `multivalued`, `required`, `vardatatype`, `lovname`) VALUES ('FACTFLD3e2b89cb:146ff734573:-7f02', 'RULFACT3e2b89cb:146ff734573:-7fcb', 'swornamount', 'Sworn Amount', 'decimal', '10', 'decimal', NULL, NULL, NULL, NULL, NULL, NULL, 'decimal', NULL);
INSERT INTO `sys_rule_fact_field` (`objid`, `parentid`, `name`, `title`, `datatype`, `sortorder`, `handler`, `lookuphandler`, `lookupkey`, `lookupvalue`, `lookupdatatype`, `multivalued`, `required`, `vardatatype`, `lovname`) VALUES ('FACTFLD3e2b89cb:146ff734573:-7f0b', 'RULFACT3e2b89cb:146ff734573:-7fcb', 'totalav', 'Assess Value', 'decimal', '9', 'decimal', NULL, NULL, NULL, NULL, NULL, NULL, 'decimal', NULL);
INSERT INTO `sys_rule_fact_field` (`objid`, `parentid`, `name`, `title`, `datatype`, `sortorder`, `handler`, `lookuphandler`, `lookupkey`, `lookupvalue`, `lookupdatatype`, `multivalued`, `required`, `vardatatype`, `lovname`) VALUES ('FACTFLD3e2b89cb:146ff734573:-7f14', 'RULFACT3e2b89cb:146ff734573:-7fcb', 'totalmv', 'Market Value', 'decimal', '8', 'decimal', NULL, NULL, NULL, NULL, NULL, NULL, 'decimal', NULL);
INSERT INTO `sys_rule_fact_field` (`objid`, `parentid`, `name`, `title`, `datatype`, `sortorder`, `handler`, `lookuphandler`, `lookupkey`, `lookupvalue`, `lookupdatatype`, `multivalued`, `required`, `vardatatype`, `lovname`) VALUES ('FACTFLD3e2b89cb:146ff734573:-7f1d', 'RULFACT3e2b89cb:146ff734573:-7fcb', 'totalbmv', 'Base Market Value', 'decimal', '7', 'decimal', NULL, NULL, NULL, NULL, NULL, NULL, 'decimal', NULL);
INSERT INTO `sys_rule_fact_field` (`objid`, `parentid`, `name`, `title`, `datatype`, `sortorder`, `handler`, `lookuphandler`, `lookupkey`, `lookupvalue`, `lookupdatatype`, `multivalued`, `required`, `vardatatype`, `lovname`) VALUES ('FACTFLD3e2b89cb:146ff734573:-7f26', 'RULFACT3e2b89cb:146ff734573:-7fcb', 'totalareasqm', 'Area in Sq. Meter', 'decimal', '6', 'decimal', NULL, NULL, NULL, NULL, NULL, NULL, 'decimal', NULL);
INSERT INTO `sys_rule_fact_field` (`objid`, `parentid`, `name`, `title`, `datatype`, `sortorder`, `handler`, `lookuphandler`, `lookupkey`, `lookupvalue`, `lookupdatatype`, `multivalued`, `required`, `vardatatype`, `lovname`) VALUES ('FACTFLD3e2b89cb:146ff734573:-7f2f', 'RULFACT3e2b89cb:146ff734573:-7fcb', 'totalareaha', 'Area in Hectare', 'decimal', '5', 'decimal', NULL, NULL, NULL, NULL, NULL, NULL, 'decimal', NULL);
INSERT INTO `sys_rule_fact_field` (`objid`, `parentid`, `name`, `title`, `datatype`, `sortorder`, `handler`, `lookuphandler`, `lookupkey`, `lookupvalue`, `lookupdatatype`, `multivalued`, `required`, `vardatatype`, `lovname`) VALUES ('FACTFLD3e2b89cb:146ff734573:-7f38', 'RULFACT3e2b89cb:146ff734573:-7fcb', 'taxable', 'Taxable?', 'boolean', '4', 'boolean', NULL, NULL, NULL, NULL, NULL, NULL, 'boolean', NULL);
INSERT INTO `sys_rule_fact_field` (`objid`, `parentid`, `name`, `title`, `datatype`, `sortorder`, `handler`, `lookuphandler`, `lookupkey`, `lookupvalue`, `lookupdatatype`, `multivalued`, `required`, `vardatatype`, `lovname`) VALUES ('FACTFLD3e2b89cb:146ff734573:-7f49', 'RULFACT3e2b89cb:146ff734573:-7fcb', 'exemptiontypeid', 'Exemption Type', 'string', '3', 'lookup', 'exemptiontype:lookup', 'objid', 'name', NULL, NULL, NULL, 'string', NULL);
INSERT INTO `sys_rule_fact_field` (`objid`, `parentid`, `name`, `title`, `datatype`, `sortorder`, `handler`, `lookuphandler`, `lookupkey`, `lookupvalue`, `lookupdatatype`, `multivalued`, `required`, `vardatatype`, `lovname`) VALUES ('FACTFLD3e2b89cb:146ff734573:-7f5a', 'RULFACT3e2b89cb:146ff734573:-7fcb', 'classificationid', 'Classification', 'string', '2', 'lookup', 'propertyclassification:lookup', 'objid', 'name', NULL, NULL, NULL, 'string', 'property');
INSERT INTO `sys_rule_fact_field` (`objid`, `parentid`, `name`, `title`, `datatype`, `sortorder`, `handler`, `lookuphandler`, `lookupkey`, `lookupvalue`, `lookupdatatype`, `multivalued`, `required`, `vardatatype`, `lovname`) VALUES ('FACTFLD3e2b89cb:146ff734573:-7f63', 'RULFACT3e2b89cb:146ff734573:-7fcb', 'ry', 'Revision Year', 'integer', '1', 'integer', NULL, NULL, NULL, NULL, NULL, NULL, 'integer', NULL);
INSERT INTO `sys_rule_fact_field` (`objid`, `parentid`, `name`, `title`, `datatype`, `sortorder`, `handler`, `lookuphandler`, `lookupkey`, `lookupvalue`, `lookupdatatype`, `multivalued`, `required`, `vardatatype`, `lovname`) VALUES ('FACTFLD5b4ac915:147baaa06b4:-7111', 'RULFACT5b4ac915:147baaa06b4:-7146', 'objid', 'Classification', 'string', '1', 'lookup', 'propertyclassification:lookup', 'objid', 'name', NULL, NULL, NULL, 'string', NULL);
INSERT INTO `sys_rule_fact_field` (`objid`, `parentid`, `name`, `title`, `datatype`, `sortorder`, `handler`, `lookuphandler`, `lookupkey`, `lookupvalue`, `lookupdatatype`, `multivalued`, `required`, `vardatatype`, `lovname`) VALUES ('FACTFLD-1f48c8dc:149efbd2046:-72d3', 'RULFACT-26aa09fd:1419696e71f:-7feb', 'officetype', 'Office Type', 'string', '11', 'string', NULL, NULL, NULL, NULL, NULL, NULL, 'string', 'BUSINESS_OFFICE_TYPES');
INSERT INTO `sys_rule_fact_field` (`objid`, `parentid`, `name`, `title`, `datatype`, `sortorder`, `handler`, `lookuphandler`, `lookupkey`, `lookupvalue`, `lookupdatatype`, `multivalued`, `required`, `vardatatype`, `lovname`) VALUES ('FACTFLD-26aa09fd:1419696e71f:-7fe4', 'RULFACT-26aa09fd:1419696e71f:-7feb', 'apptype', 'App Type', 'BUSINESS_APP_TYPES', '1', 'lov', NULL, NULL, NULL, NULL, NULL, NULL, NULL, 'BUSINESS_APP_TYPES');
INSERT INTO `sys_rule_fact_field` (`objid`, `parentid`, `name`, `title`, `datatype`, `sortorder`, `handler`, `lookuphandler`, `lookupkey`, `lookupvalue`, `lookupdatatype`, `multivalued`, `required`, `vardatatype`, `lovname`) VALUES ('FACTFLD-62a762db:14201d65080:-7250', 'RULFACT-26aa09fd:1419696e71f:-7feb', 'appqtr', 'App Qtr', 'integer', '8', 'integer', NULL, NULL, NULL, NULL, NULL, NULL, 'integer', NULL);
INSERT INTO `sys_rule_fact_field` (`objid`, `parentid`, `name`, `title`, `datatype`, `sortorder`, `handler`, `lookuphandler`, `lookupkey`, `lookupvalue`, `lookupdatatype`, `multivalued`, `required`, `vardatatype`, `lovname`) VALUES ('FACTFLD-62a762db:14201d65080:-72d8', 'RULFACT-26aa09fd:1419696e71f:-7feb', 'appdate', 'App date', 'integer', '7', 'integer', NULL, NULL, NULL, NULL, NULL, NULL, 'integer', NULL);
INSERT INTO `sys_rule_fact_field` (`objid`, `parentid`, `name`, `title`, `datatype`, `sortorder`, `handler`, `lookuphandler`, `lookupkey`, `lookupvalue`, `lookupdatatype`, `multivalued`, `required`, `vardatatype`, `lovname`) VALUES ('FACTFLD-62a762db:14201d65080:-72e9', 'RULFACT-26aa09fd:1419696e71f:-7feb', 'appmonth', 'App. Month', 'integer', '6', 'integer', NULL, NULL, NULL, NULL, NULL, NULL, 'integer', NULL);
INSERT INTO `sys_rule_fact_field` (`objid`, `parentid`, `name`, `title`, `datatype`, `sortorder`, `handler`, `lookuphandler`, `lookupkey`, `lookupvalue`, `lookupdatatype`, `multivalued`, `required`, `vardatatype`, `lovname`) VALUES ('FACTFLD-62a762db:14201d65080:-72f2', 'RULFACT-26aa09fd:1419696e71f:-7feb', 'appyear', 'App Year', 'integer', '5', 'integer', NULL, NULL, NULL, NULL, NULL, NULL, 'integer', NULL);
INSERT INTO `sys_rule_fact_field` (`objid`, `parentid`, `name`, `title`, `datatype`, `sortorder`, `handler`, `lookuphandler`, `lookupkey`, `lookupvalue`, `lookupdatatype`, `multivalued`, `required`, `vardatatype`, `lovname`) VALUES ('FACTFLD-62a762db:14201d65080:-7303', 'RULFACT-26aa09fd:1419696e71f:-7feb', 'yearstarted', 'Year Started', 'integer', '4', 'integer', NULL, NULL, NULL, NULL, NULL, NULL, 'integer', NULL);
INSERT INTO `sys_rule_fact_field` (`objid`, `parentid`, `name`, `title`, `datatype`, `sortorder`, `handler`, `lookuphandler`, `lookupkey`, `lookupvalue`, `lookupdatatype`, `multivalued`, `required`, `vardatatype`, `lovname`) VALUES ('FACTFLD-7c5c4c8f:141e84ee23e:-7f45', 'RULFACT-26aa09fd:1419696e71f:-7feb', 'orgtype', 'Org. Type', NULL, '2', 'lov', NULL, NULL, NULL, NULL, NULL, NULL, NULL, 'ORG_TYPES');
INSERT INTO `sys_rule_fact_field` (`objid`, `parentid`, `name`, `title`, `datatype`, `sortorder`, `handler`, `lookuphandler`, `lookupkey`, `lookupvalue`, `lookupdatatype`, `multivalued`, `required`, `vardatatype`, `lovname`) VALUES ('FACTFLD4b5f47bd:142219e4784:-7f46', 'RULFACT-26aa09fd:1419696e71f:-7feb', 'txnmode', 'Txn Mode', 'string', '3', 'lov', NULL, NULL, NULL, NULL, NULL, NULL, 'string', 'BP_TXNMODES');
INSERT INTO `sys_rule_fact_field` (`objid`, `parentid`, `name`, `title`, `datatype`, `sortorder`, `handler`, `lookuphandler`, `lookupkey`, `lookupvalue`, `lookupdatatype`, `multivalued`, `required`, `vardatatype`, `lovname`) VALUES ('FACTFLD56c737e:14747f7ef52:-7ea4', 'RULFACT-26aa09fd:1419696e71f:-7feb', 'dateapplied', 'Date Applied', 'date', '10', 'date', NULL, NULL, NULL, NULL, NULL, NULL, 'date', NULL);
INSERT INTO `sys_rule_fact_field` (`objid`, `parentid`, `name`, `title`, `datatype`, `sortorder`, `handler`, `lookuphandler`, `lookupkey`, `lookupvalue`, `lookupdatatype`, `multivalued`, `required`, `vardatatype`, `lovname`) VALUES ('FACTFLD686e4ec:146a335ed43:-7df0', 'RULFACT-26aa09fd:1419696e71f:-7feb', 'purpose', 'Purpose', 'string', '9', 'lov', NULL, NULL, NULL, NULL, NULL, NULL, 'string', 'BUSINESS_PURPOSE');
INSERT INTO `sys_rule_fact_field` (`objid`, `parentid`, `name`, `title`, `datatype`, `sortorder`, `handler`, `lookuphandler`, `lookupkey`, `lookupvalue`, `lookupdatatype`, `multivalued`, `required`, `vardatatype`, `lovname`) VALUES ('FACTFLD-45a06f70:141e85fbfd5:-7f6f', 'RULFACT-76732870:14196dc4027:-7f87', 'assessmenttype', 'Assessment Type', NULL, '4', 'lov', NULL, NULL, NULL, NULL, NULL, NULL, NULL, 'LOB_ASSESSMENT_TYPES');
INSERT INTO `sys_rule_fact_field` (`objid`, `parentid`, `name`, `title`, `datatype`, `sortorder`, `handler`, `lookuphandler`, `lookupkey`, `lookupvalue`, `lookupdatatype`, `multivalued`, `required`, `vardatatype`, `lovname`) VALUES ('FACTFLD-76732870:14196dc4027:-7f25', 'RULFACT-76732870:14196dc4027:-7f87', 'classification', 'Classification', 'string', '1', 'lookup', 'lobclassification:lookup', 'objid', 'name', NULL, NULL, NULL, NULL, NULL);
INSERT INTO `sys_rule_fact_field` (`objid`, `parentid`, `name`, `title`, `datatype`, `sortorder`, `handler`, `lookuphandler`, `lookupkey`, `lookupvalue`, `lookupdatatype`, `multivalued`, `required`, `vardatatype`, `lovname`) VALUES ('FACTFLD-76732870:14196dc4027:-7f80', 'RULFACT-76732870:14196dc4027:-7f87', 'lobid', 'Name', 'string', '2', 'lookup', 'lob:lookup', 'objid', 'name', NULL, NULL, NULL, NULL, NULL);
INSERT INTO `sys_rule_fact_field` (`objid`, `parentid`, `name`, `title`, `datatype`, `sortorder`, `handler`, `lookuphandler`, `lookupkey`, `lookupvalue`, `lookupdatatype`, `multivalued`, `required`, `vardatatype`, `lovname`) VALUES ('FACTFLD-7dcd2cc0:1419c36c939:-7f7f', 'RULFACT-76732870:14196dc4027:-7f87', 'attributes', 'Attributes', NULL, '3', 'lookup', 'lobattribute:lookup', 'name', 'name', NULL, '1', NULL, NULL, NULL);
INSERT INTO `sys_rule_fact_field` (`objid`, `parentid`, `name`, `title`, `datatype`, `sortorder`, `handler`, `lookuphandler`, `lookupkey`, `lookupvalue`, `lookupdatatype`, `multivalued`, `required`, `vardatatype`, `lovname`) VALUES ('FACTFLD-73089baf:141f3d279b0:-7f78', 'RULFACT-bad19b4:141f3c18435:-7fa9', 'lob', 'Line of Business', NULL, '1', 'var', NULL, NULL, NULL, NULL, NULL, '1', 'bpls.facts.LOB', NULL);
INSERT INTO `sys_rule_fact_field` (`objid`, `parentid`, `name`, `title`, `datatype`, `sortorder`, `handler`, `lookuphandler`, `lookupkey`, `lookupvalue`, `lookupdatatype`, `multivalued`, `required`, `vardatatype`, `lovname`) VALUES ('FACTFLD2713811e:141f3ed1502:-7ed5', 'RULFACT-bad19b4:141f3c18435:-7fa9', 'stringvalue', 'Value', 'string', '5', 'string', NULL, NULL, NULL, NULL, NULL, NULL, 'string', NULL);
INSERT INTO `sys_rule_fact_field` (`objid`, `parentid`, `name`, `title`, `datatype`, `sortorder`, `handler`, `lookuphandler`, `lookupkey`, `lookupvalue`, `lookupdatatype`, `multivalued`, `required`, `vardatatype`, `lovname`) VALUES ('FACTFLD2713811e:141f3ed1502:-7ede', 'RULFACT-bad19b4:141f3c18435:-7fa9', 'booleanvalue', 'Value', 'boolean', '4', 'boolean', NULL, NULL, NULL, NULL, NULL, NULL, 'boolean', NULL);
INSERT INTO `sys_rule_fact_field` (`objid`, `parentid`, `name`, `title`, `datatype`, `sortorder`, `handler`, `lookuphandler`, `lookupkey`, `lookupvalue`, `lookupdatatype`, `multivalued`, `required`, `vardatatype`, `lovname`) VALUES ('FACTFLD2713811e:141f3ed1502:-7ee7', 'RULFACT-bad19b4:141f3c18435:-7fa9', 'intvalue', 'Value', 'integer', '3', 'integer', NULL, NULL, NULL, NULL, NULL, NULL, 'integer', NULL);
INSERT INTO `sys_rule_fact_field` (`objid`, `parentid`, `name`, `title`, `datatype`, `sortorder`, `handler`, `lookuphandler`, `lookupkey`, `lookupvalue`, `lookupdatatype`, `multivalued`, `required`, `vardatatype`, `lovname`) VALUES ('FACTFLD2713811e:141f3ed1502:-7ef0', 'RULFACT-bad19b4:141f3c18435:-7fa9', 'decimalvalue', 'Value', 'decimal', '2', 'decimal', NULL, NULL, NULL, NULL, NULL, NULL, 'decimal', NULL);
INSERT INTO `sys_rule_fact_field` (`objid`, `parentid`, `name`, `title`, `datatype`, `sortorder`, `handler`, `lookuphandler`, `lookupkey`, `lookupvalue`, `lookupdatatype`, `multivalued`, `required`, `vardatatype`, `lovname`) VALUES ('FACTFLD27c10060:1481e95fd06:-7eb5', 'RULFACT2e8bac67:1422b41d3b3:-7f64', 'date', 'Date', 'date', '4', 'date', NULL, NULL, NULL, NULL, NULL, NULL, 'date', NULL);
INSERT INTO `sys_rule_fact_field` (`objid`, `parentid`, `name`, `title`, `datatype`, `sortorder`, `handler`, `lookuphandler`, `lookupkey`, `lookupvalue`, `lookupdatatype`, `multivalued`, `required`, `vardatatype`, `lovname`) VALUES ('FACTFLD2e8bac67:1422b41d3b3:-7f30', 'RULFACT2e8bac67:1422b41d3b3:-7f64', 'month', 'Month', 'integer', '3', 'integer', NULL, NULL, NULL, NULL, NULL, NULL, 'integer', NULL);
INSERT INTO `sys_rule_fact_field` (`objid`, `parentid`, `name`, `title`, `datatype`, `sortorder`, `handler`, `lookuphandler`, `lookupkey`, `lookupvalue`, `lookupdatatype`, `multivalued`, `required`, `vardatatype`, `lovname`) VALUES ('FACTFLD2e8bac67:1422b41d3b3:-7f4a', 'RULFACT2e8bac67:1422b41d3b3:-7f64', 'year', 'Year', 'integer', '2', 'integer', NULL, NULL, NULL, NULL, NULL, NULL, 'integer', NULL);
INSERT INTO `sys_rule_fact_field` (`objid`, `parentid`, `name`, `title`, `datatype`, `sortorder`, `handler`, `lookuphandler`, `lookupkey`, `lookupvalue`, `lookupdatatype`, `multivalued`, `required`, `vardatatype`, `lovname`) VALUES ('FACTFLD2e8bac67:1422b41d3b3:-7f53', 'RULFACT2e8bac67:1422b41d3b3:-7f64', 'qtr', 'Qtr', 'integer', '1', 'integer', NULL, NULL, NULL, NULL, NULL, NULL, 'integer', NULL);
INSERT INTO `sys_rule_fact_field` (`objid`, `parentid`, `name`, `title`, `datatype`, `sortorder`, `handler`, `lookuphandler`, `lookupkey`, `lookupvalue`, `lookupdatatype`, `multivalued`, `required`, `vardatatype`, `lovname`) VALUES ('FACTFLD3a2b180:142b73535d5:-7f95', 'RULFACT3a2b180:142b73535d5:-7fb1', 'year', 'Year', 'integer', '1', 'integer', NULL, NULL, NULL, NULL, NULL, NULL, 'integer', NULL);
INSERT INTO `sys_rule_fact_field` (`objid`, `parentid`, `name`, `title`, `datatype`, `sortorder`, `handler`, `lookuphandler`, `lookupkey`, `lookupvalue`, `lookupdatatype`, `multivalued`, `required`, `vardatatype`, `lovname`) VALUES ('FACTFLD4a03cdfb:141f9a6dc3c:-7816', 'RULFACT4a03cdfb:141f9a6dc3c:-784a', 'stringvalue', 'Value', 'string', '5', 'string', NULL, NULL, NULL, NULL, NULL, '0', 'string', NULL);
INSERT INTO `sys_rule_fact_field` (`objid`, `parentid`, `name`, `title`, `datatype`, `sortorder`, `handler`, `lookuphandler`, `lookupkey`, `lookupvalue`, `lookupdatatype`, `multivalued`, `required`, `vardatatype`, `lovname`) VALUES ('FACTFLD4a03cdfb:141f9a6dc3c:-781f', 'RULFACT4a03cdfb:141f9a6dc3c:-784a', 'intvalue', 'Value', 'integer', '4', 'integer', NULL, NULL, NULL, NULL, NULL, '0', 'integer', NULL);
INSERT INTO `sys_rule_fact_field` (`objid`, `parentid`, `name`, `title`, `datatype`, `sortorder`, `handler`, `lookuphandler`, `lookupkey`, `lookupvalue`, `lookupdatatype`, `multivalued`, `required`, `vardatatype`, `lovname`) VALUES ('FACTFLD4a03cdfb:141f9a6dc3c:-7828', 'RULFACT4a03cdfb:141f9a6dc3c:-784a', 'decimalvalue', 'Value', 'decimal', '3', 'decimal', NULL, NULL, NULL, NULL, NULL, '0', 'decimal', NULL);
INSERT INTO `sys_rule_fact_field` (`objid`, `parentid`, `name`, `title`, `datatype`, `sortorder`, `handler`, `lookuphandler`, `lookupkey`, `lookupvalue`, `lookupdatatype`, `multivalued`, `required`, `vardatatype`, `lovname`) VALUES ('FACTFLD4a03cdfb:141f9a6dc3c:-7831', 'RULFACT4a03cdfb:141f9a6dc3c:-784a', 'booleanvalue', 'Value', 'boolean', '2', 'boolean', NULL, NULL, NULL, NULL, NULL, '0', 'boolean', NULL);
INSERT INTO `sys_rule_fact_field` (`objid`, `parentid`, `name`, `title`, `datatype`, `sortorder`, `handler`, `lookuphandler`, `lookupkey`, `lookupvalue`, `lookupdatatype`, `multivalued`, `required`, `vardatatype`, `lovname`) VALUES ('FACTFLD4a03cdfb:141f9a6dc3c:-783a', 'RULFACT4a03cdfb:141f9a6dc3c:-784a', 'lob', 'Line of Business', 'string', '1', 'var', NULL, NULL, NULL, NULL, NULL, '0', 'bpls.facts.LOB', NULL);
INSERT INTO `sys_rule_fact_field` (`objid`, `parentid`, `name`, `title`, `datatype`, `sortorder`, `handler`, `lookuphandler`, `lookupkey`, `lookupvalue`, `lookupdatatype`, `multivalued`, `required`, `vardatatype`, `lovname`) VALUES ('FACTFLD4ca00100:141fe894560:-7d51', 'RULFACT4ca00100:141fe894560:-7d8e', 'lowest', 'Is Lowest Amount', 'boolean', '5', 'boolean', NULL, NULL, NULL, NULL, NULL, NULL, 'boolean', NULL);
INSERT INTO `sys_rule_fact_field` (`objid`, `parentid`, `name`, `title`, `datatype`, `sortorder`, `handler`, `lookuphandler`, `lookupkey`, `lookupvalue`, `lookupdatatype`, `multivalued`, `required`, `vardatatype`, `lovname`) VALUES ('FACTFLD4ca00100:141fe894560:-7d5a', 'RULFACT4ca00100:141fe894560:-7d8e', 'highest', 'Is Highest Amount', 'boolean', '4', 'boolean', NULL, NULL, NULL, NULL, NULL, '0', 'boolean', NULL);
INSERT INTO `sys_rule_fact_field` (`objid`, `parentid`, `name`, `title`, `datatype`, `sortorder`, `handler`, `lookuphandler`, `lookupkey`, `lookupvalue`, `lookupdatatype`, `multivalued`, `required`, `vardatatype`, `lovname`) VALUES ('FACTFLD4ca00100:141fe894560:-7d63', 'RULFACT4ca00100:141fe894560:-7d8e', 'amount', 'Amount', 'decimal', '3', 'decimal', NULL, NULL, NULL, NULL, NULL, NULL, 'decimal', NULL);
INSERT INTO `sys_rule_fact_field` (`objid`, `parentid`, `name`, `title`, `datatype`, `sortorder`, `handler`, `lookuphandler`, `lookupkey`, `lookupvalue`, `lookupdatatype`, `multivalued`, `required`, `vardatatype`, `lovname`) VALUES ('FACTFLD4ca00100:141fe894560:-7d74', 'RULFACT4ca00100:141fe894560:-7d8e', 'acctid', 'Account', 'string', '2', 'lookup', 'revenueitem:lookup', 'objid', 'title', NULL, NULL, NULL, NULL, NULL);
INSERT INTO `sys_rule_fact_field` (`objid`, `parentid`, `name`, `title`, `datatype`, `sortorder`, `handler`, `lookuphandler`, `lookupkey`, `lookupvalue`, `lookupdatatype`, `multivalued`, `required`, `vardatatype`, `lovname`) VALUES ('FACTFLD4ca00100:141fe894560:-7d7d', 'RULFACT4ca00100:141fe894560:-7d8e', 'lob', 'Line of Business', 'string', '1', 'var', NULL, NULL, NULL, NULL, NULL, NULL, 'bpls.facts.LOB', NULL);
INSERT INTO `sys_rule_fact_field` (`objid`, `parentid`, `name`, `title`, `datatype`, `sortorder`, `handler`, `lookuphandler`, `lookupkey`, `lookupvalue`, `lookupdatatype`, `multivalued`, `required`, `vardatatype`, `lovname`) VALUES ('FACTFLD4ca00100:141fe894560:-7e02', 'RULFACT4ca00100:141fe894560:-7e3f', 'lowest', 'Is Lowest Amount', 'boolean', '5', 'boolean', NULL, NULL, NULL, NULL, NULL, NULL, 'boolean', NULL);
INSERT INTO `sys_rule_fact_field` (`objid`, `parentid`, `name`, `title`, `datatype`, `sortorder`, `handler`, `lookuphandler`, `lookupkey`, `lookupvalue`, `lookupdatatype`, `multivalued`, `required`, `vardatatype`, `lovname`) VALUES ('FACTFLD4ca00100:141fe894560:-7e0b', 'RULFACT4ca00100:141fe894560:-7e3f', 'highest', 'Is Highest Amount', 'boolean', '4', 'boolean', NULL, NULL, NULL, NULL, NULL, NULL, 'boolean', NULL);
INSERT INTO `sys_rule_fact_field` (`objid`, `parentid`, `name`, `title`, `datatype`, `sortorder`, `handler`, `lookuphandler`, `lookupkey`, `lookupvalue`, `lookupdatatype`, `multivalued`, `required`, `vardatatype`, `lovname`) VALUES ('FACTFLD4ca00100:141fe894560:-7e14', 'RULFACT4ca00100:141fe894560:-7e3f', 'amount', 'Amount', 'decimal', '3', 'decimal', NULL, NULL, NULL, NULL, NULL, NULL, 'decimal', NULL);
INSERT INTO `sys_rule_fact_field` (`objid`, `parentid`, `name`, `title`, `datatype`, `sortorder`, `handler`, `lookuphandler`, `lookupkey`, `lookupvalue`, `lookupdatatype`, `multivalued`, `required`, `vardatatype`, `lovname`) VALUES ('FACTFLD4ca00100:141fe894560:-7e25', 'RULFACT4ca00100:141fe894560:-7e3f', 'acctid', 'Account', 'string', '2', 'lookup', 'revenueitem:lookup', 'objid', 'title', NULL, NULL, NULL, 'string', NULL);
INSERT INTO `sys_rule_fact_field` (`objid`, `parentid`, `name`, `title`, `datatype`, `sortorder`, `handler`, `lookuphandler`, `lookupkey`, `lookupvalue`, `lookupdatatype`, `multivalued`, `required`, `vardatatype`, `lovname`) VALUES ('FACTFLD4ca00100:141fe894560:-7e2e', 'RULFACT4ca00100:141fe894560:-7e3f', 'lob', 'Line of Business', 'string', '1', 'var', NULL, NULL, NULL, NULL, NULL, NULL, 'bpls.facts.LOB', NULL);
INSERT INTO `sys_rule_fact_field` (`objid`, `parentid`, `name`, `title`, `datatype`, `sortorder`, `handler`, `lookuphandler`, `lookupkey`, `lookupvalue`, `lookupdatatype`, `multivalued`, `required`, `vardatatype`, `lovname`) VALUES ('FACTFLD-3e0f5e2c:14a3b56e470:-7f67', 'RULFACT682fd2e6:145de99014c:-7f3e', 'type', 'Location Type', 'string', '2', 'lov', NULL, NULL, NULL, NULL, NULL, NULL, 'string', 'BUSINESS_LOCATION_TYPES');
INSERT INTO `sys_rule_fact_field` (`objid`, `parentid`, `name`, `title`, `datatype`, `sortorder`, `handler`, `lookuphandler`, `lookupkey`, `lookupvalue`, `lookupdatatype`, `multivalued`, `required`, `vardatatype`, `lovname`) VALUES ('FACTFLD682fd2e6:145de99014c:-7e46', 'RULFACT682fd2e6:145de99014c:-7f3e', 'barangayid', 'Barangay', 'string', '1', 'lookup', 'barangay:lookup', 'objid', 'name', NULL, NULL, NULL, 'string', NULL);
INSERT INTO `sys_rule_fact_field` (`objid`, `parentid`, `name`, `title`, `datatype`, `sortorder`, `handler`, `lookuphandler`, `lookupkey`, `lookupvalue`, `lookupdatatype`, `multivalued`, `required`, `vardatatype`, `lovname`) VALUES ('FACTFLD4a03cdfb:141f9a6dc3c:-7b91', 'RULFACT72bb01b1:141b1fdca80:-7f86', 'lowest', 'Is Lowest Amount', 'boolean', '5', 'boolean', NULL, NULL, NULL, NULL, NULL, NULL, 'boolean', NULL);
INSERT INTO `sys_rule_fact_field` (`objid`, `parentid`, `name`, `title`, `datatype`, `sortorder`, `handler`, `lookuphandler`, `lookupkey`, `lookupvalue`, `lookupdatatype`, `multivalued`, `required`, `vardatatype`, `lovname`) VALUES ('FACTFLD4a03cdfb:141f9a6dc3c:-7b9a', 'RULFACT72bb01b1:141b1fdca80:-7f86', 'highest', 'Is Highest Amount', 'boolean', '4', 'boolean', NULL, NULL, NULL, NULL, NULL, NULL, 'boolean', NULL);
INSERT INTO `sys_rule_fact_field` (`objid`, `parentid`, `name`, `title`, `datatype`, `sortorder`, `handler`, `lookuphandler`, `lookupkey`, `lookupvalue`, `lookupdatatype`, `multivalued`, `required`, `vardatatype`, `lovname`) VALUES ('FACTFLD72bb01b1:141b1fdca80:-7f45', 'RULFACT72bb01b1:141b1fdca80:-7f86', 'lob', 'Line of Business', NULL, '1', 'var', NULL, NULL, NULL, NULL, NULL, '0', 'bpls.facts.LOB', NULL);
INSERT INTO `sys_rule_fact_field` (`objid`, `parentid`, `name`, `title`, `datatype`, `sortorder`, `handler`, `lookuphandler`, `lookupkey`, `lookupvalue`, `lookupdatatype`, `multivalued`, `required`, `vardatatype`, `lovname`) VALUES ('FACTFLD72bb01b1:141b1fdca80:-7f70', 'RULFACT72bb01b1:141b1fdca80:-7f86', 'amount', 'Amount', 'decimal', '3', 'decimal', NULL, NULL, NULL, NULL, NULL, NULL, 'decimal', NULL);
INSERT INTO `sys_rule_fact_field` (`objid`, `parentid`, `name`, `title`, `datatype`, `sortorder`, `handler`, `lookuphandler`, `lookupkey`, `lookupvalue`, `lookupdatatype`, `multivalued`, `required`, `vardatatype`, `lovname`) VALUES ('FACTFLD72bb01b1:141b1fdca80:-7f7f', 'RULFACT72bb01b1:141b1fdca80:-7f86', 'acctid', 'Account', NULL, '2', 'lookup', 'revenueitem:lookup', 'objid', 'title', NULL, NULL, '0', NULL, NULL);
INSERT INTO `sys_rule_fact_field` (`objid`, `parentid`, `name`, `title`, `datatype`, `sortorder`, `handler`, `lookuphandler`, `lookupkey`, `lookupvalue`, `lookupdatatype`, `multivalued`, `required`, `vardatatype`, `lovname`) VALUES ('FACTFLD-1f3e2b64:14230dd8f62:-7da5', 'RULFACT-1f3e2b64:14230dd8f62:-7dd8', 'expired', 'Expired', 'boolean', '3', 'boolean', NULL, NULL, NULL, NULL, NULL, NULL, 'boolean', NULL);
INSERT INTO `sys_rule_fact_field` (`objid`, `parentid`, `name`, `title`, `datatype`, `sortorder`, `handler`, `lookuphandler`, `lookupkey`, `lookupvalue`, `lookupdatatype`, `multivalued`, `required`, `vardatatype`, `lovname`) VALUES ('FACTFLD-1f3e2b64:14230dd8f62:-7db6', 'RULFACT-1f3e2b64:14230dd8f62:-7dd8', 'amtdue', 'Amount Due', 'decimal', '2', 'decimal', NULL, NULL, NULL, NULL, NULL, NULL, 'decimal', NULL);
INSERT INTO `sys_rule_fact_field` (`objid`, `parentid`, `name`, `title`, `datatype`, `sortorder`, `handler`, `lookuphandler`, `lookupkey`, `lookupvalue`, `lookupdatatype`, `multivalued`, `required`, `vardatatype`, `lovname`) VALUES ('FACTFLD-1f3e2b64:14230dd8f62:-7dc7', 'RULFACT-1f3e2b64:14230dd8f62:-7dd8', 'acctid', 'Account', 'string', '1', 'lookup', 'revenueitem:lookup', 'objid', 'title', NULL, NULL, NULL, 'string', NULL);
INSERT INTO `sys_rule_fact_field` (`objid`, `parentid`, `name`, `title`, `datatype`, `sortorder`, `handler`, `lookuphandler`, `lookupkey`, `lookupvalue`, `lookupdatatype`, `multivalued`, `required`, `vardatatype`, `lovname`) VALUES ('FACTFLD-234b5263:142c77537de:-7af4', 'RULFACT-1f3e2b64:14230dd8f62:-7dd8', 'lob', 'Line of Business', 'string', '6', 'var', NULL, NULL, NULL, NULL, NULL, NULL, 'bpls.facts.LOB', NULL);
INSERT INTO `sys_rule_fact_field` (`objid`, `parentid`, `name`, `title`, `datatype`, `sortorder`, `handler`, `lookuphandler`, `lookupkey`, `lookupvalue`, `lookupdatatype`, `multivalued`, `required`, `vardatatype`, `lovname`) VALUES ('FACTFLD-37d4447c:1480b43afb0:-7f10', 'RULFACT-1f3e2b64:14230dd8f62:-7dd8', 'asssessmenttype', 'Assessment Type', 'string', '7', 'lov', NULL, NULL, NULL, NULL, NULL, NULL, 'string', 'BUSINESS_APP_TYPES');
INSERT INTO `sys_rule_fact_field` (`objid`, `parentid`, `name`, `title`, `datatype`, `sortorder`, `handler`, `lookuphandler`, `lookupkey`, `lookupvalue`, `lookupdatatype`, `multivalued`, `required`, `vardatatype`, `lovname`) VALUES ('FACTFLD-fd57605:142324ab5d2:-7e3f', 'RULFACT-1f3e2b64:14230dd8f62:-7dd8', 'qtr', 'Qtr', 'integer', '4', 'integer', NULL, NULL, NULL, NULL, NULL, NULL, 'integer', NULL);
INSERT INTO `sys_rule_fact_field` (`objid`, `parentid`, `name`, `title`, `datatype`, `sortorder`, `handler`, `lookuphandler`, `lookupkey`, `lookupvalue`, `lookupdatatype`, `multivalued`, `required`, `vardatatype`, `lovname`) VALUES ('FACTFLD184d0b9f:142789765e5:-7da5', 'RULFACT-1f3e2b64:14230dd8f62:-7dd8', 'deadline', 'Deadline Date', 'date', '5', 'date', NULL, NULL, NULL, NULL, NULL, NULL, 'date', NULL);
INSERT INTO `sys_rule_fact_field` (`objid`, `parentid`, `name`, `title`, `datatype`, `sortorder`, `handler`, `lookuphandler`, `lookupkey`, `lookupvalue`, `lookupdatatype`, `multivalued`, `required`, `vardatatype`, `lovname`) VALUES ('FACTFLD-1f3e2b64:14230dd8f62:-7dfe', 'RULFACT-1f3e2b64:14230dd8f62:-7e29', 'expired', 'Expired', 'boolean', '3', 'boolean', NULL, NULL, NULL, NULL, NULL, NULL, 'boolean', NULL);
INSERT INTO `sys_rule_fact_field` (`objid`, `parentid`, `name`, `title`, `datatype`, `sortorder`, `handler`, `lookuphandler`, `lookupkey`, `lookupvalue`, `lookupdatatype`, `multivalued`, `required`, `vardatatype`, `lovname`) VALUES ('FACTFLD-1f3e2b64:14230dd8f62:-7e07', 'RULFACT-1f3e2b64:14230dd8f62:-7e29', 'amtdue', 'Amount Due', 'decimal', '2', 'decimal', NULL, NULL, NULL, NULL, NULL, NULL, 'decimal', NULL);
INSERT INTO `sys_rule_fact_field` (`objid`, `parentid`, `name`, `title`, `datatype`, `sortorder`, `handler`, `lookuphandler`, `lookupkey`, `lookupvalue`, `lookupdatatype`, `multivalued`, `required`, `vardatatype`, `lovname`) VALUES ('FACTFLD-1f3e2b64:14230dd8f62:-7e18', 'RULFACT-1f3e2b64:14230dd8f62:-7e29', 'acctid', 'Account', 'string', '1', 'lookup', 'revenueitem:lookup', 'objid', 'title', NULL, NULL, NULL, 'string', NULL);
INSERT INTO `sys_rule_fact_field` (`objid`, `parentid`, `name`, `title`, `datatype`, `sortorder`, `handler`, `lookuphandler`, `lookupkey`, `lookupvalue`, `lookupdatatype`, `multivalued`, `required`, `vardatatype`, `lovname`) VALUES ('FACTFLD-234b5263:142c77537de:-7b3b', 'RULFACT-1f3e2b64:14230dd8f62:-7e29', 'lob', 'Line of Business', 'string', '6', 'var', NULL, NULL, NULL, NULL, NULL, NULL, 'bpls.facts.LOB', NULL);
INSERT INTO `sys_rule_fact_field` (`objid`, `parentid`, `name`, `title`, `datatype`, `sortorder`, `handler`, `lookuphandler`, `lookupkey`, `lookupvalue`, `lookupdatatype`, `multivalued`, `required`, `vardatatype`, `lovname`) VALUES ('FACTFLD-37d4447c:1480b43afb0:-7f52', 'RULFACT-1f3e2b64:14230dd8f62:-7e29', 'assessmenttype', 'Assessment Type', 'string', '10', 'lov', NULL, NULL, NULL, NULL, NULL, NULL, 'string', 'BUSINESS_APP_TYPES');
INSERT INTO `sys_rule_fact_field` (`objid`, `parentid`, `name`, `title`, `datatype`, `sortorder`, `handler`, `lookuphandler`, `lookupkey`, `lookupvalue`, `lookupdatatype`, `multivalued`, `required`, `vardatatype`, `lovname`) VALUES ('FACTFLD-5c8064e4:143fb646ea9:-7ec0', 'RULFACT-1f3e2b64:14230dd8f62:-7e29', 'surcharge', 'Surcharge', 'decimal', '7', 'decimal', NULL, NULL, NULL, NULL, NULL, NULL, 'decimal', NULL);
INSERT INTO `sys_rule_fact_field` (`objid`, `parentid`, `name`, `title`, `datatype`, `sortorder`, `handler`, `lookuphandler`, `lookupkey`, `lookupvalue`, `lookupdatatype`, `multivalued`, `required`, `vardatatype`, `lovname`) VALUES ('FACTFLD-fd57605:142324ab5d2:-7e7b', 'RULFACT-1f3e2b64:14230dd8f62:-7e29', 'qtr', 'Qtr', 'integer', '4', 'integer', NULL, NULL, NULL, NULL, NULL, NULL, 'integer', NULL);
INSERT INTO `sys_rule_fact_field` (`objid`, `parentid`, `name`, `title`, `datatype`, `sortorder`, `handler`, `lookuphandler`, `lookupkey`, `lookupvalue`, `lookupdatatype`, `multivalued`, `required`, `vardatatype`, `lovname`) VALUES ('FACTFLD184d0b9f:142789765e5:-7de2', 'RULFACT-1f3e2b64:14230dd8f62:-7e29', 'deadline', 'Deadline Date', 'date', '5', 'date', NULL, NULL, NULL, NULL, NULL, NULL, 'date', NULL);
INSERT INTO `sys_rule_fact_field` (`objid`, `parentid`, `name`, `title`, `datatype`, `sortorder`, `handler`, `lookuphandler`, `lookupkey`, `lookupvalue`, `lookupdatatype`, `multivalued`, `required`, `vardatatype`, `lovname`) VALUES ('FACTFLD3c33cd02:14744856d01:-7e35', 'RULFACT-1f3e2b64:14230dd8f62:-7e29', 'firstdateofyear', 'First Date of Year', 'date', '9', 'date', NULL, NULL, NULL, NULL, NULL, NULL, 'date', NULL);
INSERT INTO `sys_rule_fact_field` (`objid`, `parentid`, `name`, `title`, `datatype`, `sortorder`, `handler`, `lookuphandler`, `lookupkey`, `lookupvalue`, `lookupdatatype`, `multivalued`, `required`, `vardatatype`, `lovname`) VALUES ('FACTFLD3c33cd02:14744856d01:-7e3e', 'RULFACT-1f3e2b64:14230dd8f62:-7e29', 'fullamtdue', 'Full Amount Due', 'decimal', '8', 'decimal', NULL, NULL, NULL, NULL, NULL, NULL, 'decimal', NULL);
INSERT INTO `sys_rule_fact_field` (`objid`, `parentid`, `name`, `title`, `datatype`, `sortorder`, `handler`, `lookuphandler`, `lookupkey`, `lookupvalue`, `lookupdatatype`, `multivalued`, `required`, `vardatatype`, `lovname`) VALUES ('FACTFLD-1f3e2b64:14230dd8f62:-7e8b', 'RULFACT-1f3e2b64:14230dd8f62:-7eb6', 'expired', 'Expired', 'boolean', '3', 'boolean', NULL, NULL, NULL, NULL, NULL, NULL, 'boolean', NULL);
INSERT INTO `sys_rule_fact_field` (`objid`, `parentid`, `name`, `title`, `datatype`, `sortorder`, `handler`, `lookuphandler`, `lookupkey`, `lookupvalue`, `lookupdatatype`, `multivalued`, `required`, `vardatatype`, `lovname`) VALUES ('FACTFLD-1f3e2b64:14230dd8f62:-7e94', 'RULFACT-1f3e2b64:14230dd8f62:-7eb6', 'amtdue', 'Amount Due', 'decimal', '2', 'decimal', NULL, NULL, NULL, NULL, NULL, NULL, 'decimal', NULL);
INSERT INTO `sys_rule_fact_field` (`objid`, `parentid`, `name`, `title`, `datatype`, `sortorder`, `handler`, `lookuphandler`, `lookupkey`, `lookupvalue`, `lookupdatatype`, `multivalued`, `required`, `vardatatype`, `lovname`) VALUES ('FACTFLD-1f3e2b64:14230dd8f62:-7ea5', 'RULFACT-1f3e2b64:14230dd8f62:-7eb6', 'acctid', 'Account', 'string', '1', 'lookup', 'revenueitem:lookup', 'objid', 'title', NULL, NULL, NULL, 'string', NULL);
INSERT INTO `sys_rule_fact_field` (`objid`, `parentid`, `name`, `title`, `datatype`, `sortorder`, `handler`, `lookuphandler`, `lookupkey`, `lookupvalue`, `lookupdatatype`, `multivalued`, `required`, `vardatatype`, `lovname`) VALUES ('FACTFLD-234b5263:142c77537de:-7c17', 'RULFACT-1f3e2b64:14230dd8f62:-7eb6', 'lob', 'Line of Business', 'string', '7', 'var', NULL, NULL, NULL, NULL, NULL, NULL, 'bpls.facts.LOB', NULL);
INSERT INTO `sys_rule_fact_field` (`objid`, `parentid`, `name`, `title`, `datatype`, `sortorder`, `handler`, `lookuphandler`, `lookupkey`, `lookupvalue`, `lookupdatatype`, `multivalued`, `required`, `vardatatype`, `lovname`) VALUES ('FACTFLD-37d4447c:1480b43afb0:-7f89', 'RULFACT-1f3e2b64:14230dd8f62:-7eb6', 'assessmenttype', 'Assessment Type', 'string', '10', 'lov', NULL, NULL, NULL, NULL, NULL, NULL, 'string', 'BUSINESS_APP_TYPES');
INSERT INTO `sys_rule_fact_field` (`objid`, `parentid`, `name`, `title`, `datatype`, `sortorder`, `handler`, `lookuphandler`, `lookupkey`, `lookupvalue`, `lookupdatatype`, `multivalued`, `required`, `vardatatype`, `lovname`) VALUES ('FACTFLD-fd57605:142324ab5d2:-78ff', 'RULFACT-1f3e2b64:14230dd8f62:-7eb6', 'surcharge', 'Surcharge', 'decimal', '5', 'decimal', NULL, NULL, NULL, NULL, NULL, NULL, 'decimal', NULL);
INSERT INTO `sys_rule_fact_field` (`objid`, `parentid`, `name`, `title`, `datatype`, `sortorder`, `handler`, `lookuphandler`, `lookupkey`, `lookupvalue`, `lookupdatatype`, `multivalued`, `required`, `vardatatype`, `lovname`) VALUES ('FACTFLD-fd57605:142324ab5d2:-7eaf', 'RULFACT-1f3e2b64:14230dd8f62:-7eb6', 'qtr', 'Qtr', 'integer', '4', 'integer', NULL, NULL, NULL, NULL, NULL, NULL, 'integer', NULL);
INSERT INTO `sys_rule_fact_field` (`objid`, `parentid`, `name`, `title`, `datatype`, `sortorder`, `handler`, `lookuphandler`, `lookupkey`, `lookupvalue`, `lookupdatatype`, `multivalued`, `required`, `vardatatype`, `lovname`) VALUES ('FACTFLD184d0b9f:142789765e5:-7e5f', 'RULFACT-1f3e2b64:14230dd8f62:-7eb6', 'deadline', 'Deadline Date', 'date', '6', 'date', NULL, NULL, NULL, NULL, NULL, NULL, 'date', NULL);
INSERT INTO `sys_rule_fact_field` (`objid`, `parentid`, `name`, `title`, `datatype`, `sortorder`, `handler`, `lookuphandler`, `lookupkey`, `lookupvalue`, `lookupdatatype`, `multivalued`, `required`, `vardatatype`, `lovname`) VALUES ('FACTFLD2553f086:14743f5755a:-7ca8', 'RULFACT-1f3e2b64:14230dd8f62:-7eb6', 'fullamtdue', 'Full Amt Due', 'decimal', '8', 'decimal', NULL, NULL, NULL, NULL, NULL, NULL, 'decimal', NULL);
INSERT INTO `sys_rule_fact_field` (`objid`, `parentid`, `name`, `title`, `datatype`, `sortorder`, `handler`, `lookuphandler`, `lookupkey`, `lookupvalue`, `lookupdatatype`, `multivalued`, `required`, `vardatatype`, `lovname`) VALUES ('FACTFLD3c33cd02:14744856d01:-7ed2', 'RULFACT-1f3e2b64:14230dd8f62:-7eb6', 'firstdateofyear', 'First Date of Year', 'date', '9', 'date', NULL, NULL, NULL, NULL, NULL, NULL, 'date', NULL);
INSERT INTO `sys_rule_fact_field` (`objid`, `parentid`, `name`, `title`, `datatype`, `sortorder`, `handler`, `lookuphandler`, `lookupkey`, `lookupvalue`, `lookupdatatype`, `multivalued`, `required`, `vardatatype`, `lovname`) VALUES ('FACTFLD-42025b26:14237a79c92:-7f53', 'RULFACT-46f22f55:14231734d86:-7eca', 'date', 'Date', 'date', '4', 'date', NULL, NULL, NULL, NULL, NULL, NULL, 'date', NULL);
INSERT INTO `sys_rule_fact_field` (`objid`, `parentid`, `name`, `title`, `datatype`, `sortorder`, `handler`, `lookuphandler`, `lookupkey`, `lookupvalue`, `lookupdatatype`, `multivalued`, `required`, `vardatatype`, `lovname`) VALUES ('FACTFLD-46f22f55:14231734d86:-7ea7', 'RULFACT-46f22f55:14231734d86:-7eca', 'day', 'Day', 'integer', '3', 'integer', NULL, NULL, NULL, NULL, NULL, NULL, 'integer', NULL);
INSERT INTO `sys_rule_fact_field` (`objid`, `parentid`, `name`, `title`, `datatype`, `sortorder`, `handler`, `lookuphandler`, `lookupkey`, `lookupvalue`, `lookupdatatype`, `multivalued`, `required`, `vardatatype`, `lovname`) VALUES ('FACTFLD-46f22f55:14231734d86:-7eb0', 'RULFACT-46f22f55:14231734d86:-7eca', 'year', 'Year', 'integer', '2', 'integer', NULL, NULL, NULL, NULL, NULL, NULL, 'integer', NULL);
INSERT INTO `sys_rule_fact_field` (`objid`, `parentid`, `name`, `title`, `datatype`, `sortorder`, `handler`, `lookuphandler`, `lookupkey`, `lookupvalue`, `lookupdatatype`, `multivalued`, `required`, `vardatatype`, `lovname`) VALUES ('FACTFLD-46f22f55:14231734d86:-7eb9', 'RULFACT-46f22f55:14231734d86:-7eca', 'month', 'Month', 'integer', '1', 'integer', NULL, NULL, NULL, NULL, NULL, NULL, 'integer', NULL);
INSERT INTO `sys_rule_fact_field` (`objid`, `parentid`, `name`, `title`, `datatype`, `sortorder`, `handler`, `lookuphandler`, `lookupkey`, `lookupvalue`, `lookupdatatype`, `multivalued`, `required`, `vardatatype`, `lovname`) VALUES ('FACTFLD50ef92c8:147420ae632:-7c1c', 'RULFACT-46f22f55:14231734d86:-7eca', 'qtr', 'Qtr', 'integer', '5', 'integer', NULL, NULL, NULL, NULL, NULL, NULL, 'integer', NULL);
INSERT INTO `sys_rule_fact_field` (`objid`, `parentid`, `name`, `title`, `datatype`, `sortorder`, `handler`, `lookuphandler`, `lookupkey`, `lookupvalue`, `lookupdatatype`, `multivalued`, `required`, `vardatatype`, `lovname`) VALUES ('FACTFLD-435133e2:142c7ca3c49:-7a9f', 'RULFACT-fd57605:142324ab5d2:-7f33', 'deadline', 'Deadline date', 'date', '5', 'date', NULL, NULL, NULL, NULL, NULL, NULL, 'date', NULL);
INSERT INTO `sys_rule_fact_field` (`objid`, `parentid`, `name`, `title`, `datatype`, `sortorder`, `handler`, `lookuphandler`, `lookupkey`, `lookupvalue`, `lookupdatatype`, `multivalued`, `required`, `vardatatype`, `lovname`) VALUES ('FACTFLD-435133e2:142c7ca3c49:-7abe', 'RULFACT-fd57605:142324ab5d2:-7f33', 'beginQtrDate', 'Begin date of Qtr', 'date', '4', 'date', NULL, NULL, NULL, NULL, NULL, NULL, 'date', NULL);
INSERT INTO `sys_rule_fact_field` (`objid`, `parentid`, `name`, `title`, `datatype`, `sortorder`, `handler`, `lookuphandler`, `lookupkey`, `lookupvalue`, `lookupdatatype`, `multivalued`, `required`, `vardatatype`, `lovname`) VALUES ('FACTFLD-fd57605:142324ab5d2:-7f08', 'RULFACT-fd57605:142324ab5d2:-7f33', 'qtr', 'Qtr', 'integer', '3', 'integer', NULL, NULL, NULL, NULL, NULL, NULL, 'integer', NULL);
INSERT INTO `sys_rule_fact_field` (`objid`, `parentid`, `name`, `title`, `datatype`, `sortorder`, `handler`, `lookuphandler`, `lookupkey`, `lookupvalue`, `lookupdatatype`, `multivalued`, `required`, `vardatatype`, `lovname`) VALUES ('FACTFLD-fd57605:142324ab5d2:-7f19', 'RULFACT-fd57605:142324ab5d2:-7f33', 'year', 'Year', 'integer', '2', 'integer', NULL, NULL, NULL, NULL, NULL, NULL, 'integer', NULL);
INSERT INTO `sys_rule_fact_field` (`objid`, `parentid`, `name`, `title`, `datatype`, `sortorder`, `handler`, `lookuphandler`, `lookupkey`, `lookupvalue`, `lookupdatatype`, `multivalued`, `required`, `vardatatype`, `lovname`) VALUES ('FACTFLD-fd57605:142324ab5d2:-7f22', 'RULFACT-fd57605:142324ab5d2:-7f33', 'month', 'Month', 'integer', '1', 'integer', NULL, NULL, NULL, NULL, NULL, NULL, 'integer', NULL);
INSERT INTO `sys_rule_fact_field` (`objid`, `parentid`, `name`, `title`, `datatype`, `sortorder`, `handler`, `lookuphandler`, `lookupkey`, `lookupvalue`, `lookupdatatype`, `multivalued`, `required`, `vardatatype`, `lovname`) VALUES ('FACTFLD-fd840f:146ad32de46:-733f', 'RULFACT-fd840f:146ad32de46:-735f', 'amount', 'Amount', 'decimal', '1', 'decimal', NULL, NULL, NULL, NULL, NULL, NULL, 'decimal', NULL);
INSERT INTO `sys_rule_fact_field` (`objid`, `parentid`, `name`, `title`, `datatype`, `sortorder`, `handler`, `lookuphandler`, `lookupkey`, `lookupvalue`, `lookupdatatype`, `multivalued`, `required`, `vardatatype`, `lovname`) VALUES ('FACTFLD7ee0ab5e:141b6a15885:-7fd5', 'RULFACT7ee0ab5e:141b6a15885:-7ff1', 'amtdue', 'Amount Due', 'decimal', '1', 'decimal', NULL, NULL, NULL, NULL, NULL, NULL, 'decimal', NULL);
INSERT INTO `sys_rule_fact_field` (`objid`, `parentid`, `name`, `title`, `datatype`, `sortorder`, `handler`, `lookuphandler`, `lookupkey`, `lookupvalue`, `lookupdatatype`, `multivalued`, `required`, `vardatatype`, `lovname`) VALUES ('FACTFLD7ee0ab5e:141b6a15885:-7fdc', 'RULFACT7ee0ab5e:141b6a15885:-7ff1', 'qtr', 'Qtr', 'integer', '2', 'integer', NULL, NULL, NULL, NULL, NULL, NULL, 'integer', NULL);
INSERT INTO `sys_rule_fact_field` (`objid`, `parentid`, `name`, `title`, `datatype`, `sortorder`, `handler`, `lookuphandler`, `lookupkey`, `lookupvalue`, `lookupdatatype`, `multivalued`, `required`, `vardatatype`, `lovname`) VALUES ('FACTFLD7ee0ab5e:141b6a15885:-7fe3', 'RULFACT7ee0ab5e:141b6a15885:-7ff1', 'year', 'Year', 'integer', '3', 'integer', NULL, NULL, NULL, NULL, NULL, NULL, 'integer', NULL);
INSERT INTO `sys_rule_fact_field` (`objid`, `parentid`, `name`, `title`, `datatype`, `sortorder`, `handler`, `lookuphandler`, `lookupkey`, `lookupvalue`, `lookupdatatype`, `multivalued`, `required`, `vardatatype`, `lovname`) VALUES ('FACTFLD7ee0ab5e:141b6a15885:-7fea', 'RULFACT7ee0ab5e:141b6a15885:-7ff1', 'apptype', 'Application Type', NULL, '4', 'lov', NULL, NULL, NULL, NULL, NULL, NULL, NULL, 'BUSINESS_APP_TYPES');
INSERT INTO `sys_rule_fact_field` (`objid`, `parentid`, `name`, `title`, `datatype`, `sortorder`, `handler`, `lookuphandler`, `lookupkey`, `lookupvalue`, `lookupdatatype`, `multivalued`, `required`, `vardatatype`, `lovname`) VALUES ('FACTFLDe058e4:1481f37895f:-710d', 'RULFACTe058e4:1481f37895f:-720c', 'assessmenttype', 'Assessment Type', 'string', '10', 'lov', NULL, NULL, NULL, NULL, NULL, NULL, 'string', 'BUSINESS_APP_TYPES');
INSERT INTO `sys_rule_fact_field` (`objid`, `parentid`, `name`, `title`, `datatype`, `sortorder`, `handler`, `lookuphandler`, `lookupkey`, `lookupvalue`, `lookupdatatype`, `multivalued`, `required`, `vardatatype`, `lovname`) VALUES ('FACTFLDe058e4:1481f37895f:-7116', 'RULFACTe058e4:1481f37895f:-720c', 'firstdateofyear', 'First Date of Year', 'date', '9', 'date', NULL, NULL, NULL, NULL, NULL, NULL, 'date', NULL);
INSERT INTO `sys_rule_fact_field` (`objid`, `parentid`, `name`, `title`, `datatype`, `sortorder`, `handler`, `lookuphandler`, `lookupkey`, `lookupvalue`, `lookupdatatype`, `multivalued`, `required`, `vardatatype`, `lovname`) VALUES ('FACTFLDe058e4:1481f37895f:-7127', 'RULFACTe058e4:1481f37895f:-720c', 'fullamtdue', 'Full Amount Due', 'decimal', '8', 'decimal', NULL, NULL, NULL, NULL, NULL, NULL, 'decimal', NULL);
INSERT INTO `sys_rule_fact_field` (`objid`, `parentid`, `name`, `title`, `datatype`, `sortorder`, `handler`, `lookuphandler`, `lookupkey`, `lookupvalue`, `lookupdatatype`, `multivalued`, `required`, `vardatatype`, `lovname`) VALUES ('FACTFLDe058e4:1481f37895f:-7130', 'RULFACTe058e4:1481f37895f:-720c', 'lob', 'Line of Business', 'string', '7', 'var', NULL, NULL, NULL, NULL, NULL, NULL, 'bpls.facts.LOB', NULL);
INSERT INTO `sys_rule_fact_field` (`objid`, `parentid`, `name`, `title`, `datatype`, `sortorder`, `handler`, `lookuphandler`, `lookupkey`, `lookupvalue`, `lookupdatatype`, `multivalued`, `required`, `vardatatype`, `lovname`) VALUES ('FACTFLDe058e4:1481f37895f:-7139', 'RULFACTe058e4:1481f37895f:-720c', 'deadline', 'Deadline', 'date', '6', 'date', NULL, NULL, NULL, NULL, NULL, NULL, 'date', NULL);
INSERT INTO `sys_rule_fact_field` (`objid`, `parentid`, `name`, `title`, `datatype`, `sortorder`, `handler`, `lookuphandler`, `lookupkey`, `lookupvalue`, `lookupdatatype`, `multivalued`, `required`, `vardatatype`, `lovname`) VALUES ('FACTFLDe058e4:1481f37895f:-7142', 'RULFACTe058e4:1481f37895f:-720c', 'surcharge', 'Surcharge', 'decimal', '5', 'decimal', NULL, NULL, NULL, NULL, NULL, NULL, 'decimal', NULL);
INSERT INTO `sys_rule_fact_field` (`objid`, `parentid`, `name`, `title`, `datatype`, `sortorder`, `handler`, `lookuphandler`, `lookupkey`, `lookupvalue`, `lookupdatatype`, `multivalued`, `required`, `vardatatype`, `lovname`) VALUES ('FACTFLDe058e4:1481f37895f:-714b', 'RULFACTe058e4:1481f37895f:-720c', 'qtr', 'Qtr', 'integer', '4', 'integer', NULL, NULL, NULL, NULL, NULL, NULL, 'integer', NULL);
INSERT INTO `sys_rule_fact_field` (`objid`, `parentid`, `name`, `title`, `datatype`, `sortorder`, `handler`, `lookuphandler`, `lookupkey`, `lookupvalue`, `lookupdatatype`, `multivalued`, `required`, `vardatatype`, `lovname`) VALUES ('FACTFLDe058e4:1481f37895f:-7154', 'RULFACTe058e4:1481f37895f:-720c', 'expired', 'Expired', 'boolean', '3', 'boolean', NULL, NULL, NULL, NULL, NULL, NULL, 'boolean', NULL);
INSERT INTO `sys_rule_fact_field` (`objid`, `parentid`, `name`, `title`, `datatype`, `sortorder`, `handler`, `lookuphandler`, `lookupkey`, `lookupvalue`, `lookupdatatype`, `multivalued`, `required`, `vardatatype`, `lovname`) VALUES ('FACTFLDe058e4:1481f37895f:-715d', 'RULFACTe058e4:1481f37895f:-720c', 'amtdue', 'Amount Due', 'decimal', '2', 'decimal', NULL, NULL, NULL, NULL, NULL, NULL, 'decimal', NULL);
INSERT INTO `sys_rule_fact_field` (`objid`, `parentid`, `name`, `title`, `datatype`, `sortorder`, `handler`, `lookuphandler`, `lookupkey`, `lookupvalue`, `lookupdatatype`, `multivalued`, `required`, `vardatatype`, `lovname`) VALUES ('FACTFLDe058e4:1481f37895f:-71f8', 'RULFACTe058e4:1481f37895f:-720c', 'acctid', 'Account', 'string', '1', 'lookup', 'revenueitem:lookup', 'objid', 'title', NULL, NULL, NULL, 'string', NULL);
INSERT INTO `sys_rule_fact_field` (`objid`, `parentid`, `name`, `title`, `datatype`, `sortorder`, `handler`, `lookuphandler`, `lookupkey`, `lookupvalue`, `lookupdatatype`, `multivalued`, `required`, `vardatatype`, `lovname`) VALUES ('FACTFLD-5e76cf73:14d69e9c549:-7ec9', 'RULFACT-5e76cf73:14d69e9c549:-7f07', 'type', 'Adjustment Type', 'string', '4', 'lov', NULL, NULL, NULL, NULL, NULL, NULL, 'string', 'RPT_LAND_ADJUSTMENT_TYPES');
INSERT INTO `sys_rule_fact_field` (`objid`, `parentid`, `name`, `title`, `datatype`, `sortorder`, `handler`, `lookuphandler`, `lookupkey`, `lookupvalue`, `lookupdatatype`, `multivalued`, `required`, `vardatatype`, `lovname`) VALUES ('FACTFLD-5e76cf73:14d69e9c549:-7ed2', 'RULFACT-5e76cf73:14d69e9c549:-7f07', 'adjustment', 'Adjustment', 'decimal', '3', 'decimal', NULL, NULL, NULL, NULL, NULL, NULL, 'decimal', NULL);
INSERT INTO `sys_rule_fact_field` (`objid`, `parentid`, `name`, `title`, `datatype`, `sortorder`, `handler`, `lookuphandler`, `lookupkey`, `lookupvalue`, `lookupdatatype`, `multivalued`, `required`, `vardatatype`, `lovname`) VALUES ('FACTFLD-5e76cf73:14d69e9c549:-7ee3', 'RULFACT-5e76cf73:14d69e9c549:-7f07', 'landdetail', 'Land Detail', 'string', '2', 'var', NULL, NULL, NULL, NULL, NULL, NULL, 'rptis.land.facts.LandDetail', NULL);
INSERT INTO `sys_rule_fact_field` (`objid`, `parentid`, `name`, `title`, `datatype`, `sortorder`, `handler`, `lookuphandler`, `lookupkey`, `lookupvalue`, `lookupdatatype`, `multivalued`, `required`, `vardatatype`, `lovname`) VALUES ('FACTFLD-5e76cf73:14d69e9c549:-7eec', 'RULFACT-5e76cf73:14d69e9c549:-7f07', 'rpu', 'RPU', 'string', '1', 'var', NULL, NULL, NULL, NULL, NULL, NULL, 'rptis.facts.RPU', NULL);
INSERT INTO `sys_rule_fact_field` (`objid`, `parentid`, `name`, `title`, `datatype`, `sortorder`, `handler`, `lookuphandler`, `lookupkey`, `lookupvalue`, `lookupdatatype`, `multivalued`, `required`, `vardatatype`, `lovname`) VALUES ('FACTFLD-46fca07e:14c545f3e6a:-79a6', 'RULFACT3afe51b9:146f7088d9c:-7db1', 'area', 'Area', 'decimal', '2', 'decimal', NULL, NULL, NULL, NULL, NULL, NULL, 'decimal', NULL);
INSERT INTO `sys_rule_fact_field` (`objid`, `parentid`, `name`, `title`, `datatype`, `sortorder`, `handler`, `lookuphandler`, `lookupkey`, `lookupvalue`, `lookupdatatype`, `multivalued`, `required`, `vardatatype`, `lovname`) VALUES ('FACTFLD3afe51b9:146f7088d9c:-7d2b', 'RULFACT3afe51b9:146f7088d9c:-7db1', 'assessedvalue', 'Assessed Value', 'decimal', '14', 'decimal', NULL, NULL, NULL, NULL, NULL, NULL, 'decimal', NULL);
INSERT INTO `sys_rule_fact_field` (`objid`, `parentid`, `name`, `title`, `datatype`, `sortorder`, `handler`, `lookuphandler`, `lookupkey`, `lookupvalue`, `lookupdatatype`, `multivalued`, `required`, `vardatatype`, `lovname`) VALUES ('FACTFLD3afe51b9:146f7088d9c:-7d34', 'RULFACT3afe51b9:146f7088d9c:-7db1', 'assesslevel', 'Assess Level', 'decimal', '13', 'decimal', NULL, NULL, NULL, NULL, NULL, NULL, 'decimal', NULL);
INSERT INTO `sys_rule_fact_field` (`objid`, `parentid`, `name`, `title`, `datatype`, `sortorder`, `handler`, `lookuphandler`, `lookupkey`, `lookupvalue`, `lookupdatatype`, `multivalued`, `required`, `vardatatype`, `lovname`) VALUES ('FACTFLD3afe51b9:146f7088d9c:-7d3d', 'RULFACT3afe51b9:146f7088d9c:-7db1', 'marketvalue', 'Market Value', 'decimal', '12', 'decimal', NULL, NULL, NULL, NULL, NULL, NULL, 'decimal', NULL);
INSERT INTO `sys_rule_fact_field` (`objid`, `parentid`, `name`, `title`, `datatype`, `sortorder`, `handler`, `lookuphandler`, `lookupkey`, `lookupvalue`, `lookupdatatype`, `multivalued`, `required`, `vardatatype`, `lovname`) VALUES ('FACTFLD3afe51b9:146f7088d9c:-7d46', 'RULFACT3afe51b9:146f7088d9c:-7db1', 'actualuseadjustment', 'Actual Use Adjustment', 'decimal', '11', 'decimal', NULL, NULL, NULL, NULL, NULL, NULL, 'decimal', NULL);
INSERT INTO `sys_rule_fact_field` (`objid`, `parentid`, `name`, `title`, `datatype`, `sortorder`, `handler`, `lookuphandler`, `lookupkey`, `lookupvalue`, `lookupdatatype`, `multivalued`, `required`, `vardatatype`, `lovname`) VALUES ('FACTFLD3afe51b9:146f7088d9c:-7d4f', 'RULFACT3afe51b9:146f7088d9c:-7db1', 'landvalueadjustment', 'Land Value Adjustment', 'decimal', '10', 'decimal', NULL, NULL, NULL, NULL, NULL, NULL, 'decimal', NULL);
INSERT INTO `sys_rule_fact_field` (`objid`, `parentid`, `name`, `title`, `datatype`, `sortorder`, `handler`, `lookuphandler`, `lookupkey`, `lookupvalue`, `lookupdatatype`, `multivalued`, `required`, `vardatatype`, `lovname`) VALUES ('FACTFLD3afe51b9:146f7088d9c:-7d58', 'RULFACT3afe51b9:146f7088d9c:-7db1', 'adjustment', 'Adjustment', 'decimal', '9', 'decimal', NULL, NULL, NULL, NULL, NULL, NULL, 'decimal', NULL);
INSERT INTO `sys_rule_fact_field` (`objid`, `parentid`, `name`, `title`, `datatype`, `sortorder`, `handler`, `lookuphandler`, `lookupkey`, `lookupvalue`, `lookupdatatype`, `multivalued`, `required`, `vardatatype`, `lovname`) VALUES ('FACTFLD3afe51b9:146f7088d9c:-7d61', 'RULFACT3afe51b9:146f7088d9c:-7db1', 'basemarketvalue', 'Base Market Value', 'decimal', '8', 'decimal', NULL, NULL, NULL, NULL, NULL, NULL, 'decimal', NULL);
INSERT INTO `sys_rule_fact_field` (`objid`, `parentid`, `name`, `title`, `datatype`, `sortorder`, `handler`, `lookuphandler`, `lookupkey`, `lookupvalue`, `lookupdatatype`, `multivalued`, `required`, `vardatatype`, `lovname`) VALUES ('FACTFLD3afe51b9:146f7088d9c:-7d6a', 'RULFACT3afe51b9:146f7088d9c:-7db1', 'taxable', 'Taxable', 'boolean', '7', 'boolean', NULL, NULL, NULL, NULL, NULL, NULL, 'boolean', NULL);
INSERT INTO `sys_rule_fact_field` (`objid`, `parentid`, `name`, `title`, `datatype`, `sortorder`, `handler`, `lookuphandler`, `lookupkey`, `lookupvalue`, `lookupdatatype`, `multivalued`, `required`, `vardatatype`, `lovname`) VALUES ('FACTFLD3afe51b9:146f7088d9c:-7d73', 'RULFACT3afe51b9:146f7088d9c:-7db1', 'unitvalue', 'Unit Value', 'decimal', '6', 'decimal', NULL, NULL, NULL, NULL, NULL, NULL, 'decimal', NULL);
INSERT INTO `sys_rule_fact_field` (`objid`, `parentid`, `name`, `title`, `datatype`, `sortorder`, `handler`, `lookuphandler`, `lookupkey`, `lookupvalue`, `lookupdatatype`, `multivalued`, `required`, `vardatatype`, `lovname`) VALUES ('FACTFLD3afe51b9:146f7088d9c:-7d7c', 'RULFACT3afe51b9:146f7088d9c:-7db1', 'basevalue', 'Base Value', 'decimal', '5', 'decimal', NULL, NULL, NULL, NULL, NULL, NULL, 'decimal', NULL);
INSERT INTO `sys_rule_fact_field` (`objid`, `parentid`, `name`, `title`, `datatype`, `sortorder`, `handler`, `lookuphandler`, `lookupkey`, `lookupvalue`, `lookupdatatype`, `multivalued`, `required`, `vardatatype`, `lovname`) VALUES ('FACTFLD3afe51b9:146f7088d9c:-7d85', 'RULFACT3afe51b9:146f7088d9c:-7db1', 'areaha', 'Area in Hectare', 'decimal', '4', 'decimal', NULL, NULL, NULL, NULL, NULL, NULL, 'decimal', NULL);
INSERT INTO `sys_rule_fact_field` (`objid`, `parentid`, `name`, `title`, `datatype`, `sortorder`, `handler`, `lookuphandler`, `lookupkey`, `lookupvalue`, `lookupdatatype`, `multivalued`, `required`, `vardatatype`, `lovname`) VALUES ('FACTFLD3afe51b9:146f7088d9c:-7d8e', 'RULFACT3afe51b9:146f7088d9c:-7db1', 'areasqm', 'Area in Sq. Meter', 'decimal', '3', 'decimal', NULL, NULL, NULL, NULL, NULL, NULL, 'decimal', NULL);
INSERT INTO `sys_rule_fact_field` (`objid`, `parentid`, `name`, `title`, `datatype`, `sortorder`, `handler`, `lookuphandler`, `lookupkey`, `lookupvalue`, `lookupdatatype`, `multivalued`, `required`, `vardatatype`, `lovname`) VALUES ('FACTFLD3afe51b9:146f7088d9c:-7d97', 'RULFACT3afe51b9:146f7088d9c:-7db1', 'rpu', 'RPU', 'string', '1', 'var', NULL, NULL, NULL, NULL, NULL, NULL, 'RPU', NULL);
INSERT INTO `sys_rule_fact_field` (`objid`, `parentid`, `name`, `title`, `datatype`, `sortorder`, `handler`, `lookuphandler`, `lookupkey`, `lookupvalue`, `lookupdatatype`, `multivalued`, `required`, `vardatatype`, `lovname`) VALUES ('FACTFLD5b4ac915:147baaa06b4:-6e01', 'RULFACT3afe51b9:146f7088d9c:-7db1', 'classification', 'Classification', 'string', '15', 'var', NULL, NULL, NULL, NULL, NULL, NULL, 'rptis.facts.Classification', NULL);
INSERT INTO `sys_rule_fact_field` (`objid`, `parentid`, `name`, `title`, `datatype`, `sortorder`, `handler`, `lookuphandler`, `lookupkey`, `lookupvalue`, `lookupdatatype`, `multivalued`, `required`, `vardatatype`, `lovname`) VALUES ('FACTFLD-6c4ec747:154bd626092:-5677', 'RULFACT1e772168:14c5a447e35:-7f78', 'useswornamount', 'Is Sworn Amount?', 'boolean', '8', 'boolean', NULL, NULL, NULL, NULL, NULL, NULL, 'boolean', NULL);
INSERT INTO `sys_rule_fact_field` (`objid`, `parentid`, `name`, `title`, `datatype`, `sortorder`, `handler`, `lookuphandler`, `lookupkey`, `lookupvalue`, `lookupdatatype`, `multivalued`, `required`, `vardatatype`, `lovname`) VALUES ('FACTFLD-6c4ec747:154bd626092:-5693', 'RULFACT1e772168:14c5a447e35:-7f78', 'swornamount', 'Sworn Amount', 'decimal', '9', 'decimal', NULL, NULL, NULL, NULL, NULL, NULL, 'decimal', NULL);
INSERT INTO `sys_rule_fact_field` (`objid`, `parentid`, `name`, `title`, `datatype`, `sortorder`, `handler`, `lookuphandler`, `lookupkey`, `lookupvalue`, `lookupdatatype`, `multivalued`, `required`, `vardatatype`, `lovname`) VALUES ('FACTFLD-79a9a347:15cfcae84de:-754', 'RULFACT1e772168:14c5a447e35:-7f78', 'assesslevel', 'Assess Level', 'decimal', '5', 'decimal', NULL, NULL, NULL, NULL, NULL, NULL, 'decimal', NULL);
INSERT INTO `sys_rule_fact_field` (`objid`, `parentid`, `name`, `title`, `datatype`, `sortorder`, `handler`, `lookuphandler`, `lookupkey`, `lookupvalue`, `lookupdatatype`, `multivalued`, `required`, `vardatatype`, `lovname`) VALUES ('FACTFLD16890479:155dcd2ec4e:-7dd1', 'RULFACT1e772168:14c5a447e35:-7f78', 'taxable', 'Is Taxable', 'boolean', '7', 'boolean', NULL, NULL, NULL, NULL, NULL, NULL, 'boolean', NULL);
INSERT INTO `sys_rule_fact_field` (`objid`, `parentid`, `name`, `title`, `datatype`, `sortorder`, `handler`, `lookuphandler`, `lookupkey`, `lookupvalue`, `lookupdatatype`, `multivalued`, `required`, `vardatatype`, `lovname`) VALUES ('FACTFLD1e772168:14c5a447e35:-662f', 'RULFACT1e772168:14c5a447e35:-7f78', 'depreciationvalue', 'Depreciation Value', 'decimal', '3', 'decimal', NULL, NULL, NULL, NULL, NULL, NULL, 'decimal', NULL);
INSERT INTO `sys_rule_fact_field` (`objid`, `parentid`, `name`, `title`, `datatype`, `sortorder`, `handler`, `lookuphandler`, `lookupkey`, `lookupvalue`, `lookupdatatype`, `multivalued`, `required`, `vardatatype`, `lovname`) VALUES ('FACTFLD1e772168:14c5a447e35:-7f47', 'RULFACT1e772168:14c5a447e35:-7f78', 'assessedvalue', 'Assessed Value', 'decimal', '6', 'decimal', NULL, NULL, NULL, NULL, NULL, NULL, 'decimal', NULL);
INSERT INTO `sys_rule_fact_field` (`objid`, `parentid`, `name`, `title`, `datatype`, `sortorder`, `handler`, `lookuphandler`, `lookupkey`, `lookupvalue`, `lookupdatatype`, `multivalued`, `required`, `vardatatype`, `lovname`) VALUES ('FACTFLD1e772168:14c5a447e35:-7f50', 'RULFACT1e772168:14c5a447e35:-7f78', 'marketvalue', 'Market Value', 'decimal', '4', 'decimal', NULL, NULL, NULL, NULL, NULL, NULL, 'decimal', NULL);
INSERT INTO `sys_rule_fact_field` (`objid`, `parentid`, `name`, `title`, `datatype`, `sortorder`, `handler`, `lookuphandler`, `lookupkey`, `lookupvalue`, `lookupdatatype`, `multivalued`, `required`, `vardatatype`, `lovname`) VALUES ('FACTFLD1e772168:14c5a447e35:-7f59', 'RULFACT1e772168:14c5a447e35:-7f78', 'basemarketvalue', 'Base Market Value', 'decimal', '2', 'decimal', NULL, NULL, NULL, NULL, NULL, NULL, 'decimal', NULL);
INSERT INTO `sys_rule_fact_field` (`objid`, `parentid`, `name`, `title`, `datatype`, `sortorder`, `handler`, `lookuphandler`, `lookupkey`, `lookupvalue`, `lookupdatatype`, `multivalued`, `required`, `vardatatype`, `lovname`) VALUES ('FACTFLD1e772168:14c5a447e35:-7f62', 'RULFACT1e772168:14c5a447e35:-7f78', 'machuse', 'Machine Actual Use', 'string', '1', 'var', NULL, NULL, NULL, NULL, NULL, NULL, 'rptis.mach.facts.MachineActualUse', NULL);
INSERT INTO `sys_rule_fact_field` (`objid`, `parentid`, `name`, `title`, `datatype`, `sortorder`, `handler`, `lookuphandler`, `lookupkey`, `lookupvalue`, `lookupdatatype`, `multivalued`, `required`, `vardatatype`, `lovname`) VALUES ('FACTFLD4bf973aa:1562a233196:-4e2d', 'RULFACT1e772168:14c5a447e35:-7f78', 'depreciation', 'Depreciation Rate', 'boolean', '10', 'boolean', NULL, NULL, NULL, NULL, NULL, NULL, 'boolean', NULL);
INSERT INTO `sys_rule_fact_field` (`objid`, `parentid`, `name`, `title`, `datatype`, `sortorder`, `handler`, `lookuphandler`, `lookupkey`, `lookupvalue`, `lookupdatatype`, `multivalued`, `required`, `vardatatype`, `lovname`) VALUES ('FACTFLD-345b6aee:15625b107e8:-2d2d', 'RULFACT1e772168:14c5a447e35:-7fd5', 'taxable', 'Taxable', 'boolean', '5', 'boolean', NULL, NULL, NULL, NULL, NULL, NULL, 'boolean', NULL);
INSERT INTO `sys_rule_fact_field` (`objid`, `parentid`, `name`, `title`, `datatype`, `sortorder`, `handler`, `lookuphandler`, `lookupkey`, `lookupvalue`, `lookupdatatype`, `multivalued`, `required`, `vardatatype`, `lovname`) VALUES ('FACTFLD1e772168:14c5a447e35:-7f98', 'RULFACT1e772168:14c5a447e35:-7fd5', 'assessedvalue', 'Assessed Value', 'decimal', '4', 'decimal', NULL, NULL, NULL, NULL, NULL, NULL, 'decimal', NULL);
INSERT INTO `sys_rule_fact_field` (`objid`, `parentid`, `name`, `title`, `datatype`, `sortorder`, `handler`, `lookuphandler`, `lookupkey`, `lookupvalue`, `lookupdatatype`, `multivalued`, `required`, `vardatatype`, `lovname`) VALUES ('FACTFLD1e772168:14c5a447e35:-7fa3', 'RULFACT1e772168:14c5a447e35:-7fd5', 'marketvalue', 'Market Value', 'decimal', '3', 'decimal', NULL, NULL, NULL, NULL, NULL, NULL, 'decimal', NULL);
INSERT INTO `sys_rule_fact_field` (`objid`, `parentid`, `name`, `title`, `datatype`, `sortorder`, `handler`, `lookuphandler`, `lookupkey`, `lookupvalue`, `lookupdatatype`, `multivalued`, `required`, `vardatatype`, `lovname`) VALUES ('FACTFLD1e772168:14c5a447e35:-7fae', 'RULFACT1e772168:14c5a447e35:-7fd5', 'basemarketvalue', 'Base Market Value', 'decimal', '2', 'decimal', NULL, NULL, NULL, NULL, NULL, NULL, 'decimal', NULL);
INSERT INTO `sys_rule_fact_field` (`objid`, `parentid`, `name`, `title`, `datatype`, `sortorder`, `handler`, `lookuphandler`, `lookupkey`, `lookupvalue`, `lookupdatatype`, `multivalued`, `required`, `vardatatype`, `lovname`) VALUES ('FACTFLD1e772168:14c5a447e35:-7fc1', 'RULFACT1e772168:14c5a447e35:-7fd5', 'actualuseid', 'Actual Use', 'string', '1', 'lookup', 'propertyclassification:lookup', 'objid', 'name', NULL, NULL, NULL, 'string', NULL);
INSERT INTO `sys_rule_fact_field` (`objid`, `parentid`, `name`, `title`, `datatype`, `sortorder`, `handler`, `lookuphandler`, `lookupkey`, `lookupvalue`, `lookupdatatype`, `multivalued`, `required`, `vardatatype`, `lovname`) VALUES ('FACTFLD-a35dd35:14e51ec3311:-608a', 'RULFACT1b4af871:14e3cc46e09:-36aa', 'swornamount', 'Sworn Amount', 'decimal', '5', 'decimal', NULL, NULL, NULL, NULL, NULL, NULL, 'decimal', NULL);
INSERT INTO `sys_rule_fact_field` (`objid`, `parentid`, `name`, `title`, `datatype`, `sortorder`, `handler`, `lookuphandler`, `lookupkey`, `lookupvalue`, `lookupdatatype`, `multivalued`, `required`, `vardatatype`, `lovname`) VALUES ('FACTFLD-a35dd35:14e51ec3311:-6104', 'RULFACT1b4af871:14e3cc46e09:-36aa', 'useswornamount', 'Use Sworn Amount?', 'boolean', '4', 'boolean', NULL, NULL, NULL, NULL, NULL, NULL, 'boolean', NULL);
INSERT INTO `sys_rule_fact_field` (`objid`, `parentid`, `name`, `title`, `datatype`, `sortorder`, `handler`, `lookuphandler`, `lookupkey`, `lookupvalue`, `lookupdatatype`, `multivalued`, `required`, `vardatatype`, `lovname`) VALUES ('FACTFLD1b4af871:14e3cc46e09:-3642', 'RULFACT1b4af871:14e3cc46e09:-36aa', 'assessedvalue', 'Asessed Value', 'decimal', '9', 'decimal', NULL, NULL, NULL, NULL, NULL, NULL, 'decimal', NULL);
INSERT INTO `sys_rule_fact_field` (`objid`, `parentid`, `name`, `title`, `datatype`, `sortorder`, `handler`, `lookuphandler`, `lookupkey`, `lookupvalue`, `lookupdatatype`, `multivalued`, `required`, `vardatatype`, `lovname`) VALUES ('FACTFLD1b4af871:14e3cc46e09:-364b', 'RULFACT1b4af871:14e3cc46e09:-36aa', 'assesslevel', 'Assess Level', 'decimal', '8', 'decimal', NULL, NULL, NULL, NULL, NULL, NULL, 'decimal', NULL);
INSERT INTO `sys_rule_fact_field` (`objid`, `parentid`, `name`, `title`, `datatype`, `sortorder`, `handler`, `lookuphandler`, `lookupkey`, `lookupvalue`, `lookupdatatype`, `multivalued`, `required`, `vardatatype`, `lovname`) VALUES ('FACTFLD1b4af871:14e3cc46e09:-3654', 'RULFACT1b4af871:14e3cc46e09:-36aa', 'marketvalue', 'Market Value', 'decimal', '7', 'decimal', NULL, NULL, NULL, NULL, NULL, NULL, 'decimal', NULL);
INSERT INTO `sys_rule_fact_field` (`objid`, `parentid`, `name`, `title`, `datatype`, `sortorder`, `handler`, `lookuphandler`, `lookupkey`, `lookupvalue`, `lookupdatatype`, `multivalued`, `required`, `vardatatype`, `lovname`) VALUES ('FACTFLD1b4af871:14e3cc46e09:-365d', 'RULFACT1b4af871:14e3cc46e09:-36aa', 'basemarketvalue', 'Base Market Value', 'decimal', '6', 'decimal', NULL, NULL, NULL, NULL, NULL, NULL, 'decimal', NULL);
INSERT INTO `sys_rule_fact_field` (`objid`, `parentid`, `name`, `title`, `datatype`, `sortorder`, `handler`, `lookuphandler`, `lookupkey`, `lookupvalue`, `lookupdatatype`, `multivalued`, `required`, `vardatatype`, `lovname`) VALUES ('FACTFLD1b4af871:14e3cc46e09:-366e', 'RULFACT1b4af871:14e3cc46e09:-36aa', 'actualuseid', 'Actual Use', 'string', '3', 'lookup', 'propertyclassification:objid', 'objid', 'name', NULL, NULL, NULL, 'string', NULL);
INSERT INTO `sys_rule_fact_field` (`objid`, `parentid`, `name`, `title`, `datatype`, `sortorder`, `handler`, `lookuphandler`, `lookupkey`, `lookupvalue`, `lookupdatatype`, `multivalued`, `required`, `vardatatype`, `lovname`) VALUES ('FACTFLD1b4af871:14e3cc46e09:-367f', 'RULFACT1b4af871:14e3cc46e09:-36aa', 'classificationid', 'Classification', 'string', '2', 'lookup', 'propertyclassification:lookup', 'objid', 'name', NULL, NULL, NULL, 'string', NULL);
INSERT INTO `sys_rule_fact_field` (`objid`, `parentid`, `name`, `title`, `datatype`, `sortorder`, `handler`, `lookuphandler`, `lookupkey`, `lookupvalue`, `lookupdatatype`, `multivalued`, `required`, `vardatatype`, `lovname`) VALUES ('FACTFLD49a3c540:14e51feb8f6:-6cc5', 'RULFACT1b4af871:14e3cc46e09:-36aa', 'objid', 'RPU ID', 'string', '1', 'string', NULL, NULL, NULL, NULL, NULL, NULL, 'string', NULL);
INSERT INTO `sys_rule_fact_field` (`objid`, `parentid`, `name`, `title`, `datatype`, `sortorder`, `handler`, `lookuphandler`, `lookupkey`, `lookupvalue`, `lookupdatatype`, `multivalued`, `required`, `vardatatype`, `lovname`) VALUES ('FACTFLD59614e16:14c5e56ecc8:-7ea9', 'RULFACT59614e16:14c5e56ecc8:-7fd1', 'depreciation', 'Deprecation Rate', 'decimal', '2', 'decimal', NULL, NULL, NULL, NULL, NULL, NULL, 'decimal', NULL);
INSERT INTO `sys_rule_fact_field` (`objid`, `parentid`, `name`, `title`, `datatype`, `sortorder`, `handler`, `lookuphandler`, `lookupkey`, `lookupvalue`, `lookupdatatype`, `multivalued`, `required`, `vardatatype`, `lovname`) VALUES ('FACTFLD59614e16:14c5e56ecc8:-7f8f', 'RULFACT59614e16:14c5e56ecc8:-7fd1', 'assessedvalue', 'Assessed Value', 'decimal', '6', 'decimal', NULL, NULL, NULL, NULL, NULL, NULL, 'decimal', NULL);
INSERT INTO `sys_rule_fact_field` (`objid`, `parentid`, `name`, `title`, `datatype`, `sortorder`, `handler`, `lookuphandler`, `lookupkey`, `lookupvalue`, `lookupdatatype`, `multivalued`, `required`, `vardatatype`, `lovname`) VALUES ('FACTFLD59614e16:14c5e56ecc8:-7f9a', 'RULFACT59614e16:14c5e56ecc8:-7fd1', 'assesslevel', 'Assess Level', 'decimal', '5', 'decimal', NULL, NULL, NULL, NULL, NULL, NULL, 'decimal', NULL);
INSERT INTO `sys_rule_fact_field` (`objid`, `parentid`, `name`, `title`, `datatype`, `sortorder`, `handler`, `lookuphandler`, `lookupkey`, `lookupvalue`, `lookupdatatype`, `multivalued`, `required`, `vardatatype`, `lovname`) VALUES ('FACTFLD59614e16:14c5e56ecc8:-7fa5', 'RULFACT59614e16:14c5e56ecc8:-7fd1', 'marketvalue', 'Market Value', 'decimal', '4', 'decimal', NULL, NULL, NULL, NULL, NULL, NULL, 'decimal', NULL);
INSERT INTO `sys_rule_fact_field` (`objid`, `parentid`, `name`, `title`, `datatype`, `sortorder`, `handler`, `lookuphandler`, `lookupkey`, `lookupvalue`, `lookupdatatype`, `multivalued`, `required`, `vardatatype`, `lovname`) VALUES ('FACTFLD59614e16:14c5e56ecc8:-7fb0', 'RULFACT59614e16:14c5e56ecc8:-7fd1', 'depreciatedvalue', 'Depreciation', 'decimal', '3', 'decimal', NULL, NULL, NULL, NULL, NULL, NULL, 'decimal', NULL);
INSERT INTO `sys_rule_fact_field` (`objid`, `parentid`, `name`, `title`, `datatype`, `sortorder`, `handler`, `lookuphandler`, `lookupkey`, `lookupvalue`, `lookupdatatype`, `multivalued`, `required`, `vardatatype`, `lovname`) VALUES ('FACTFLD59614e16:14c5e56ecc8:-7fbb', 'RULFACT59614e16:14c5e56ecc8:-7fd1', 'basemarketvalue', 'Base Market Value', 'decimal', '1', 'decimal', NULL, NULL, NULL, NULL, NULL, NULL, 'decimal', NULL);
INSERT INTO `sys_rule_fact_field` (`objid`, `parentid`, `name`, `title`, `datatype`, `sortorder`, `handler`, `lookuphandler`, `lookupkey`, `lookupvalue`, `lookupdatatype`, `multivalued`, `required`, `vardatatype`, `lovname`) VALUES ('FACTFLD6b62feef:14c53ac1f59:-7ec5', 'RULFACT6b62feef:14c53ac1f59:-7f69', 'assessedvalue', 'Assessed Value', 'decimal', '13', 'decimal', NULL, NULL, NULL, NULL, NULL, NULL, 'decimal', NULL);
INSERT INTO `sys_rule_fact_field` (`objid`, `parentid`, `name`, `title`, `datatype`, `sortorder`, `handler`, `lookuphandler`, `lookupkey`, `lookupvalue`, `lookupdatatype`, `multivalued`, `required`, `vardatatype`, `lovname`) VALUES ('FACTFLD6b62feef:14c53ac1f59:-7ece', 'RULFACT6b62feef:14c53ac1f59:-7f69', 'assesslevel', 'Assess Level', 'decimal', '12', 'decimal', NULL, NULL, NULL, NULL, NULL, NULL, 'decimal', NULL);
INSERT INTO `sys_rule_fact_field` (`objid`, `parentid`, `name`, `title`, `datatype`, `sortorder`, `handler`, `lookuphandler`, `lookupkey`, `lookupvalue`, `lookupdatatype`, `multivalued`, `required`, `vardatatype`, `lovname`) VALUES ('FACTFLD6b62feef:14c53ac1f59:-7ed7', 'RULFACT6b62feef:14c53ac1f59:-7f69', 'marketvalue', 'Market Value', 'decimal', '11', 'decimal', NULL, NULL, NULL, NULL, NULL, NULL, 'decimal', NULL);
INSERT INTO `sys_rule_fact_field` (`objid`, `parentid`, `name`, `title`, `datatype`, `sortorder`, `handler`, `lookuphandler`, `lookupkey`, `lookupvalue`, `lookupdatatype`, `multivalued`, `required`, `vardatatype`, `lovname`) VALUES ('FACTFLD6b62feef:14c53ac1f59:-7ee0', 'RULFACT6b62feef:14c53ac1f59:-7f69', 'adjustmentrate', 'Adjustment Rate', 'decimal', '10', 'decimal', NULL, NULL, NULL, NULL, NULL, NULL, 'decimal', NULL);
INSERT INTO `sys_rule_fact_field` (`objid`, `parentid`, `name`, `title`, `datatype`, `sortorder`, `handler`, `lookuphandler`, `lookupkey`, `lookupvalue`, `lookupdatatype`, `multivalued`, `required`, `vardatatype`, `lovname`) VALUES ('FACTFLD6b62feef:14c53ac1f59:-7ee9', 'RULFACT6b62feef:14c53ac1f59:-7f69', 'adjustment', 'Adjustment', 'decimal', '9', 'decimal', NULL, NULL, NULL, NULL, NULL, NULL, 'decimal', NULL);
INSERT INTO `sys_rule_fact_field` (`objid`, `parentid`, `name`, `title`, `datatype`, `sortorder`, `handler`, `lookuphandler`, `lookupkey`, `lookupvalue`, `lookupdatatype`, `multivalued`, `required`, `vardatatype`, `lovname`) VALUES ('FACTFLD6b62feef:14c53ac1f59:-7ef2', 'RULFACT6b62feef:14c53ac1f59:-7f69', 'basemarketvalue', 'Base Market Value', 'decimal', '8', 'decimal', NULL, NULL, NULL, NULL, NULL, NULL, 'decimal', NULL);
INSERT INTO `sys_rule_fact_field` (`objid`, `parentid`, `name`, `title`, `datatype`, `sortorder`, `handler`, `lookuphandler`, `lookupkey`, `lookupvalue`, `lookupdatatype`, `multivalued`, `required`, `vardatatype`, `lovname`) VALUES ('FACTFLD6b62feef:14c53ac1f59:-7efb', 'RULFACT6b62feef:14c53ac1f59:-7f69', 'unitvalue', 'Unit Value', 'decimal', '7', 'decimal', NULL, NULL, NULL, NULL, NULL, NULL, 'decimal', NULL);
INSERT INTO `sys_rule_fact_field` (`objid`, `parentid`, `name`, `title`, `datatype`, `sortorder`, `handler`, `lookuphandler`, `lookupkey`, `lookupvalue`, `lookupdatatype`, `multivalued`, `required`, `vardatatype`, `lovname`) VALUES ('FACTFLD6b62feef:14c53ac1f59:-7f04', 'RULFACT6b62feef:14c53ac1f59:-7f69', 'areacovered', 'Area Covered', 'decimal', '6', 'decimal', NULL, NULL, NULL, NULL, NULL, NULL, 'decimal', NULL);
INSERT INTO `sys_rule_fact_field` (`objid`, `parentid`, `name`, `title`, `datatype`, `sortorder`, `handler`, `lookuphandler`, `lookupkey`, `lookupvalue`, `lookupdatatype`, `multivalued`, `required`, `vardatatype`, `lovname`) VALUES ('FACTFLD6b62feef:14c53ac1f59:-7f0d', 'RULFACT6b62feef:14c53ac1f59:-7f69', 'nonproductive', 'Non-Productive', 'decimal', '5', 'decimal', NULL, NULL, NULL, NULL, NULL, NULL, 'decimal', NULL);
INSERT INTO `sys_rule_fact_field` (`objid`, `parentid`, `name`, `title`, `datatype`, `sortorder`, `handler`, `lookuphandler`, `lookupkey`, `lookupvalue`, `lookupdatatype`, `multivalued`, `required`, `vardatatype`, `lovname`) VALUES ('FACTFLD6b62feef:14c53ac1f59:-7f16', 'RULFACT6b62feef:14c53ac1f59:-7f69', 'productive', 'Productive', 'decimal', '4', 'decimal', NULL, NULL, NULL, NULL, NULL, NULL, 'decimal', NULL);
INSERT INTO `sys_rule_fact_field` (`objid`, `parentid`, `name`, `title`, `datatype`, `sortorder`, `handler`, `lookuphandler`, `lookupkey`, `lookupvalue`, `lookupdatatype`, `multivalued`, `required`, `vardatatype`, `lovname`) VALUES ('FACTFLD6b62feef:14c53ac1f59:-7f39', 'RULFACT6b62feef:14c53ac1f59:-7f69', 'classificationid', 'Classification', 'string', '2', 'lookup', 'propertyclassification:lookup', 'objid', 'name', NULL, NULL, NULL, 'string', NULL);
INSERT INTO `sys_rule_fact_field` (`objid`, `parentid`, `name`, `title`, `datatype`, `sortorder`, `handler`, `lookuphandler`, `lookupkey`, `lookupvalue`, `lookupdatatype`, `multivalued`, `required`, `vardatatype`, `lovname`) VALUES ('FACTFLD6b62feef:14c53ac1f59:-7f4a', 'RULFACT6b62feef:14c53ac1f59:-7f69', 'actualuseid', 'Actual Use', 'string', '3', 'lookup', 'propertyclassification:lookup', 'objid', 'name', NULL, NULL, NULL, 'string', NULL);
INSERT INTO `sys_rule_fact_field` (`objid`, `parentid`, `name`, `title`, `datatype`, `sortorder`, `handler`, `lookuphandler`, `lookupkey`, `lookupvalue`, `lookupdatatype`, `multivalued`, `required`, `vardatatype`, `lovname`) VALUES ('FACTFLD6b62feef:14c53ac1f59:-7f53', 'RULFACT6b62feef:14c53ac1f59:-7f69', 'RPU', 'RPU', 'string', '1', 'var', NULL, NULL, NULL, NULL, NULL, NULL, 'RPU', NULL);
INSERT INTO `sys_rule_fact_field` (`objid`, `parentid`, `name`, `title`, `datatype`, `sortorder`, `handler`, `lookuphandler`, `lookupkey`, `lookupvalue`, `lookupdatatype`, `multivalued`, `required`, `vardatatype`, `lovname`) VALUES ('com.rameses.rules.common.CurrentDate.date', 'com.rameses.rules.common.CurrentDate', 'date', 'Date', 'date', '4', 'date', NULL, NULL, NULL, NULL, NULL, NULL, 'date', NULL);
INSERT INTO `sys_rule_fact_field` (`objid`, `parentid`, `name`, `title`, `datatype`, `sortorder`, `handler`, `lookuphandler`, `lookupkey`, `lookupvalue`, `lookupdatatype`, `multivalued`, `required`, `vardatatype`, `lovname`) VALUES ('com.rameses.rules.common.CurrentDate.day', 'com.rameses.rules.common.CurrentDate', 'day', 'Day', 'integer', '5', 'integer', NULL, NULL, NULL, NULL, NULL, NULL, 'integer', NULL);
INSERT INTO `sys_rule_fact_field` (`objid`, `parentid`, `name`, `title`, `datatype`, `sortorder`, `handler`, `lookuphandler`, `lookupkey`, `lookupvalue`, `lookupdatatype`, `multivalued`, `required`, `vardatatype`, `lovname`) VALUES ('com.rameses.rules.common.CurrentDate.month', 'com.rameses.rules.common.CurrentDate', 'month', 'Month', 'integer', '3', 'integer', NULL, NULL, NULL, NULL, NULL, NULL, 'integer', NULL);
INSERT INTO `sys_rule_fact_field` (`objid`, `parentid`, `name`, `title`, `datatype`, `sortorder`, `handler`, `lookuphandler`, `lookupkey`, `lookupvalue`, `lookupdatatype`, `multivalued`, `required`, `vardatatype`, `lovname`) VALUES ('com.rameses.rules.common.CurrentDate.qtr', 'com.rameses.rules.common.CurrentDate', 'qtr', 'Qtr', 'integer', '1', 'integer', NULL, NULL, NULL, NULL, NULL, NULL, 'integer', NULL);
INSERT INTO `sys_rule_fact_field` (`objid`, `parentid`, `name`, `title`, `datatype`, `sortorder`, `handler`, `lookuphandler`, `lookupkey`, `lookupvalue`, `lookupdatatype`, `multivalued`, `required`, `vardatatype`, `lovname`) VALUES ('com.rameses.rules.common.CurrentDate.year', 'com.rameses.rules.common.CurrentDate', 'year', 'Year', 'integer', '2', 'integer', NULL, NULL, NULL, NULL, NULL, NULL, 'integer', NULL);
INSERT INTO `sys_rule_fact_field` (`objid`, `parentid`, `name`, `title`, `datatype`, `sortorder`, `handler`, `lookuphandler`, `lookupkey`, `lookupvalue`, `lookupdatatype`, `multivalued`, `required`, `vardatatype`, `lovname`) VALUES ('enterprise.facts.DateInfo.day', 'enterprise.facts.DateInfo', 'day', 'Day', 'integer', '4', 'integer', NULL, NULL, NULL, NULL, NULL, NULL, 'integer', NULL);
INSERT INTO `sys_rule_fact_field` (`objid`, `parentid`, `name`, `title`, `datatype`, `sortorder`, `handler`, `lookuphandler`, `lookupkey`, `lookupvalue`, `lookupdatatype`, `multivalued`, `required`, `vardatatype`, `lovname`) VALUES ('enterprise.facts.DateInfo.month', 'enterprise.facts.DateInfo', 'month', 'Month', 'integer', '3', 'integer', NULL, NULL, NULL, NULL, NULL, NULL, 'integer', NULL);
INSERT INTO `sys_rule_fact_field` (`objid`, `parentid`, `name`, `title`, `datatype`, `sortorder`, `handler`, `lookuphandler`, `lookupkey`, `lookupvalue`, `lookupdatatype`, `multivalued`, `required`, `vardatatype`, `lovname`) VALUES ('enterprise.facts.DateInfo.name', 'enterprise.facts.DateInfo', 'name', 'Name', 'string', '5', 'lookup', 'variableinfo_date:lookup', 'name', 'name', NULL, NULL, '1', 'string', NULL);
INSERT INTO `sys_rule_fact_field` (`objid`, `parentid`, `name`, `title`, `datatype`, `sortorder`, `handler`, `lookuphandler`, `lookupkey`, `lookupvalue`, `lookupdatatype`, `multivalued`, `required`, `vardatatype`, `lovname`) VALUES ('enterprise.facts.DateInfo.qtr', 'enterprise.facts.DateInfo', 'qtr', 'Qtr', 'integer', '1', 'integer', NULL, NULL, NULL, NULL, NULL, NULL, 'integer', NULL);
INSERT INTO `sys_rule_fact_field` (`objid`, `parentid`, `name`, `title`, `datatype`, `sortorder`, `handler`, `lookuphandler`, `lookupkey`, `lookupvalue`, `lookupdatatype`, `multivalued`, `required`, `vardatatype`, `lovname`) VALUES ('enterprise.facts.DateInfo.value', 'enterprise.facts.DateInfo', 'value', 'Date', 'date', '6', 'date', NULL, NULL, NULL, NULL, NULL, '1', 'date', NULL);
INSERT INTO `sys_rule_fact_field` (`objid`, `parentid`, `name`, `title`, `datatype`, `sortorder`, `handler`, `lookuphandler`, `lookupkey`, `lookupvalue`, `lookupdatatype`, `multivalued`, `required`, `vardatatype`, `lovname`) VALUES ('enterprise.facts.DateInfo.year', 'enterprise.facts.DateInfo', 'year', 'Year', 'integer', '2', 'integer', NULL, NULL, NULL, NULL, NULL, NULL, 'integer', NULL);
INSERT INTO `sys_rule_fact_field` (`objid`, `parentid`, `name`, `title`, `datatype`, `sortorder`, `handler`, `lookuphandler`, `lookupkey`, `lookupvalue`, `lookupdatatype`, `multivalued`, `required`, `vardatatype`, `lovname`) VALUES ('enterprise.facts.Org.orgid', 'enterprise.facts.Org', 'orgid', 'Org ID', 'string', '1', 'lookup', 'org:lookup', 'objid', 'title', NULL, NULL, NULL, 'string', NULL);
INSERT INTO `sys_rule_fact_field` (`objid`, `parentid`, `name`, `title`, `datatype`, `sortorder`, `handler`, `lookuphandler`, `lookupkey`, `lookupvalue`, `lookupdatatype`, `multivalued`, `required`, `vardatatype`, `lovname`) VALUES ('treasury.facts.BillItem.account', 'treasury.facts.BillItem', 'account', 'Account', 'string', '3', 'lookup', 'revenueitem:lookup', 'objid', 'title', NULL, NULL, NULL, 'object', NULL);
INSERT INTO `sys_rule_fact_field` (`objid`, `parentid`, `name`, `title`, `datatype`, `sortorder`, `handler`, `lookuphandler`, `lookupkey`, `lookupvalue`, `lookupdatatype`, `multivalued`, `required`, `vardatatype`, `lovname`) VALUES ('treasury.facts.BillItem.account.objid', 'treasury.facts.BillItem', 'account.objid', 'Account ID', 'string', '2', 'lookup', 'revenueitem:lookup', 'objid', 'title', NULL, NULL, NULL, 'string', NULL);
INSERT INTO `sys_rule_fact_field` (`objid`, `parentid`, `name`, `title`, `datatype`, `sortorder`, `handler`, `lookuphandler`, `lookupkey`, `lookupvalue`, `lookupdatatype`, `multivalued`, `required`, `vardatatype`, `lovname`) VALUES ('treasury.facts.BillItem.amount', 'treasury.facts.BillItem', 'amount', 'Amount', 'decimal', '1', 'decimal', NULL, NULL, NULL, NULL, NULL, NULL, 'decimal', NULL);
INSERT INTO `sys_rule_fact_field` (`objid`, `parentid`, `name`, `title`, `datatype`, `sortorder`, `handler`, `lookuphandler`, `lookupkey`, `lookupvalue`, `lookupdatatype`, `multivalued`, `required`, `vardatatype`, `lovname`) VALUES ('treasury.facts.BillItem.billrefid', 'treasury.facts.BillItem', 'billrefid', 'Bill Ref ID', 'string', '7', 'var', NULL, NULL, NULL, NULL, NULL, NULL, 'string', NULL);
INSERT INTO `sys_rule_fact_field` (`objid`, `parentid`, `name`, `title`, `datatype`, `sortorder`, `handler`, `lookuphandler`, `lookupkey`, `lookupvalue`, `lookupdatatype`, `multivalued`, `required`, `vardatatype`, `lovname`) VALUES ('treasury.facts.BillItem.discount', 'treasury.facts.BillItem', 'discount', 'Discount', 'decimal', '8', 'decimal', NULL, NULL, NULL, NULL, NULL, NULL, 'decimal', NULL);
INSERT INTO `sys_rule_fact_field` (`objid`, `parentid`, `name`, `title`, `datatype`, `sortorder`, `handler`, `lookuphandler`, `lookupkey`, `lookupvalue`, `lookupdatatype`, `multivalued`, `required`, `vardatatype`, `lovname`) VALUES ('treasury.facts.BillItem.duedate', 'treasury.facts.BillItem', 'duedate', 'Due Date', 'date', '4', 'date', NULL, NULL, NULL, NULL, NULL, NULL, 'date', NULL);
INSERT INTO `sys_rule_fact_field` (`objid`, `parentid`, `name`, `title`, `datatype`, `sortorder`, `handler`, `lookuphandler`, `lookupkey`, `lookupvalue`, `lookupdatatype`, `multivalued`, `required`, `vardatatype`, `lovname`) VALUES ('treasury.facts.BillItem.fromdate', 'treasury.facts.BillItem', 'fromdate', 'From Date', 'date', '14', 'date', NULL, NULL, NULL, NULL, NULL, NULL, 'date', NULL);
INSERT INTO `sys_rule_fact_field` (`objid`, `parentid`, `name`, `title`, `datatype`, `sortorder`, `handler`, `lookuphandler`, `lookupkey`, `lookupvalue`, `lookupdatatype`, `multivalued`, `required`, `vardatatype`, `lovname`) VALUES ('treasury.facts.BillItem.interest', 'treasury.facts.BillItem', 'interest', 'Interest', 'decimal', '11', 'decimal', NULL, NULL, NULL, NULL, NULL, NULL, 'decimal', NULL);
INSERT INTO `sys_rule_fact_field` (`objid`, `parentid`, `name`, `title`, `datatype`, `sortorder`, `handler`, `lookuphandler`, `lookupkey`, `lookupvalue`, `lookupdatatype`, `multivalued`, `required`, `vardatatype`, `lovname`) VALUES ('treasury.facts.BillItem.month', 'treasury.facts.BillItem', 'month', 'Month', 'integer', '13', 'integer', NULL, NULL, NULL, NULL, NULL, NULL, 'integer', NULL);
INSERT INTO `sys_rule_fact_field` (`objid`, `parentid`, `name`, `title`, `datatype`, `sortorder`, `handler`, `lookuphandler`, `lookupkey`, `lookupvalue`, `lookupdatatype`, `multivalued`, `required`, `vardatatype`, `lovname`) VALUES ('treasury.facts.BillItem.org', 'treasury.facts.BillItem', 'org', 'Org', 'string', '10', 'var', NULL, NULL, NULL, NULL, NULL, NULL, 'enterprise.facts.Org', NULL);
INSERT INTO `sys_rule_fact_field` (`objid`, `parentid`, `name`, `title`, `datatype`, `sortorder`, `handler`, `lookuphandler`, `lookupkey`, `lookupvalue`, `lookupdatatype`, `multivalued`, `required`, `vardatatype`, `lovname`) VALUES ('treasury.facts.BillItem.parentaccount', 'treasury.facts.BillItem', 'parentaccount', 'Parent Account', 'string', '9', 'lookup', 'revenueitem:lookup', 'objid', 'title', NULL, NULL, NULL, 'object', NULL);
INSERT INTO `sys_rule_fact_field` (`objid`, `parentid`, `name`, `title`, `datatype`, `sortorder`, `handler`, `lookuphandler`, `lookupkey`, `lookupvalue`, `lookupdatatype`, `multivalued`, `required`, `vardatatype`, `lovname`) VALUES ('treasury.facts.BillItem.paypriority', 'treasury.facts.BillItem', 'paypriority', 'Pay Priority', 'integer', '18', 'integer', NULL, NULL, NULL, NULL, NULL, NULL, 'integer', NULL);
INSERT INTO `sys_rule_fact_field` (`objid`, `parentid`, `name`, `title`, `datatype`, `sortorder`, `handler`, `lookuphandler`, `lookupkey`, `lookupvalue`, `lookupdatatype`, `multivalued`, `required`, `vardatatype`, `lovname`) VALUES ('treasury.facts.BillItem.refid', 'treasury.facts.BillItem', 'refid', 'Ref ID', 'string', '16', 'var', NULL, NULL, NULL, NULL, NULL, NULL, 'string', NULL);
INSERT INTO `sys_rule_fact_field` (`objid`, `parentid`, `name`, `title`, `datatype`, `sortorder`, `handler`, `lookuphandler`, `lookupkey`, `lookupvalue`, `lookupdatatype`, `multivalued`, `required`, `vardatatype`, `lovname`) VALUES ('treasury.facts.BillItem.remarks', 'treasury.facts.BillItem', 'remarks', 'Remarks', 'string', '17', 'string', NULL, NULL, NULL, NULL, NULL, NULL, 'string', NULL);
INSERT INTO `sys_rule_fact_field` (`objid`, `parentid`, `name`, `title`, `datatype`, `sortorder`, `handler`, `lookuphandler`, `lookupkey`, `lookupvalue`, `lookupdatatype`, `multivalued`, `required`, `vardatatype`, `lovname`) VALUES ('treasury.facts.BillItem.sortorder', 'treasury.facts.BillItem', 'sortorder', 'Sort Order', 'integer', '19', 'integer', NULL, NULL, NULL, NULL, NULL, NULL, 'integer', NULL);
INSERT INTO `sys_rule_fact_field` (`objid`, `parentid`, `name`, `title`, `datatype`, `sortorder`, `handler`, `lookuphandler`, `lookupkey`, `lookupvalue`, `lookupdatatype`, `multivalued`, `required`, `vardatatype`, `lovname`) VALUES ('treasury.facts.BillItem.surcharge', 'treasury.facts.BillItem', 'surcharge', 'Surcharge', 'decimal', '5', 'decimal', NULL, NULL, NULL, NULL, NULL, NULL, 'decimal', NULL);
INSERT INTO `sys_rule_fact_field` (`objid`, `parentid`, `name`, `title`, `datatype`, `sortorder`, `handler`, `lookuphandler`, `lookupkey`, `lookupvalue`, `lookupdatatype`, `multivalued`, `required`, `vardatatype`, `lovname`) VALUES ('treasury.facts.BillItem.tag', 'treasury.facts.BillItem', 'tag', 'Tag', 'string', '20', 'string', NULL, NULL, NULL, NULL, NULL, NULL, 'string', NULL);
INSERT INTO `sys_rule_fact_field` (`objid`, `parentid`, `name`, `title`, `datatype`, `sortorder`, `handler`, `lookuphandler`, `lookupkey`, `lookupvalue`, `lookupdatatype`, `multivalued`, `required`, `vardatatype`, `lovname`) VALUES ('treasury.facts.BillItem.todate', 'treasury.facts.BillItem', 'todate', 'To Date', 'date', '15', 'date', NULL, NULL, NULL, NULL, NULL, NULL, 'date', NULL);
INSERT INTO `sys_rule_fact_field` (`objid`, `parentid`, `name`, `title`, `datatype`, `sortorder`, `handler`, `lookuphandler`, `lookupkey`, `lookupvalue`, `lookupdatatype`, `multivalued`, `required`, `vardatatype`, `lovname`) VALUES ('treasury.facts.BillItem.txntype', 'treasury.facts.BillItem', 'txntype', 'Txn Type', 'string', '6', 'lookup', 'billitem_txntype:lookup', 'objid', 'title', NULL, NULL, NULL, 'string', NULL);
INSERT INTO `sys_rule_fact_field` (`objid`, `parentid`, `name`, `title`, `datatype`, `sortorder`, `handler`, `lookuphandler`, `lookupkey`, `lookupvalue`, `lookupdatatype`, `multivalued`, `required`, `vardatatype`, `lovname`) VALUES ('treasury.facts.BillItem.year', 'treasury.facts.BillItem', 'year', 'Year', 'integer', '12', 'integer', NULL, NULL, NULL, NULL, NULL, NULL, 'integer', NULL);
INSERT INTO `sys_rule_fact_field` (`objid`, `parentid`, `name`, `title`, `datatype`, `sortorder`, `handler`, `lookuphandler`, `lookupkey`, `lookupvalue`, `lookupdatatype`, `multivalued`, `required`, `vardatatype`, `lovname`) VALUES ('treasury.facts.CollectionGroup.objid', 'treasury.facts.CollectionGroup', 'objid', 'Name', 'string', '1', 'lookup', 'collectiongroup:lookup', 'objid', 'name', NULL, NULL, NULL, 'string', NULL);
INSERT INTO `sys_rule_fact_field` (`objid`, `parentid`, `name`, `title`, `datatype`, `sortorder`, `handler`, `lookuphandler`, `lookupkey`, `lookupvalue`, `lookupdatatype`, `multivalued`, `required`, `vardatatype`, `lovname`) VALUES ('treasury.facts.RevenueShare.amount', 'treasury.facts.RevenueShare', 'amount', 'Amount', 'decimal', '3', 'decimal', NULL, NULL, NULL, NULL, NULL, NULL, 'decimal', NULL);
INSERT INTO `sys_rule_fact_field` (`objid`, `parentid`, `name`, `title`, `datatype`, `sortorder`, `handler`, `lookuphandler`, `lookupkey`, `lookupvalue`, `lookupdatatype`, `multivalued`, `required`, `vardatatype`, `lovname`) VALUES ('treasury.facts.RevenueShare.payableaccount', 'treasury.facts.RevenueShare', 'payableaccount', 'Payable Account', 'string', '2', 'lookup', 'revenueitem:lookup', 'objid', 'title', NULL, NULL, NULL, 'string', NULL);
INSERT INTO `sys_rule_fact_field` (`objid`, `parentid`, `name`, `title`, `datatype`, `sortorder`, `handler`, `lookuphandler`, `lookupkey`, `lookupvalue`, `lookupdatatype`, `multivalued`, `required`, `vardatatype`, `lovname`) VALUES ('treasury.facts.RevenueShare.refaccount', 'treasury.facts.RevenueShare', 'refaccount', 'Reference Account', 'string', '1', 'lookup', 'revenueitem:lookup', 'objid', 'title', NULL, NULL, NULL, 'string', NULL);
INSERT INTO `sys_rule_fact_field` (`objid`, `parentid`, `name`, `title`, `datatype`, `sortorder`, `handler`, `lookuphandler`, `lookupkey`, `lookupvalue`, `lookupdatatype`, `multivalued`, `required`, `vardatatype`, `lovname`) VALUES ('rptis.landtax.facts.Bill.advancebill', 'rptis.landtax.facts.Bill', 'advancebill', 'Is Advance Billing?', 'boolean', '6', 'boolean', NULL, NULL, NULL, NULL, NULL, NULL, 'boolean', NULL);
INSERT INTO `sys_rule_fact_field` (`objid`, `parentid`, `name`, `title`, `datatype`, `sortorder`, `handler`, `lookuphandler`, `lookupkey`, `lookupvalue`, `lookupdatatype`, `multivalued`, `required`, `vardatatype`, `lovname`) VALUES ('rptis.landtax.facts.Bill.billdate', 'rptis.landtax.facts.Bill', 'billdate', 'Bill Date', 'date', '5', 'date', NULL, NULL, NULL, NULL, NULL, NULL, 'date', NULL);
INSERT INTO `sys_rule_fact_field` (`objid`, `parentid`, `name`, `title`, `datatype`, `sortorder`, `handler`, `lookuphandler`, `lookupkey`, `lookupvalue`, `lookupdatatype`, `multivalued`, `required`, `vardatatype`, `lovname`) VALUES ('rptis.landtax.facts.Bill.billtoqtr', 'rptis.landtax.facts.Bill', 'billtoqtr', 'Quarter', 'integer', '2', 'integer', NULL, NULL, NULL, NULL, NULL, '0', 'integer', NULL);
INSERT INTO `sys_rule_fact_field` (`objid`, `parentid`, `name`, `title`, `datatype`, `sortorder`, `handler`, `lookuphandler`, `lookupkey`, `lookupvalue`, `lookupdatatype`, `multivalued`, `required`, `vardatatype`, `lovname`) VALUES ('rptis.landtax.facts.Bill.billtoyear', 'rptis.landtax.facts.Bill', 'billtoyear', 'Year', 'integer', '1', 'integer', NULL, NULL, NULL, NULL, NULL, NULL, 'integer', NULL);
INSERT INTO `sys_rule_fact_field` (`objid`, `parentid`, `name`, `title`, `datatype`, `sortorder`, `handler`, `lookuphandler`, `lookupkey`, `lookupvalue`, `lookupdatatype`, `multivalued`, `required`, `vardatatype`, `lovname`) VALUES ('rptis.landtax.facts.Bill.currentdate', 'rptis.landtax.facts.Bill', 'currentdate', 'Current Date', 'date', '3', 'date', NULL, NULL, NULL, NULL, NULL, NULL, 'date', NULL);
INSERT INTO `sys_rule_fact_field` (`objid`, `parentid`, `name`, `title`, `datatype`, `sortorder`, `handler`, `lookuphandler`, `lookupkey`, `lookupvalue`, `lookupdatatype`, `multivalued`, `required`, `vardatatype`, `lovname`) VALUES ('rptis.landtax.facts.Bill.forpayment', 'rptis.landtax.facts.Bill', 'forpayment', 'Is for Payment?', 'boolean', '4', 'boolean', NULL, NULL, NULL, NULL, NULL, NULL, 'boolean', NULL);
INSERT INTO `sys_rule_fact_field` (`objid`, `parentid`, `name`, `title`, `datatype`, `sortorder`, `handler`, `lookuphandler`, `lookupkey`, `lookupvalue`, `lookupdatatype`, `multivalued`, `required`, `vardatatype`, `lovname`) VALUES ('FACTFLD-16b3898d:15d15d43bd3:-557a', 'RULFACT-16b3898d:15d15d43bd3:-55bb', 'toyear', 'To Year', 'integer', '5', 'integer', NULL, NULL, NULL, NULL, NULL, NULL, 'integer', NULL);
INSERT INTO `sys_rule_fact_field` (`objid`, `parentid`, `name`, `title`, `datatype`, `sortorder`, `handler`, `lookuphandler`, `lookupkey`, `lookupvalue`, `lookupdatatype`, `multivalued`, `required`, `vardatatype`, `lovname`) VALUES ('FACTFLD-16b3898d:15d15d43bd3:-5583', 'RULFACT-16b3898d:15d15d43bd3:-55bb', 'fromyear', 'From Year', 'integer', '4', 'integer', NULL, NULL, NULL, NULL, NULL, NULL, 'integer', NULL);
INSERT INTO `sys_rule_fact_field` (`objid`, `parentid`, `name`, `title`, `datatype`, `sortorder`, `handler`, `lookuphandler`, `lookupkey`, `lookupvalue`, `lookupdatatype`, `multivalued`, `required`, `vardatatype`, `lovname`) VALUES ('FACTFLD-16b3898d:15d15d43bd3:-558c', 'RULFACT-16b3898d:15d15d43bd3:-55bb', 'sefrate', 'SEF Rate', 'decimal', '3', 'decimal', NULL, NULL, NULL, NULL, NULL, NULL, 'decimal', NULL);
INSERT INTO `sys_rule_fact_field` (`objid`, `parentid`, `name`, `title`, `datatype`, `sortorder`, `handler`, `lookuphandler`, `lookupkey`, `lookupvalue`, `lookupdatatype`, `multivalued`, `required`, `vardatatype`, `lovname`) VALUES ('FACTFLD-16b3898d:15d15d43bd3:-5595', 'RULFACT-16b3898d:15d15d43bd3:-55bb', 'basicrate', 'Basic Rate', 'decimal', '2', 'decimal', NULL, NULL, NULL, NULL, NULL, NULL, 'decimal', NULL);
INSERT INTO `sys_rule_fact_field` (`objid`, `parentid`, `name`, `title`, `datatype`, `sortorder`, `handler`, `lookuphandler`, `lookupkey`, `lookupvalue`, `lookupdatatype`, `multivalued`, `required`, `vardatatype`, `lovname`) VALUES ('FACTFLD-16b3898d:15d15d43bd3:-559f', 'RULFACT-16b3898d:15d15d43bd3:-55bb', 'rptledger', 'Ledger', 'string', '1', 'var', NULL, NULL, NULL, NULL, NULL, NULL, 'rptis.landtax.facts.RPTLedgerFact', NULL);
INSERT INTO `sys_rule_fact_field` (`objid`, `parentid`, `name`, `title`, `datatype`, `sortorder`, `handler`, `lookuphandler`, `lookupkey`, `lookupvalue`, `lookupdatatype`, `multivalued`, `required`, `vardatatype`, `lovname`) VALUES ('FACTFLD-78fba29f:161df51b937:-76cb', 'RULFACT-78fba29f:161df51b937:-77bb', 'amount', 'Amount', 'decimal', '5', 'decimal', NULL, NULL, NULL, NULL, NULL, NULL, 'decimal', NULL);
INSERT INTO `sys_rule_fact_field` (`objid`, `parentid`, `name`, `title`, `datatype`, `sortorder`, `handler`, `lookuphandler`, `lookupkey`, `lookupvalue`, `lookupdatatype`, `multivalued`, `required`, `vardatatype`, `lovname`) VALUES ('FACTFLD-78fba29f:161df51b937:-76de', 'RULFACT-78fba29f:161df51b937:-77bb', 'sharetype', 'Share Type', 'string', '4', 'lov', NULL, NULL, NULL, NULL, NULL, NULL, 'string', 'RPT_BILLING_LGU_TYPES');
INSERT INTO `sys_rule_fact_field` (`objid`, `parentid`, `name`, `title`, `datatype`, `sortorder`, `handler`, `lookuphandler`, `lookupkey`, `lookupvalue`, `lookupdatatype`, `multivalued`, `required`, `vardatatype`, `lovname`) VALUES ('FACTFLD-78fba29f:161df51b937:-76e9', 'RULFACT-78fba29f:161df51b937:-77bb', 'revperiod', 'Revenue Period', 'string', '3', 'lov', NULL, NULL, NULL, NULL, NULL, NULL, 'string', 'RPT_REVENUE_PERIODS');
INSERT INTO `sys_rule_fact_field` (`objid`, `parentid`, `name`, `title`, `datatype`, `sortorder`, `handler`, `lookuphandler`, `lookupkey`, `lookupvalue`, `lookupdatatype`, `multivalued`, `required`, `vardatatype`, `lovname`) VALUES ('FACTFLD-78fba29f:161df51b937:-778d', 'RULFACT-78fba29f:161df51b937:-77bb', 'revtype', 'Revenue Type', 'string', '2', 'lov', NULL, NULL, NULL, NULL, NULL, NULL, 'string', 'RPT_BILLING_REVENUE_TYPES');
INSERT INTO `sys_rule_fact_field` (`objid`, `parentid`, `name`, `title`, `datatype`, `sortorder`, `handler`, `lookuphandler`, `lookupkey`, `lookupvalue`, `lookupdatatype`, `multivalued`, `required`, `vardatatype`, `lovname`) VALUES ('FACTFLD-78fba29f:161df51b937:-7797', 'RULFACT-78fba29f:161df51b937:-77bb', 'parentacctid', 'Account', 'string', '1', 'lookup', 'cashreceiptitem:lookup', 'objid', 'title', NULL, NULL, NULL, 'string', NULL);
INSERT INTO `sys_rule_fact_field` (`objid`, `parentid`, `name`, `title`, `datatype`, `sortorder`, `handler`, `lookuphandler`, `lookupkey`, `lookupvalue`, `lookupdatatype`, `multivalued`, `required`, `vardatatype`, `lovname`) VALUES ('FACTFLD-590a6da0:14625d73c19:-4c60', 'RULFACT1be07afa:1452a9809e9:-731e', 'revperiod', 'Revenue Period', 'string', '5', 'lov', NULL, NULL, NULL, NULL, NULL, '0', 'string', 'RPT_REVENUE_PERIODS');
INSERT INTO `sys_rule_fact_field` (`objid`, `parentid`, `name`, `title`, `datatype`, `sortorder`, `handler`, `lookuphandler`, `lookupkey`, `lookupvalue`, `lookupdatatype`, `multivalued`, `required`, `vardatatype`, `lovname`) VALUES ('FACTFLD-71f47c05:161656ab29f:-7cd5', 'RULFACT1be07afa:1452a9809e9:-731e', 'revtype', 'Revenue Type', 'string', '4', 'lov', NULL, NULL, NULL, NULL, NULL, NULL, 'string', 'RPT_BILLING_REVENUE_TYPES');
INSERT INTO `sys_rule_fact_field` (`objid`, `parentid`, `name`, `title`, `datatype`, `sortorder`, `handler`, `lookuphandler`, `lookupkey`, `lookupvalue`, `lookupdatatype`, `multivalued`, `required`, `vardatatype`, `lovname`) VALUES ('FACTFLD17570bc8:16168d77d6c:-7dfb', 'RULFACT1be07afa:1452a9809e9:-731e', 'ledger', 'Ledger', 'string', '1', 'var', NULL, NULL, NULL, NULL, NULL, NULL, 'rptis.landtax.facts.RPTLedgerFact', NULL);
INSERT INTO `sys_rule_fact_field` (`objid`, `parentid`, `name`, `title`, `datatype`, `sortorder`, `handler`, `lookuphandler`, `lookupkey`, `lookupvalue`, `lookupdatatype`, `multivalued`, `required`, `vardatatype`, `lovname`) VALUES ('FACTFLD1be07afa:1452a9809e9:-5718', 'RULFACT1be07afa:1452a9809e9:-731e', 'objid', 'Variable Name', 'string', '2', 'lookup', 'rptparameter:lookup', 'name', 'name', '', NULL, '0', 'string', '');
INSERT INTO `sys_rule_fact_field` (`objid`, `parentid`, `name`, `title`, `datatype`, `sortorder`, `handler`, `lookuphandler`, `lookupkey`, `lookupvalue`, `lookupdatatype`, `multivalued`, `required`, `vardatatype`, `lovname`) VALUES ('FACTFLD1be07afa:1452a9809e9:-72c3', 'RULFACT1be07afa:1452a9809e9:-731e', 'sefint', 'SEF Interest', 'decimal', '9', 'decimal', '', '', '', '', NULL, '0', 'decimal', '');
INSERT INTO `sys_rule_fact_field` (`objid`, `parentid`, `name`, `title`, `datatype`, `sortorder`, `handler`, `lookuphandler`, `lookupkey`, `lookupvalue`, `lookupdatatype`, `multivalued`, `required`, `vardatatype`, `lovname`) VALUES ('FACTFLD1be07afa:1452a9809e9:-72cc', 'RULFACT1be07afa:1452a9809e9:-731e', 'sefdisc', 'SEF Discount', 'decimal', '8', 'decimal', '', '', '', '', NULL, '0', 'decimal', '');
INSERT INTO `sys_rule_fact_field` (`objid`, `parentid`, `name`, `title`, `datatype`, `sortorder`, `handler`, `lookuphandler`, `lookupkey`, `lookupvalue`, `lookupdatatype`, `multivalued`, `required`, `vardatatype`, `lovname`) VALUES ('FACTFLD1be07afa:1452a9809e9:-72d5', 'RULFACT1be07afa:1452a9809e9:-731e', 'sef', 'SEF', 'decimal', '7', 'decimal', '', '', '', '', NULL, '0', 'decimal', '');
INSERT INTO `sys_rule_fact_field` (`objid`, `parentid`, `name`, `title`, `datatype`, `sortorder`, `handler`, `lookuphandler`, `lookupkey`, `lookupvalue`, `lookupdatatype`, `multivalued`, `required`, `vardatatype`, `lovname`) VALUES ('FACTFLD1be07afa:1452a9809e9:-72e6', 'RULFACT1be07afa:1452a9809e9:-731e', 'discount', 'Discount', 'decimal', '7', 'decimal', '', '', '', '', NULL, '0', 'decimal', '');
INSERT INTO `sys_rule_fact_field` (`objid`, `parentid`, `name`, `title`, `datatype`, `sortorder`, `handler`, `lookuphandler`, `lookupkey`, `lookupvalue`, `lookupdatatype`, `multivalued`, `required`, `vardatatype`, `lovname`) VALUES ('FACTFLD1be07afa:1452a9809e9:-72ef', 'RULFACT1be07afa:1452a9809e9:-731e', 'interest', 'Interest', 'decimal', '8', 'decimal', '', '', '', '', NULL, '0', 'decimal', '');
INSERT INTO `sys_rule_fact_field` (`objid`, `parentid`, `name`, `title`, `datatype`, `sortorder`, `handler`, `lookuphandler`, `lookupkey`, `lookupvalue`, `lookupdatatype`, `multivalued`, `required`, `vardatatype`, `lovname`) VALUES ('FACTFLD1be07afa:1452a9809e9:-72f8', 'RULFACT1be07afa:1452a9809e9:-731e', 'amount', 'Amount', 'decimal', '6', 'decimal', '', '', '', '', NULL, '0', 'decimal', '');
INSERT INTO `sys_rule_fact_field` (`objid`, `parentid`, `name`, `title`, `datatype`, `sortorder`, `handler`, `lookuphandler`, `lookupkey`, `lookupvalue`, `lookupdatatype`, `multivalued`, `required`, `vardatatype`, `lovname`) VALUES ('FACTFLD1be07afa:1452a9809e9:-730a', 'RULFACT1be07afa:1452a9809e9:-731e', 'rptledger', 'RPT Ledger', 'string', '3', 'var', '', '', '', '', NULL, NULL, 'rptis.landtax.facts.RPTLedgerFact', '');
INSERT INTO `sys_rule_fact_field` (`objid`, `parentid`, `name`, `title`, `datatype`, `sortorder`, `handler`, `lookuphandler`, `lookupkey`, `lookupvalue`, `lookupdatatype`, `multivalued`, `required`, `vardatatype`, `lovname`) VALUES ('FACTFLD309df60a:1452ffc9c7f:-739f', 'RULFACT1be07afa:1452a9809e9:-731e', 'firecode', 'Fire Code', 'decimal', '10', 'decimal', '', '', '', '', NULL, NULL, 'decimal', '');
INSERT INTO `sys_rule_fact_field` (`objid`, `parentid`, `name`, `title`, `datatype`, `sortorder`, `handler`, `lookuphandler`, `lookupkey`, `lookupvalue`, `lookupdatatype`, `multivalued`, `required`, `vardatatype`, `lovname`) VALUES ('FACTFLD-20603cf4:146f0c708c1:-7a25', 'RULFACT357018a9:1452a5dcbf7:-793b', 'lguid', 'LGU', 'string', '5', 'lookup', 'municipality:lookup', 'objid', 'name', NULL, NULL, NULL, 'string', NULL);
INSERT INTO `sys_rule_fact_field` (`objid`, `parentid`, `name`, `title`, `datatype`, `sortorder`, `handler`, `lookuphandler`, `lookupkey`, `lookupvalue`, `lookupdatatype`, `multivalued`, `required`, `vardatatype`, `lovname`) VALUES ('FACTFLD17570bc8:16168d77d6c:-75cb', 'RULFACT357018a9:1452a5dcbf7:-793b', 'discount', 'Discount', 'decimal', '8', 'decimal', NULL, NULL, NULL, NULL, NULL, NULL, 'decimal', NULL);
INSERT INTO `sys_rule_fact_field` (`objid`, `parentid`, `name`, `title`, `datatype`, `sortorder`, `handler`, `lookuphandler`, `lookupkey`, `lookupvalue`, `lookupdatatype`, `multivalued`, `required`, `vardatatype`, `lovname`) VALUES ('FACTFLD17570bc8:16168d77d6c:-7760', 'RULFACT357018a9:1452a5dcbf7:-793b', 'revtype', 'Revenue Type', 'string', '3', 'lov', NULL, NULL, NULL, NULL, NULL, '1', 'string', 'RPT_BILLING_REVENUE_TYPES');
INSERT INTO `sys_rule_fact_field` (`objid`, `parentid`, `name`, `title`, `datatype`, `sortorder`, `handler`, `lookuphandler`, `lookupkey`, `lookupvalue`, `lookupdatatype`, `multivalued`, `required`, `vardatatype`, `lovname`) VALUES ('FACTFLD17570bc8:16168d77d6c:-78ef', 'RULFACT357018a9:1452a5dcbf7:-793b', 'amount', 'Amount', 'decimal', '6', 'decimal', NULL, NULL, NULL, NULL, NULL, NULL, 'decimal', NULL);
INSERT INTO `sys_rule_fact_field` (`objid`, `parentid`, `name`, `title`, `datatype`, `sortorder`, `handler`, `lookuphandler`, `lookupkey`, `lookupvalue`, `lookupdatatype`, `multivalued`, `required`, `vardatatype`, `lovname`) VALUES ('FACTFLD1be07afa:1452a9809e9:-332b', 'RULFACT357018a9:1452a5dcbf7:-793b', 'lgutype', 'LGU Type', 'string', '1', 'lov', '', '', '', '', NULL, '1', 'string', 'RPT_BILLING_LGU_TYPES');
INSERT INTO `sys_rule_fact_field` (`objid`, `parentid`, `name`, `title`, `datatype`, `sortorder`, `handler`, `lookuphandler`, `lookupkey`, `lookupvalue`, `lookupdatatype`, `multivalued`, `required`, `vardatatype`, `lovname`) VALUES ('FACTFLD1be07afa:1452a9809e9:-3ee8', 'RULFACT357018a9:1452a5dcbf7:-793b', 'sefint', 'SEF Interest', 'decimal', '11', 'decimal', '', '', '', '', NULL, '0', 'decimal', '');
INSERT INTO `sys_rule_fact_field` (`objid`, `parentid`, `name`, `title`, `datatype`, `sortorder`, `handler`, `lookuphandler`, `lookupkey`, `lookupvalue`, `lookupdatatype`, `multivalued`, `required`, `vardatatype`, `lovname`) VALUES ('FACTFLD1be07afa:1452a9809e9:-3f01', 'RULFACT357018a9:1452a5dcbf7:-793b', 'sefdisc', 'SEF Discount', 'decimal', '10', 'decimal', '', '', '', '', NULL, '0', 'decimal', '');
INSERT INTO `sys_rule_fact_field` (`objid`, `parentid`, `name`, `title`, `datatype`, `sortorder`, `handler`, `lookuphandler`, `lookupkey`, `lookupvalue`, `lookupdatatype`, `multivalued`, `required`, `vardatatype`, `lovname`) VALUES ('FACTFLD1be07afa:1452a9809e9:-3f1a', 'RULFACT357018a9:1452a5dcbf7:-793b', 'sef', 'SEF', 'decimal', '9', 'decimal', '', '', '', '', NULL, '0', 'decimal', '');
INSERT INTO `sys_rule_fact_field` (`objid`, `parentid`, `name`, `title`, `datatype`, `sortorder`, `handler`, `lookuphandler`, `lookupkey`, `lookupvalue`, `lookupdatatype`, `multivalued`, `required`, `vardatatype`, `lovname`) VALUES ('FACTFLD1be07afa:1452a9809e9:-3f33', 'RULFACT357018a9:1452a5dcbf7:-793b', 'basicint', 'Basic Interest', 'decimal', '8', 'decimal', '', '', '', '', NULL, '0', 'decimal', '');
INSERT INTO `sys_rule_fact_field` (`objid`, `parentid`, `name`, `title`, `datatype`, `sortorder`, `handler`, `lookuphandler`, `lookupkey`, `lookupvalue`, `lookupdatatype`, `multivalued`, `required`, `vardatatype`, `lovname`) VALUES ('FACTFLD1be07afa:1452a9809e9:-3f4c', 'RULFACT357018a9:1452a5dcbf7:-793b', 'basicdisc', 'Basic Discount', 'decimal', '7', 'decimal', '', '', '', '', NULL, '0', 'decimal', '');
INSERT INTO `sys_rule_fact_field` (`objid`, `parentid`, `name`, `title`, `datatype`, `sortorder`, `handler`, `lookuphandler`, `lookupkey`, `lookupvalue`, `lookupdatatype`, `multivalued`, `required`, `vardatatype`, `lovname`) VALUES ('FACTFLD1be07afa:1452a9809e9:-3f65', 'RULFACT357018a9:1452a5dcbf7:-793b', 'basic', 'Basic', 'decimal', '6', 'decimal', '', '', '', '', NULL, '0', 'decimal', '');
INSERT INTO `sys_rule_fact_field` (`objid`, `parentid`, `name`, `title`, `datatype`, `sortorder`, `handler`, `lookuphandler`, `lookupkey`, `lookupvalue`, `lookupdatatype`, `multivalued`, `required`, `vardatatype`, `lovname`) VALUES ('FACTFLD1be07afa:1452a9809e9:-45b2', 'RULFACT357018a9:1452a5dcbf7:-793b', 'revperiod', 'Revenue Period', 'string', '4', 'lov', '', '', '', '', NULL, '1', 'string', 'RPT_REVENUE_PERIODS');
INSERT INTO `sys_rule_fact_field` (`objid`, `parentid`, `name`, `title`, `datatype`, `sortorder`, `handler`, `lookuphandler`, `lookupkey`, `lookupvalue`, `lookupdatatype`, `multivalued`, `required`, `vardatatype`, `lovname`) VALUES ('FACTFLD1be07afa:1452a9809e9:-608c', 'RULFACT357018a9:1452a5dcbf7:-793b', 'barangay', 'Barangay', 'string', '7', 'lookup', 'barangay:lookup', 'objid', 'name', '', NULL, NULL, 'string', '');
INSERT INTO `sys_rule_fact_field` (`objid`, `parentid`, `name`, `title`, `datatype`, `sortorder`, `handler`, `lookuphandler`, `lookupkey`, `lookupvalue`, `lookupdatatype`, `multivalued`, `required`, `vardatatype`, `lovname`) VALUES ('FACTFLD357018a9:1452a5dcbf7:-7765', 'RULFACT357018a9:1452a5dcbf7:-793b', 'sharetype', 'Share Type', 'string', '2', 'lov', '', '', '', '', NULL, '1', 'string', 'RPT_BILLING_SHARE_TYPES');
INSERT INTO `sys_rule_fact_field` (`objid`, `parentid`, `name`, `title`, `datatype`, `sortorder`, `handler`, `lookuphandler`, `lookupkey`, `lookupvalue`, `lookupdatatype`, `multivalued`, `required`, `vardatatype`, `lovname`) VALUES ('FACTFLD49ae4bad:141e3b6758c:-7b87', 'RULFACT49ae4bad:141e3b6758c:-7ba3', 'day', 'Day', 'integer', '4', 'integer', '', '', '', '', NULL, NULL, 'integer', '');
INSERT INTO `sys_rule_fact_field` (`objid`, `parentid`, `name`, `title`, `datatype`, `sortorder`, `handler`, `lookuphandler`, `lookupkey`, `lookupvalue`, `lookupdatatype`, `multivalued`, `required`, `vardatatype`, `lovname`) VALUES ('FACTFLD49ae4bad:141e3b6758c:-7b8e', 'RULFACT49ae4bad:141e3b6758c:-7ba3', 'month', 'Month', 'integer', '3', 'integer', '', '', '', '', NULL, NULL, 'integer', '');
INSERT INTO `sys_rule_fact_field` (`objid`, `parentid`, `name`, `title`, `datatype`, `sortorder`, `handler`, `lookuphandler`, `lookupkey`, `lookupvalue`, `lookupdatatype`, `multivalued`, `required`, `vardatatype`, `lovname`) VALUES ('FACTFLD49ae4bad:141e3b6758c:-7b95', 'RULFACT49ae4bad:141e3b6758c:-7ba3', 'qtr', 'Quarter', 'integer', '2', 'integer', '', '', '', '', NULL, NULL, 'integer', '');
INSERT INTO `sys_rule_fact_field` (`objid`, `parentid`, `name`, `title`, `datatype`, `sortorder`, `handler`, `lookuphandler`, `lookupkey`, `lookupvalue`, `lookupdatatype`, `multivalued`, `required`, `vardatatype`, `lovname`) VALUES ('FACTFLD49ae4bad:141e3b6758c:-7b9c', 'RULFACT49ae4bad:141e3b6758c:-7ba3', 'year', 'Year', 'integer', '1', 'integer', '', '', '', '', NULL, NULL, 'integer', '');
INSERT INTO `sys_rule_fact_field` (`objid`, `parentid`, `name`, `title`, `datatype`, `sortorder`, `handler`, `lookuphandler`, `lookupkey`, `lookupvalue`, `lookupdatatype`, `multivalued`, `required`, `vardatatype`, `lovname`) VALUES ('FACTFLD-1306e459:14a228fb9ab:-233', 'RULFACT547c5381:1451ae1cd9c:-7933', 'qtrlypaymentavailed', 'Is Quarterly Payment?', 'boolean', '12', 'boolean', NULL, NULL, NULL, NULL, NULL, NULL, 'boolean', NULL);
INSERT INTO `sys_rule_fact_field` (`objid`, `parentid`, `name`, `title`, `datatype`, `sortorder`, `handler`, `lookuphandler`, `lookupkey`, `lookupvalue`, `lookupdatatype`, `multivalued`, `required`, `vardatatype`, `lovname`) VALUES ('FACTFLD-1306e459:14a228fb9ab:-37e', 'RULFACT547c5381:1451ae1cd9c:-7933', 'fullypaid', 'Is Fully Paid?', 'boolean', '11', 'boolean', NULL, NULL, NULL, NULL, NULL, NULL, 'boolean', NULL);
INSERT INTO `sys_rule_fact_field` (`objid`, `parentid`, `name`, `title`, `datatype`, `sortorder`, `handler`, `lookuphandler`, `lookupkey`, `lookupvalue`, `lookupdatatype`, `multivalued`, `required`, `vardatatype`, `lovname`) VALUES ('FACTFLD-319efa0:1452018b4cc:-7e00', 'RULFACT547c5381:1451ae1cd9c:-7933', 'netsef', 'Net SEF Amount', 'decimal', '28', 'decimal', '', '', '', '', NULL, NULL, 'decimal', '');
INSERT INTO `sys_rule_fact_field` (`objid`, `parentid`, `name`, `title`, `datatype`, `sortorder`, `handler`, `lookuphandler`, `lookupkey`, `lookupvalue`, `lookupdatatype`, `multivalued`, `required`, `vardatatype`, `lovname`) VALUES ('FACTFLD-319efa0:1452018b4cc:-7e53', 'RULFACT547c5381:1451ae1cd9c:-7933', 'netbasic', 'Net Basic Amount', 'decimal', '24', 'decimal', '', '', '', '', NULL, NULL, 'decimal', '');
INSERT INTO `sys_rule_fact_field` (`objid`, `parentid`, `name`, `title`, `datatype`, `sortorder`, `handler`, `lookuphandler`, `lookupkey`, `lookupvalue`, `lookupdatatype`, `multivalued`, `required`, `vardatatype`, `lovname`) VALUES ('FACTFLD-569e4b29:1452054ad68:-5e97', 'RULFACT547c5381:1451ae1cd9c:-7933', 'firecode', 'Fire Code', 'decimal', '29', 'decimal', '', '', '', '', NULL, NULL, 'decimal', '');
INSERT INTO `sys_rule_fact_field` (`objid`, `parentid`, `name`, `title`, `datatype`, `sortorder`, `handler`, `lookuphandler`, `lookupkey`, `lookupvalue`, `lookupdatatype`, `multivalued`, `required`, `vardatatype`, `lovname`) VALUES ('FACTFLD-585c89e6:16156f39eeb:-7a07', 'RULFACT547c5381:1451ae1cd9c:-7933', 'qtrly', 'Is quarterly computed?', 'boolean', '22', 'boolean', NULL, NULL, NULL, NULL, NULL, NULL, 'boolean', NULL);
INSERT INTO `sys_rule_fact_field` (`objid`, `parentid`, `name`, `title`, `datatype`, `sortorder`, `handler`, `lookuphandler`, `lookupkey`, `lookupvalue`, `lookupdatatype`, `multivalued`, `required`, `vardatatype`, `lovname`) VALUES ('FACTFLD-6a85cd56:149c62a67fd:-7890', 'RULFACT547c5381:1451ae1cd9c:-7933', 'basicidleint', 'Basic Idle Land Interest', 'decimal', '23', 'decimal', NULL, NULL, NULL, NULL, NULL, NULL, 'decimal', NULL);
INSERT INTO `sys_rule_fact_field` (`objid`, `parentid`, `name`, `title`, `datatype`, `sortorder`, `handler`, `lookuphandler`, `lookupkey`, `lookupvalue`, `lookupdatatype`, `multivalued`, `required`, `vardatatype`, `lovname`) VALUES ('FACTFLD-6a85cd56:149c62a67fd:-7913', 'RULFACT547c5381:1451ae1cd9c:-7933', 'basicidledisc', 'Basic Idle Land Discount', 'decimal', '22', 'decimal', NULL, NULL, NULL, NULL, NULL, NULL, 'decimal', NULL);
INSERT INTO `sys_rule_fact_field` (`objid`, `parentid`, `name`, `title`, `datatype`, `sortorder`, `handler`, `lookuphandler`, `lookupkey`, `lookupvalue`, `lookupdatatype`, `multivalued`, `required`, `vardatatype`, `lovname`) VALUES ('FACTFLD-72207dec:149d03afd0b:-6902', 'RULFACT547c5381:1451ae1cd9c:-7933', 'taxdifference', 'Is Tax Difference?', 'boolean', '13', 'boolean', NULL, NULL, NULL, NULL, NULL, NULL, 'boolean', NULL);
INSERT INTO `sys_rule_fact_field` (`objid`, `parentid`, `name`, `title`, `datatype`, `sortorder`, `handler`, `lookuphandler`, `lookupkey`, `lookupvalue`, `lookupdatatype`, `multivalued`, `required`, `vardatatype`, `lovname`) VALUES ('FACTFLD547c5381:1451ae1cd9c:-7774', 'RULFACT547c5381:1451ae1cd9c:-7933', 'sefdisc', 'SEF Discount', 'decimal', '27', 'decimal', '', '', '', '', NULL, NULL, 'decimal', '');
INSERT INTO `sys_rule_fact_field` (`objid`, `parentid`, `name`, `title`, `datatype`, `sortorder`, `handler`, `lookuphandler`, `lookupkey`, `lookupvalue`, `lookupdatatype`, `multivalued`, `required`, `vardatatype`, `lovname`) VALUES ('FACTFLD547c5381:1451ae1cd9c:-777d', 'RULFACT547c5381:1451ae1cd9c:-7933', 'sefint', 'SEF Interest', 'decimal', '26', 'decimal', '', '', '', '', NULL, NULL, 'decimal', '');
INSERT INTO `sys_rule_fact_field` (`objid`, `parentid`, `name`, `title`, `datatype`, `sortorder`, `handler`, `lookuphandler`, `lookupkey`, `lookupvalue`, `lookupdatatype`, `multivalued`, `required`, `vardatatype`, `lovname`) VALUES ('FACTFLD547c5381:1451ae1cd9c:-7786', 'RULFACT547c5381:1451ae1cd9c:-7933', 'sef', 'SEF', 'decimal', '25', 'decimal', '', '', '', '', NULL, NULL, 'decimal', '');
INSERT INTO `sys_rule_fact_field` (`objid`, `parentid`, `name`, `title`, `datatype`, `sortorder`, `handler`, `lookuphandler`, `lookupkey`, `lookupvalue`, `lookupdatatype`, `multivalued`, `required`, `vardatatype`, `lovname`) VALUES ('FACTFLD547c5381:1451ae1cd9c:-7798', 'RULFACT547c5381:1451ae1cd9c:-7933', 'interest', 'Interest', 'decimal', '20', 'decimal', '', '', '', '', NULL, NULL, 'decimal', '');
INSERT INTO `sys_rule_fact_field` (`objid`, `parentid`, `name`, `title`, `datatype`, `sortorder`, `handler`, `lookuphandler`, `lookupkey`, `lookupvalue`, `lookupdatatype`, `multivalued`, `required`, `vardatatype`, `lovname`) VALUES ('FACTFLD547c5381:1451ae1cd9c:-77a1', 'RULFACT547c5381:1451ae1cd9c:-7933', 'amtdue', 'Tax', 'decimal', '19', 'decimal', '', '', '', '', NULL, NULL, 'decimal', '');
INSERT INTO `sys_rule_fact_field` (`objid`, `parentid`, `name`, `title`, `datatype`, `sortorder`, `handler`, `lookuphandler`, `lookupkey`, `lookupvalue`, `lookupdatatype`, `multivalued`, `required`, `vardatatype`, `lovname`) VALUES ('FACTFLD547c5381:1451ae1cd9c:-77aa', 'RULFACT547c5381:1451ae1cd9c:-7933', 'basic', 'Basic', 'decimal', '18', 'decimal', '', '', '', '', NULL, NULL, 'decimal', '');
INSERT INTO `sys_rule_fact_field` (`objid`, `parentid`, `name`, `title`, `datatype`, `sortorder`, `handler`, `lookuphandler`, `lookupkey`, `lookupvalue`, `lookupdatatype`, `multivalued`, `required`, `vardatatype`, `lovname`) VALUES ('FACTFLD547c5381:1451ae1cd9c:-7867', 'RULFACT547c5381:1451ae1cd9c:-7933', 'reclassed', 'Is Reclassed?', 'boolean', '9', 'boolean', '', '', '', '', NULL, NULL, 'boolean', '');
INSERT INTO `sys_rule_fact_field` (`objid`, `parentid`, `name`, `title`, `datatype`, `sortorder`, `handler`, `lookuphandler`, `lookupkey`, `lookupvalue`, `lookupdatatype`, `multivalued`, `required`, `vardatatype`, `lovname`) VALUES ('FACTFLD547c5381:1451ae1cd9c:-7870', 'RULFACT547c5381:1451ae1cd9c:-7933', 'revperiod', 'Revenue Period', 'string', '18', 'lov', '', '', '', '', NULL, NULL, 'string', 'RPT_REVENUE_PERIODS');
INSERT INTO `sys_rule_fact_field` (`objid`, `parentid`, `name`, `title`, `datatype`, `sortorder`, `handler`, `lookuphandler`, `lookupkey`, `lookupvalue`, `lookupdatatype`, `multivalued`, `required`, `vardatatype`, `lovname`) VALUES ('FACTFLD547c5381:1451ae1cd9c:-789d', 'RULFACT547c5381:1451ae1cd9c:-7933', 'backtax', 'Is Back Tax?', 'boolean', '16', 'boolean', '', '', '', '', NULL, NULL, 'boolean', '');
INSERT INTO `sys_rule_fact_field` (`objid`, `parentid`, `name`, `title`, `datatype`, `sortorder`, `handler`, `lookuphandler`, `lookupkey`, `lookupvalue`, `lookupdatatype`, `multivalued`, `required`, `vardatatype`, `lovname`) VALUES ('FACTFLD547c5381:1451ae1cd9c:-78a6', 'RULFACT547c5381:1451ae1cd9c:-7933', 'monthsfromjan', 'Number of Months from January', 'integer', '15', 'integer', '', '', '', '', NULL, NULL, 'integer', '');
INSERT INTO `sys_rule_fact_field` (`objid`, `parentid`, `name`, `title`, `datatype`, `sortorder`, `handler`, `lookuphandler`, `lookupkey`, `lookupvalue`, `lookupdatatype`, `multivalued`, `required`, `vardatatype`, `lovname`) VALUES ('FACTFLD547c5381:1451ae1cd9c:-78af', 'RULFACT547c5381:1451ae1cd9c:-7933', 'monthsfromqtr', 'Number of Months From Quarter', 'integer', '14', 'integer', '', '', '', '', NULL, NULL, 'integer', '');
INSERT INTO `sys_rule_fact_field` (`objid`, `parentid`, `name`, `title`, `datatype`, `sortorder`, `handler`, `lookuphandler`, `lookupkey`, `lookupvalue`, `lookupdatatype`, `multivalued`, `required`, `vardatatype`, `lovname`) VALUES ('FACTFLD547c5381:1451ae1cd9c:-78e0', 'RULFACT547c5381:1451ae1cd9c:-7933', 'actualuse', 'Actual Use', 'string', '7', 'lookup', 'propertyclassification:lookup', 'objid', 'title', '', NULL, NULL, 'string', '');
INSERT INTO `sys_rule_fact_field` (`objid`, `parentid`, `name`, `title`, `datatype`, `sortorder`, `handler`, `lookuphandler`, `lookupkey`, `lookupvalue`, `lookupdatatype`, `multivalued`, `required`, `vardatatype`, `lovname`) VALUES ('FACTFLD547c5381:1451ae1cd9c:-78e9', 'RULFACT547c5381:1451ae1cd9c:-7933', 'classification', 'Classification', 'string', '6', 'lookup', 'propertyclassification:lookup', 'objid', 'name', '', '0', NULL, 'string', '');
INSERT INTO `sys_rule_fact_field` (`objid`, `parentid`, `name`, `title`, `datatype`, `sortorder`, `handler`, `lookuphandler`, `lookupkey`, `lookupvalue`, `lookupdatatype`, `multivalued`, `required`, `vardatatype`, `lovname`) VALUES ('FACTFLD547c5381:1451ae1cd9c:-78f2', 'RULFACT547c5381:1451ae1cd9c:-7933', 'txntype', 'Txn Type', 'string', '5', 'lov', '', '', '', '', NULL, NULL, 'string', 'RPT_TXN_TYPES');
INSERT INTO `sys_rule_fact_field` (`objid`, `parentid`, `name`, `title`, `datatype`, `sortorder`, `handler`, `lookuphandler`, `lookupkey`, `lookupvalue`, `lookupdatatype`, `multivalued`, `required`, `vardatatype`, `lovname`) VALUES ('FACTFLD547c5381:1451ae1cd9c:-78fb', 'RULFACT547c5381:1451ae1cd9c:-7933', 'av', 'Assessed Value', 'decimal', '4', 'decimal', '', '', '', '', NULL, NULL, 'decimal', '');
INSERT INTO `sys_rule_fact_field` (`objid`, `parentid`, `name`, `title`, `datatype`, `sortorder`, `handler`, `lookuphandler`, `lookupkey`, `lookupvalue`, `lookupdatatype`, `multivalued`, `required`, `vardatatype`, `lovname`) VALUES ('FACTFLD547c5381:1451ae1cd9c:-7904', 'RULFACT547c5381:1451ae1cd9c:-7933', 'originalav', 'Original AV', 'decimal', '8', 'decimal', '', '', '', '', NULL, NULL, 'decimal', '');
INSERT INTO `sys_rule_fact_field` (`objid`, `parentid`, `name`, `title`, `datatype`, `sortorder`, `handler`, `lookuphandler`, `lookupkey`, `lookupvalue`, `lookupdatatype`, `multivalued`, `required`, `vardatatype`, `lovname`) VALUES ('FACTFLD547c5381:1451ae1cd9c:-790d', 'RULFACT547c5381:1451ae1cd9c:-7933', 'qtr', 'Qtr', 'integer', '2', 'integer', '', '', '', '', NULL, NULL, 'integer', '');
INSERT INTO `sys_rule_fact_field` (`objid`, `parentid`, `name`, `title`, `datatype`, `sortorder`, `handler`, `lookuphandler`, `lookupkey`, `lookupvalue`, `lookupdatatype`, `multivalued`, `required`, `vardatatype`, `lovname`) VALUES ('FACTFLD547c5381:1451ae1cd9c:-7916', 'RULFACT547c5381:1451ae1cd9c:-7933', 'year', 'Year', 'integer', '1', 'integer', '', '', '', '', NULL, NULL, 'integer', '');
INSERT INTO `sys_rule_fact_field` (`objid`, `parentid`, `name`, `title`, `datatype`, `sortorder`, `handler`, `lookuphandler`, `lookupkey`, `lookupvalue`, `lookupdatatype`, `multivalued`, `required`, `vardatatype`, `lovname`) VALUES ('FACTFLD547c5381:1451ae1cd9c:-791f', 'RULFACT547c5381:1451ae1cd9c:-7933', 'rptledger', 'RPT Ledger', 'string', '3', 'var', '', '', '', '', NULL, '0', 'rptis.landtax.facts.RPTLedgerFact', '');
INSERT INTO `sys_rule_fact_field` (`objid`, `parentid`, `name`, `title`, `datatype`, `sortorder`, `handler`, `lookuphandler`, `lookupkey`, `lookupvalue`, `lookupdatatype`, `multivalued`, `required`, `vardatatype`, `lovname`) VALUES ('FACTFLD600de0dd:14891e3a85f:-7851', 'RULFACT547c5381:1451ae1cd9c:-7933', 'discount', 'Discount', 'decimal', '21', 'decimal', NULL, NULL, NULL, NULL, NULL, NULL, 'decimal', NULL);
INSERT INTO `sys_rule_fact_field` (`objid`, `parentid`, `name`, `title`, `datatype`, `sortorder`, `handler`, `lookuphandler`, `lookupkey`, `lookupvalue`, `lookupdatatype`, `multivalued`, `required`, `vardatatype`, `lovname`) VALUES ('FACTFLD600de0dd:14891e3a85f:-7f9d', 'RULFACT547c5381:1451ae1cd9c:-7933', 'idleland', 'Is Idle Land?', 'boolean', '10', 'boolean', NULL, NULL, NULL, NULL, NULL, NULL, 'boolean', NULL);
INSERT INTO `sys_rule_fact_field` (`objid`, `parentid`, `name`, `title`, `datatype`, `sortorder`, `handler`, `lookuphandler`, `lookupkey`, `lookupvalue`, `lookupdatatype`, `multivalued`, `required`, `vardatatype`, `lovname`) VALUES ('FACTFLD634d9a3c:161503ff1dc:-7628', 'RULFACT547c5381:1451ae1cd9c:-7933', 'revtype', 'Revenue Type', 'string', '17', 'lov', NULL, NULL, NULL, NULL, NULL, NULL, 'string', 'RPT_BILLING_REVENUE_TYPES');
INSERT INTO `sys_rule_fact_field` (`objid`, `parentid`, `name`, `title`, `datatype`, `sortorder`, `handler`, `lookuphandler`, `lookupkey`, `lookupvalue`, `lookupdatatype`, `multivalued`, `required`, `vardatatype`, `lovname`) VALUES ('FACTFLD-2171899c:15e93ccd0af:-7aeb', 'RULFACT547c5381:1451ae1cd9c:-798f', 'objid', 'Objid', 'string', '1', 'lookup', 'rptledger:lookup', 'objid', 'tdno', NULL, NULL, NULL, 'string', NULL);
INSERT INTO `sys_rule_fact_field` (`objid`, `parentid`, `name`, `title`, `datatype`, `sortorder`, `handler`, `lookuphandler`, `lookupkey`, `lookupvalue`, `lookupdatatype`, `multivalued`, `required`, `vardatatype`, `lovname`) VALUES ('FACTFLD-495d2a02:146f0b98c4d:-7d21', 'RULFACT547c5381:1451ae1cd9c:-798f', 'lguid', 'LGU ID', 'string', '11', 'lookup', 'municipality:lookup', 'objid', 'name', NULL, NULL, NULL, 'string', NULL);
INSERT INTO `sys_rule_fact_field` (`objid`, `parentid`, `name`, `title`, `datatype`, `sortorder`, `handler`, `lookuphandler`, `lookupkey`, `lookupvalue`, `lookupdatatype`, `multivalued`, `required`, `vardatatype`, `lovname`) VALUES ('FACTFLD-569e4b29:1452054ad68:-7a02', 'RULFACT547c5381:1451ae1cd9c:-798f', 'rputype', 'Property Type', 'string', '9', 'lov', '', '', '', '', NULL, NULL, 'string', 'RPT_RPUTYPES');
INSERT INTO `sys_rule_fact_field` (`objid`, `parentid`, `name`, `title`, `datatype`, `sortorder`, `handler`, `lookuphandler`, `lookupkey`, `lookupvalue`, `lookupdatatype`, `multivalued`, `required`, `vardatatype`, `lovname`) VALUES ('FACTFLD-78fba29f:161df51b937:-42de', 'RULFACT547c5381:1451ae1cd9c:-798f', 'parentlguid', 'Parent LGU', 'string', '10', 'lookup', 'province:lookup', 'objid', 'name', NULL, NULL, NULL, 'string', NULL);
INSERT INTO `sys_rule_fact_field` (`objid`, `parentid`, `name`, `title`, `datatype`, `sortorder`, `handler`, `lookuphandler`, `lookupkey`, `lookupvalue`, `lookupdatatype`, `multivalued`, `required`, `vardatatype`, `lovname`) VALUES ('FACTFLD-78fba29f:161df51b937:-50ab', 'RULFACT547c5381:1451ae1cd9c:-798f', 'barangayid', 'Barangay ID', 'string', '12', 'lookup', 'barangay:lookup', 'objid', 'name', NULL, NULL, NULL, 'string', NULL);
INSERT INTO `sys_rule_fact_field` (`objid`, `parentid`, `name`, `title`, `datatype`, `sortorder`, `handler`, `lookuphandler`, `lookupkey`, `lookupvalue`, `lookupdatatype`, `multivalued`, `required`, `vardatatype`, `lovname`) VALUES ('FACTFLD-bc91bc6:14e8f2ce895:-7f59', 'RULFACT547c5381:1451ae1cd9c:-798f', 'undercompromise', 'Is under Compromise?', 'boolean', '6', 'boolean', NULL, NULL, NULL, NULL, NULL, NULL, 'boolean', NULL);
INSERT INTO `sys_rule_fact_field` (`objid`, `parentid`, `name`, `title`, `datatype`, `sortorder`, `handler`, `lookuphandler`, `lookupkey`, `lookupvalue`, `lookupdatatype`, `multivalued`, `required`, `vardatatype`, `lovname`) VALUES ('FACTFLD547c5381:1451ae1cd9c:-7704', 'RULFACT547c5381:1451ae1cd9c:-798f', 'barangay', 'Barangay', 'string', '8', 'lookup', 'barangay:lookup', 'objid', 'name', '', NULL, NULL, 'string', '');
INSERT INTO `sys_rule_fact_field` (`objid`, `parentid`, `name`, `title`, `datatype`, `sortorder`, `handler`, `lookuphandler`, `lookupkey`, `lookupvalue`, `lookupdatatype`, `multivalued`, `required`, `vardatatype`, `lovname`) VALUES ('FACTFLD547c5381:1451ae1cd9c:-795c', 'RULFACT547c5381:1451ae1cd9c:-798f', 'qtrlypaymentpaidontime', 'Quarterly Payment is Paid On-Time', 'boolean', '5', 'boolean', '', '', '', '', NULL, NULL, 'boolean', '');
INSERT INTO `sys_rule_fact_field` (`objid`, `parentid`, `name`, `title`, `datatype`, `sortorder`, `handler`, `lookuphandler`, `lookupkey`, `lookupvalue`, `lookupdatatype`, `multivalued`, `required`, `vardatatype`, `lovname`) VALUES ('FACTFLD547c5381:1451ae1cd9c:-7965', 'RULFACT547c5381:1451ae1cd9c:-798f', 'firstqtrpaidontime', '1st Qtr is Paid On-Time', 'boolean', '4', 'boolean', '', '', '', '', NULL, NULL, 'boolean', '');
INSERT INTO `sys_rule_fact_field` (`objid`, `parentid`, `name`, `title`, `datatype`, `sortorder`, `handler`, `lookuphandler`, `lookupkey`, `lookupvalue`, `lookupdatatype`, `multivalued`, `required`, `vardatatype`, `lovname`) VALUES ('FACTFLD547c5381:1451ae1cd9c:-7970', 'RULFACT547c5381:1451ae1cd9c:-798f', 'lastqtrpaid', 'Last Qtr Paid', 'integer', '3', 'integer', '', '', '', '', NULL, NULL, 'integer', '');
INSERT INTO `sys_rule_fact_field` (`objid`, `parentid`, `name`, `title`, `datatype`, `sortorder`, `handler`, `lookuphandler`, `lookupkey`, `lookupvalue`, `lookupdatatype`, `multivalued`, `required`, `vardatatype`, `lovname`) VALUES ('FACTFLD547c5381:1451ae1cd9c:-797b', 'RULFACT547c5381:1451ae1cd9c:-798f', 'lastyearpaid', 'Last Year Paid', 'integer', '2', 'integer', '', '', '', '', NULL, NULL, 'integer', '');
INSERT INTO `sys_rule_fact_field` (`objid`, `parentid`, `name`, `title`, `datatype`, `sortorder`, `handler`, `lookuphandler`, `lookupkey`, `lookupvalue`, `lookupdatatype`, `multivalued`, `required`, `vardatatype`, `lovname`) VALUES ('FACTFLD603bde10:15e028ba480:-7d9f', 'RULFACT547c5381:1451ae1cd9c:-798f', 'missedpayment', 'Has missed current year Quarterly Payment?', 'boolean', '7', 'boolean', NULL, NULL, NULL, NULL, NULL, NULL, 'boolean', NULL);
INSERT INTO `sys_rule_fact_field` (`objid`, `parentid`, `name`, `title`, `datatype`, `sortorder`, `handler`, `lookuphandler`, `lookupkey`, `lookupvalue`, `lookupdatatype`, `multivalued`, `required`, `vardatatype`, `lovname`) VALUES ('FACTFLD-5ed6c5b0:16145892be0:-7617', 'RULFACT-5ed6c5b0:16145892be0:-7d9c', 'classification', 'Classification', 'string', '3', 'var', 'propertyclassification:lookup', 'objid', 'name', NULL, NULL, NULL, 'rptis.landtax.facts.Classification', NULL);
INSERT INTO `sys_rule_fact_field` (`objid`, `parentid`, `name`, `title`, `datatype`, `sortorder`, `handler`, `lookuphandler`, `lookupkey`, `lookupvalue`, `lookupdatatype`, `multivalued`, `required`, `vardatatype`, `lovname`) VALUES ('FACTFLD-5ed6c5b0:16145892be0:-7d59', 'RULFACT-5ed6c5b0:16145892be0:-7d9c', 'sefav', 'SEF Assessed Value', 'decimal', '8', 'decimal', NULL, NULL, NULL, NULL, NULL, NULL, 'decimal', NULL);
INSERT INTO `sys_rule_fact_field` (`objid`, `parentid`, `name`, `title`, `datatype`, `sortorder`, `handler`, `lookuphandler`, `lookupkey`, `lookupvalue`, `lookupdatatype`, `multivalued`, `required`, `vardatatype`, `lovname`) VALUES ('FACTFLD-5ed6c5b0:16145892be0:-7d62', 'RULFACT-5ed6c5b0:16145892be0:-7d9c', 'basicav', 'Basic Assessed Value', 'decimal', '7', 'decimal', NULL, NULL, NULL, NULL, NULL, NULL, 'decimal', NULL);
INSERT INTO `sys_rule_fact_field` (`objid`, `parentid`, `name`, `title`, `datatype`, `sortorder`, `handler`, `lookuphandler`, `lookupkey`, `lookupvalue`, `lookupdatatype`, `multivalued`, `required`, `vardatatype`, `lovname`) VALUES ('FACTFLD-5ed6c5b0:16145892be0:-7d6b', 'RULFACT-5ed6c5b0:16145892be0:-7d9c', 'av', 'Assessed Value', 'decimal', '6', 'decimal', NULL, NULL, NULL, NULL, NULL, '1', 'decimal', NULL);
INSERT INTO `sys_rule_fact_field` (`objid`, `parentid`, `name`, `title`, `datatype`, `sortorder`, `handler`, `lookuphandler`, `lookupkey`, `lookupvalue`, `lookupdatatype`, `multivalued`, `required`, `vardatatype`, `lovname`) VALUES ('FACTFLD-5ed6c5b0:16145892be0:-7d74', 'RULFACT-5ed6c5b0:16145892be0:-7d9c', 'year', 'Year', 'integer', '5', 'integer', NULL, NULL, NULL, NULL, NULL, '1', 'integer', NULL);
INSERT INTO `sys_rule_fact_field` (`objid`, `parentid`, `name`, `title`, `datatype`, `sortorder`, `handler`, `lookuphandler`, `lookupkey`, `lookupvalue`, `lookupdatatype`, `multivalued`, `required`, `vardatatype`, `lovname`) VALUES ('FACTFLD-5ed6c5b0:16145892be0:-7d7e', 'RULFACT-5ed6c5b0:16145892be0:-7d9c', 'actualuse', 'Actual Use', 'string', '4', 'var', 'propertyclassification:lookup', 'objid', 'name', NULL, NULL, '0', 'rptis.landtax.facts.Classification', NULL);
INSERT INTO `sys_rule_fact_field` (`objid`, `parentid`, `name`, `title`, `datatype`, `sortorder`, `handler`, `lookuphandler`, `lookupkey`, `lookupvalue`, `lookupdatatype`, `multivalued`, `required`, `vardatatype`, `lovname`) VALUES ('FACTFLD634d9a3c:161503ff1dc:-529e', 'RULFACT-5ed6c5b0:16145892be0:-7d9c', 'txntype', 'Transaction Type', 'string', '2', 'lov', NULL, NULL, NULL, NULL, NULL, NULL, 'string', 'RPT_TXN_TYPES');
INSERT INTO `sys_rule_fact_field` (`objid`, `parentid`, `name`, `title`, `datatype`, `sortorder`, `handler`, `lookuphandler`, `lookupkey`, `lookupvalue`, `lookupdatatype`, `multivalued`, `required`, `vardatatype`, `lovname`) VALUES ('FACTFLD634d9a3c:161503ff1dc:-531f', 'RULFACT-5ed6c5b0:16145892be0:-7d9c', 'rputype', 'Property Type', 'string', '1', 'lov', NULL, NULL, NULL, NULL, NULL, NULL, 'string', 'RPT_RPUTYPES');
INSERT INTO `sys_rule_fact_field` (`objid`, `parentid`, `name`, `title`, `datatype`, `sortorder`, `handler`, `lookuphandler`, `lookupkey`, `lookupvalue`, `lookupdatatype`, `multivalued`, `required`, `vardatatype`, `lovname`) VALUES ('FACTFLD-6d782e97:161e4c91fda:-3f21', 'RULFACT-6d782e97:161e4c91fda:-3f40', 'objid', 'Classification', 'string', '1', 'lookup', 'propertyclassification:lookup', 'objid', 'name', NULL, NULL, NULL, 'string', NULL);
INSERT INTO `sys_rule_fact_field` (`objid`, `parentid`, `name`, `title`, `datatype`, `sortorder`, `handler`, `lookuphandler`, `lookupkey`, `lookupvalue`, `lookupdatatype`, `multivalued`, `required`, `vardatatype`, `lovname`) VALUES ('FACTFLD-245f3fbb:14f9b505a11:-7f76', 'RULFACT-245f3fbb:14f9b505a11:-7f93', 'attribute', 'Attribute', 'string', '2', 'lookup', 'faastxnattributetype:lookup', 'attribute', 'attribute', NULL, NULL, '1', 'string', NULL);
INSERT INTO `sys_rule_fact_field` (`objid`, `parentid`, `name`, `title`, `datatype`, `sortorder`, `handler`, `lookuphandler`, `lookupkey`, `lookupvalue`, `lookupdatatype`, `multivalued`, `required`, `vardatatype`, `lovname`) VALUES ('FACTFLD-245f3fbb:14f9b505a11:-7f7f', 'RULFACT-245f3fbb:14f9b505a11:-7f93', 'txntype', 'Txn Type', 'string', '1', 'string', NULL, NULL, NULL, NULL, NULL, '0', 'string', NULL);
INSERT INTO `sys_rule_fact_field` (`objid`, `parentid`, `name`, `title`, `datatype`, `sortorder`, `handler`, `lookuphandler`, `lookupkey`, `lookupvalue`, `lookupdatatype`, `multivalued`, `required`, `vardatatype`, `lovname`) VALUES ('FACTFLD-533535f1:14ff7d1a0c7:2246', 'RULFACT6d66cc31:1446cc9522e:-7ee1', 'rputype', 'Property Type', 'string', '1', 'lov', NULL, NULL, NULL, NULL, NULL, NULL, 'string', 'RPT_RPUTYPES');
INSERT INTO `sys_rule_fact_field` (`objid`, `parentid`, `name`, `title`, `datatype`, `sortorder`, `handler`, `lookuphandler`, `lookupkey`, `lookupvalue`, `lookupdatatype`, `multivalued`, `required`, `vardatatype`, `lovname`) VALUES ('FACTFLD-533535f1:14ff7d1a0c7:226d', 'RULFACT6d66cc31:1446cc9522e:-7ee1', 'classificationid', 'Classification', 'string', '2', 'lookup', 'propertyclassification:lookup', 'objid', 'name', NULL, NULL, NULL, 'string', NULL);
INSERT INTO `sys_rule_fact_field` (`objid`, `parentid`, `name`, `title`, `datatype`, `sortorder`, `handler`, `lookuphandler`, `lookupkey`, `lookupvalue`, `lookupdatatype`, `multivalued`, `required`, `vardatatype`, `lovname`) VALUES ('FACTFLD6d66cc31:1446cc9522e:-7e84', 'RULFACT6d66cc31:1446cc9522e:-7ee1', 'planRequired', 'Approved Plan Required', 'boolean', '3', 'boolean', NULL, NULL, NULL, NULL, NULL, NULL, 'boolean', NULL);
INSERT INTO `sys_rule_fact_field` (`objid`, `parentid`, `name`, `title`, `datatype`, `sortorder`, `handler`, `lookuphandler`, `lookupkey`, `lookupvalue`, `lookupdatatype`, `multivalued`, `required`, `vardatatype`, `lovname`) VALUES ('FACTFLD6d66cc31:1446cc9522e:-7ea0', 'RULFACT6d66cc31:1446cc9522e:-7ee1', 'txntypemode', 'Txn Type Mode', 'string', '2', 'lov', NULL, NULL, NULL, NULL, NULL, NULL, 'string', 'RPT_TXN_TYPE_MODES');
INSERT INTO `sys_rule_fact_field` (`objid`, `parentid`, `name`, `title`, `datatype`, `sortorder`, `handler`, `lookuphandler`, `lookupkey`, `lookupvalue`, `lookupdatatype`, `multivalued`, `required`, `vardatatype`, `lovname`) VALUES ('FACTFLD6d66cc31:1446cc9522e:-7ebd', 'RULFACT6d66cc31:1446cc9522e:-7ee1', 'txntype', 'Txn Type', 'string', '3', 'lov', NULL, NULL, NULL, NULL, NULL, '1', 'string', 'RPT_TXN_TYPES');

INSERT INTO `sys_rule_actiondef` (`objid`, `name`, `title`, `sortorder`, `actionname`, `domain`, `actionclass`) VALUES ('RULADEF-2486b0ca:146fff66c3e:-3151', 'calc-bldguse-mv', 'Calculate Actual Use Market Value', '24', 'calc-bldguse-mv', 'RPT', NULL);
INSERT INTO `sys_rule_actiondef` (`objid`, `name`, `title`, `sortorder`, `actionname`, `domain`, `actionclass`) VALUES ('RULADEF-2486b0ca:146fff66c3e:-4365', 'calc-bldguse-depreciation', 'Calculate Depreciation', '60', 'calc-bldguse-depreciation', 'RPT', NULL);
INSERT INTO `sys_rule_actiondef` (`objid`, `name`, `title`, `sortorder`, `actionname`, `domain`, `actionclass`) VALUES ('RULADEF-2486b0ca:146fff66c3e:-4807', 'calc-depreciation-sked', 'Calculate Depreciation Rate', '55', 'calc-depreciation-sked', 'rpt', 'rptis.bldg.actions.CalcDepreciationFromSked');
INSERT INTO `sys_rule_actiondef` (`objid`, `name`, `title`, `sortorder`, `actionname`, `domain`, `actionclass`) VALUES ('RULADEF-2486b0ca:146fff66c3e:-5573', 'add-derive-var', 'Add Derive Variable', '50', 'add-derive-var', 'RPT', NULL);
INSERT INTO `sys_rule_actiondef` (`objid`, `name`, `title`, `sortorder`, `actionname`, `domain`, `actionclass`) VALUES ('RULADEF-2486b0ca:146fff66c3e:-619b', 'calc-predominant-av', 'Calculate Predominant Assess Value', '50', 'calc-predominant-av', 'RPT', NULL);
INSERT INTO `sys_rule_actiondef` (`objid`, `name`, `title`, `sortorder`, `actionname`, `domain`, `actionclass`) VALUES ('RULADEF-2486b0ca:146fff66c3e:-723b', 'calc-adj', 'Calculate Adjustment', '35', 'calc-adj', 'RPT', NULL);
INSERT INTO `sys_rule_actiondef` (`objid`, `name`, `title`, `sortorder`, `actionname`, `domain`, `actionclass`) VALUES ('RULADEF-2486b0ca:146fff66c3e:-79a8', 'calc-floor-mv', 'Calculate Floor Market Value', '15', 'calc-floor-mv', 'RPT', NULL);
INSERT INTO `sys_rule_actiondef` (`objid`, `name`, `title`, `sortorder`, `actionname`, `domain`, `actionclass`) VALUES ('RULADEF-2486b0ca:146fff66c3e:-7a02', 'calc-floor-bmv', 'Calculate Floor Base Market Value', '10', 'calc-floor-bmv', 'RPT', NULL);
INSERT INTO `sys_rule_actiondef` (`objid`, `name`, `title`, `sortorder`, `actionname`, `domain`, `actionclass`) VALUES ('RULADEF-2486b0ca:146fff66c3e:-7ce5', 'adjust-uv', 'Adjust Unit Value', '2', 'adjust-uv', 'RPT', NULL);
INSERT INTO `sys_rule_actiondef` (`objid`, `name`, `title`, `sortorder`, `actionname`, `domain`, `actionclass`) VALUES ('RULADEF-39192c48:1471ebc2797:-7dae', 'calc-assess-level', 'Calculate Assess Level', '85', 'calc-assess-level', 'RPT', NULL);
INSERT INTO `sys_rule_actiondef` (`objid`, `name`, `title`, `sortorder`, `actionname`, `domain`, `actionclass`) VALUES ('RULADEF-39192c48:1471ebc2797:-7dee', 'add-assessment-info', 'Add Assessment Info', '80', 'add-assessment-info', 'RPT', NULL);
INSERT INTO `sys_rule_actiondef` (`objid`, `name`, `title`, `sortorder`, `actionname`, `domain`, `actionclass`) VALUES ('RULADEF-3e8edbea:156bc08656a:-6112', 'recalc-rpu-totalav', 'Recalculate RPU Total AV', '1100', 'recalc-rpu-totalav', 'rpt', 'rptis.actions.CalcTotalRPUAssessValue');
INSERT INTO `sys_rule_actiondef` (`objid`, `name`, `title`, `sortorder`, `actionname`, `domain`, `actionclass`) VALUES ('RULADEF-60c99d04:1470b276e7f:-7c52', 'calc-bldguse-bmv', 'Calculate Actual Use Base Market Value', '20', 'calc-bldguse-bmv', 'RPT', NULL);
INSERT INTO `sys_rule_actiondef` (`objid`, `name`, `title`, `sortorder`, `actionname`, `domain`, `actionclass`) VALUES ('RULADEF1441128c:1471efa4c1c:-69a5', 'calc-assess-value', 'Calculate Assess Value', '90', 'calc-assess-value', 'RPT', NULL);
INSERT INTO `sys_rule_actiondef` (`objid`, `name`, `title`, `sortorder`, `actionname`, `domain`, `actionclass`) VALUES ('RULADEF1b4af871:14e3cc46e09:-344d', 'add-derive-var', 'Add Derive Variable', '45', 'add-derive-var', 'RPT', NULL);
INSERT INTO `sys_rule_actiondef` (`objid`, `name`, `title`, `sortorder`, `actionname`, `domain`, `actionclass`) VALUES ('RULADEF23f2d934:14719fd6b68:-725b', 'reset-adj', 'Reset Adjustment Value', '70', 'reset-adj', 'RPT', NULL);
INSERT INTO `sys_rule_actiondef` (`objid`, `name`, `title`, `sortorder`, `actionname`, `domain`, `actionclass`) VALUES ('RULADEF36885e11:150188b0d78:-7e0c', 'calc-depreciation-range', 'Calculate Depreciation Rate by Range', '56', 'calc-depreciation-range', 'rpt', 'rptis.bldg.actions.CalcDepreciationByRange');
INSERT INTO `sys_rule_actiondef` (`objid`, `name`, `title`, `sortorder`, `actionname`, `domain`, `actionclass`) VALUES ('RULADEF3e2b89cb:146ff734573:-7c47', 'calc-bldg-age', 'Calculate Building Age', '1', 'calc-bldg-age', 'RPT', NULL);
INSERT INTO `sys_rule_actiondef` (`objid`, `name`, `title`, `sortorder`, `actionname`, `domain`, `actionclass`) VALUES ('RULADEF57c48737:1472331021e:-7f84', 'calc-bldg-effectiveage', 'Calculate Building Effective Age', '2', 'calc-bldg-effectiveage', 'RPT', NULL);
INSERT INTO `sys_rule_actiondef` (`objid`, `name`, `title`, `sortorder`, `actionname`, `domain`, `actionclass`) VALUES ('RULADEF7efff901:15104440241:-7de4', 'recalc-rpuassessment', 'Recalculate Assessment AV', '1050', 'recalc-rpuassessment', 'rpt', 'rptis.actions.CalcRPUAssessValue');
INSERT INTO `sys_rule_actiondef` (`objid`, `name`, `title`, `sortorder`, `actionname`, `domain`, `actionclass`) VALUES ('RULADEF-2ead5abf:1419bd607e6:-7fd9', 'compute_business_tax', 'Compute Business Tax', '2', 'compute_businesstax', 'bpls', NULL);
INSERT INTO `sys_rule_actiondef` (`objid`, `name`, `title`, `sortorder`, `actionname`, `domain`, `actionclass`) VALUES ('RULADEF-4a532d76:141ff563063:-7ef4', 'add_requirement', 'Add Requirement', '0', 'add_requirement', 'bpls', NULL);
INSERT INTO `sys_rule_actiondef` (`objid`, `name`, `title`, `sortorder`, `actionname`, `domain`, `actionclass`) VALUES ('RULADEF-627533eb:141ed7a179f:-7d7d', 'compute_regfee', 'Compute Regulatory Fee', '3', 'compute_regfee', 'bpls', NULL);
INSERT INTO `sys_rule_actiondef` (`objid`, `name`, `title`, `sortorder`, `actionname`, `domain`, `actionclass`) VALUES ('RULADEF-62a762db:14201d65080:-7576', 'print_test', 'Print Test. For debugging (developers) only.', '100', 'print_test', 'bpls', NULL);
INSERT INTO `sys_rule_actiondef` (`objid`, `name`, `title`, `sortorder`, `actionname`, `domain`, `actionclass`) VALUES ('RULADEF-67ecfd73:141f2b84ce7:-743c', 'bpassessment_sysvar', 'Add System Variable', '8', 'add_sysvar', 'bpls', NULL);
INSERT INTO `sys_rule_actiondef` (`objid`, `name`, `title`, `sortorder`, `actionname`, `domain`, `actionclass`) VALUES ('RULADEF-67ecfd73:141f2b84ce7:-7b54', 'assert_business_info', 'Add Derived Business Info', '1', 'assert_business_info', 'bpls', NULL);
INSERT INTO `sys_rule_actiondef` (`objid`, `name`, `title`, `sortorder`, `actionname`, `domain`, `actionclass`) VALUES ('RULADEF-738e3cc6:14459101d11:-6b0b', 'change_business_account', 'Change Business Account', '10', 'change_business_account', 'bpls', NULL);
INSERT INTO `sys_rule_actiondef` (`objid`, `name`, `title`, `sortorder`, `actionname`, `domain`, `actionclass`) VALUES ('RULADEF33e8cb24:1423c4b40b2:-6aeb', 'select_taxfee', 'Select Tax Fee Account', '5', 'select_taxfee', 'bpls', NULL);
INSERT INTO `sys_rule_actiondef` (`objid`, `name`, `title`, `sortorder`, `actionname`, `domain`, `actionclass`) VALUES ('RULADEF33e8cb24:1423c4b40b2:-7f34', 'remove_taxfee', 'Remove Tax Fee', '5', 'remove_taxfee', 'bpls', NULL);
INSERT INTO `sys_rule_actiondef` (`objid`, `name`, `title`, `sortorder`, `actionname`, `domain`, `actionclass`) VALUES ('RULADEF367174cc:141a62bd0d8:-4486', 'ask_business_info', 'Ask Business Info', '1', 'ask_business_info', 'bpls', NULL);
INSERT INTO `sys_rule_actiondef` (`objid`, `name`, `title`, `sortorder`, `actionname`, `domain`, `actionclass`) VALUES ('RULADEF72bb01b1:141b1fdca80:-7e34', 'update_taxfee', 'Update Tax Fee Amount', '5', 'update_taxfee', 'bpls', NULL);
INSERT INTO `sys_rule_actiondef` (`objid`, `name`, `title`, `sortorder`, `actionname`, `domain`, `actionclass`) VALUES ('RULADEF73d37911:141edb9db9a:-7f30', 'compute_other_charge', 'Compute Other Charge', '4', 'compute_othercharge', 'bpls', NULL);
INSERT INTO `sys_rule_actiondef` (`objid`, `name`, `title`, `sortorder`, `actionname`, `domain`, `actionclass`) VALUES ('RULADEF-2889615e:142fa67fc85:-7b7c', 'split_by_qtr', 'Schedule By Qtr', '0', 'split_by_qtr', 'bpls', NULL);
INSERT INTO `sys_rule_actiondef` (`objid`, `name`, `title`, `sortorder`, `actionname`, `domain`, `actionclass`) VALUES ('RULADEF-66879e9a:1422b236b58:-7d0f', 'calc_discount', 'Calculate Discount', '1', 'calc_discount', 'bpls', NULL);
INSERT INTO `sys_rule_actiondef` (`objid`, `name`, `title`, `sortorder`, `actionname`, `domain`, `actionclass`) VALUES ('RULADEF-66879e9a:1422b236b58:-7d24', 'calc_interest', 'Calculate Interest', '3', 'calc_interest', 'bpls', NULL);
INSERT INTO `sys_rule_actiondef` (`objid`, `name`, `title`, `sortorder`, `actionname`, `domain`, `actionclass`) VALUES ('RULADEF-6960d46:146ef7fe055:-7722', 'set_basic_account', 'Setup Basic Account', '0', 'set_basic_account', 'bpls', NULL);
INSERT INTO `sys_rule_actiondef` (`objid`, `name`, `title`, `sortorder`, `actionname`, `domain`, `actionclass`) VALUES ('RULADEF-7438e141:1481e925549:-7fb5', 'set_billexpirydate', 'Set Bill Expiry Date', '10', 'set_billexpirydate', 'bpls', NULL);
INSERT INTO `sys_rule_actiondef` (`objid`, `name`, `title`, `sortorder`, `actionname`, `domain`, `actionclass`) VALUES ('RULADEF-fd840f:146ad32de46:-71f2', 'set_taxcredit_account', 'Set Up Tax Credit Account', '4', 'set_taxcredit_account', 'bpls', NULL);
INSERT INTO `sys_rule_actiondef` (`objid`, `name`, `title`, `sortorder`, `actionname`, `domain`, `actionclass`) VALUES ('RULADEF50ef92c8:147420ae632:-7be3', 'set_deleted_billitem', 'Remove BillItem', '10', 'set_deleted_billitem', 'bpls', NULL);
INSERT INTO `sys_rule_actiondef` (`objid`, `name`, `title`, `sortorder`, `actionname`, `domain`, `actionclass`) VALUES ('RULADEF7ee0ab5e:141b6a15885:-7f52', 'calc_surcharge', 'Calculate Surcharge', '2', 'calc_surcharge', 'bpls', NULL);
INSERT INTO `sys_rule_actiondef` (`objid`, `name`, `title`, `sortorder`, `actionname`, `domain`, `actionclass`) VALUES ('RULADEF-128a4cad:146f96a678e:-7efa', 'calc-av', 'Calculate Assess Value', '20', 'calc-av', 'RPT', NULL);
INSERT INTO `sys_rule_actiondef` (`objid`, `name`, `title`, `sortorder`, `actionname`, `domain`, `actionclass`) VALUES ('RULADEF-21ad68c1:146fc2282bb:-7b6e', 'calc-mv', 'Calculate Market Value', '5', 'calc-mv', 'RPT', NULL);
INSERT INTO `sys_rule_actiondef` (`objid`, `name`, `title`, `sortorder`, `actionname`, `domain`, `actionclass`) VALUES ('RULADEF-5e76cf73:14d69e9c549:-71e7', 'update-landdetail-adj', 'Update Appraisal Adjustment', '3', 'update-landdetail-adj', 'rpt', 'rptis.land.actions.UpdateLandDetailAdjustment');
INSERT INTO `sys_rule_actiondef` (`objid`, `name`, `title`, `sortorder`, `actionname`, `domain`, `actionclass`) VALUES ('RULADEF-5e76cf73:14d69e9c549:-7232', 'update-landdetail-actualuse-adj', 'Update Appraisal Actual Use Adjustment', '3', 'update-landdetail-actualuse-adj', 'rpt', 'rptis.land.actions.UpdateLandDetailActualUseAdjustment');
INSERT INTO `sys_rule_actiondef` (`objid`, `name`, `title`, `sortorder`, `actionname`, `domain`, `actionclass`) VALUES ('RULADEF-5e76cf73:14d69e9c549:-72c3', 'update-landdetail-value-adj', 'Update Appraisal Value Adjustment', '3', 'update-landdetail-value-adj', 'rpt', 'rptis.land.actions.UpdateLandDetailValueAdjustment');
INSERT INTO `sys_rule_actiondef` (`objid`, `name`, `title`, `sortorder`, `actionname`, `domain`, `actionclass`) VALUES ('RULADEF-5e76cf73:14d69e9c549:-7e09', 'update-adj', 'Update Adjustment', '2', 'update-adj', 'RPT', NULL);
INSERT INTO `sys_rule_actiondef` (`objid`, `name`, `title`, `sortorder`, `actionname`, `domain`, `actionclass`) VALUES ('RULADEF3afe51b9:146f7088d9c:-7c7b', 'calc-bmv', 'Calculate Base Market Value', '1', 'calc-bmv', 'RPT', NULL);
INSERT INTO `sys_rule_actiondef` (`objid`, `name`, `title`, `sortorder`, `actionname`, `domain`, `actionclass`) VALUES ('RULADEF5b4ac915:147baaa06b4:-7dbe', 'add-assessment-info', 'Add Assessment Summary', '50', 'add-assessment-info', 'rpt', 'rptis.land.actions.AddAssessmentInfo');
INSERT INTO `sys_rule_actiondef` (`objid`, `name`, `title`, `sortorder`, `actionname`, `domain`, `actionclass`) VALUES ('RULADEF1e772168:14c5a447e35:-6703', 'calc-mach-depreciation', 'Calculate Depreciation', '2', 'calc-mach-depreciation', 'rpt', 'rptis.mach.actions.CalcMachineDepreciation');
INSERT INTO `sys_rule_actiondef` (`objid`, `name`, `title`, `sortorder`, `actionname`, `domain`, `actionclass`) VALUES ('RULADEF1e772168:14c5a447e35:-7e28', 'calc-mach-av', 'Calculate Machine Assessed Value', '6', 'calc-mach-av', 'RPT', NULL);
INSERT INTO `sys_rule_actiondef` (`objid`, `name`, `title`, `sortorder`, `actionname`, `domain`, `actionclass`) VALUES ('RULADEF1e772168:14c5a447e35:-7eaf', 'calc-mach-mv', 'Calculate Machine Market Value', '2', 'calc-mach-mv', 'RPT', NULL);
INSERT INTO `sys_rule_actiondef` (`objid`, `name`, `title`, `sortorder`, `actionname`, `domain`, `actionclass`) VALUES ('RULADEF1e772168:14c5a447e35:-7ed1', 'calc-mach-bmv', 'Calculate Base Market Value', '1', 'calc-mach-bmv', 'rpt', 'rptis.mach.actions.CalcMachineBMV');
INSERT INTO `sys_rule_actiondef` (`objid`, `name`, `title`, `sortorder`, `actionname`, `domain`, `actionclass`) VALUES ('RULADEF7efff901:15104440241:5e0b', 'add-assessment-info', 'Add Assessment Info', '1000', 'add-assessment-info', 'rpt', 'rptis.mach.actions.AddAssessmentInfo');
INSERT INTO `sys_rule_actiondef` (`objid`, `name`, `title`, `sortorder`, `actionname`, `domain`, `actionclass`) VALUES ('RULADEF7efff901:15104fb0702:3868', 'calc-mach-al', 'Calculate Machine Assess Level', '5', 'calc-mach-al', 'RPT', NULL);
INSERT INTO `sys_rule_actiondef` (`objid`, `name`, `title`, `sortorder`, `actionname`, `domain`, `actionclass`) VALUES ('RULADEF7efff901:15104fb0702:4487', 'calc-machuse-al', 'Calculate Actual Use Assess Level', '10', 'calc-machuse-al', 'RPT', NULL);
INSERT INTO `sys_rule_actiondef` (`objid`, `name`, `title`, `sortorder`, `actionname`, `domain`, `actionclass`) VALUES ('RULADEF7efff901:15104fb0702:4545', 'calc-machuse-av', 'Calculate Actual Use Assessed Value', '11', 'calc-machuse-av', 'RPT', NULL);
INSERT INTO `sys_rule_actiondef` (`objid`, `name`, `title`, `sortorder`, `actionname`, `domain`, `actionclass`) VALUES ('RULADEF1b4af871:14e3cc46e09:-3543', 'calc-rpu-av', 'Calculate RPU Assessed Value', '13', 'calc-rpu-av', 'RPT', NULL);
INSERT INTO `sys_rule_actiondef` (`objid`, `name`, `title`, `sortorder`, `actionname`, `domain`, `actionclass`) VALUES ('RULADEF1b4af871:14e3cc46e09:-358c', 'calc-rpu-al', 'Calculate RPU Assess Level', '12', 'calc-rpu-al', 'RPT', NULL);
INSERT INTO `sys_rule_actiondef` (`objid`, `name`, `title`, `sortorder`, `actionname`, `domain`, `actionclass`) VALUES ('RULADEF1b4af871:14e3cc46e09:-35cc', 'calc-rpu-mv', 'Calculate RPU Market Value', '11', 'calc-rpu-mv', 'RPT', NULL);
INSERT INTO `sys_rule_actiondef` (`objid`, `name`, `title`, `sortorder`, `actionname`, `domain`, `actionclass`) VALUES ('RULADEF1b4af871:14e3cc46e09:-3612', 'calc-rpu-bmv', 'Calculate RPU Base Market Value', '10', 'calc-rpu-bmv', 'RPT', NULL);
INSERT INTO `sys_rule_actiondef` (`objid`, `name`, `title`, `sortorder`, `actionname`, `domain`, `actionclass`) VALUES ('RULADEF59614e16:14c5e56ecc8:-7ef4', 'calc-av', 'Calculate Assessed Value', '4', 'calc-av', 'RPT', NULL);
INSERT INTO `sys_rule_actiondef` (`objid`, `name`, `title`, `sortorder`, `actionname`, `domain`, `actionclass`) VALUES ('RULADEF59614e16:14c5e56ecc8:-7f1c', 'calc-mv', 'Calculate Market Value', '3', 'calc-mv', 'RPT', NULL);
INSERT INTO `sys_rule_actiondef` (`objid`, `name`, `title`, `sortorder`, `actionname`, `domain`, `actionclass`) VALUES ('RULADEF59614e16:14c5e56ecc8:-7f42', 'calc-depreciation', 'Calculate Depreciation', '1', 'calc-depreciation', 'RPT', NULL);
INSERT INTO `sys_rule_actiondef` (`objid`, `name`, `title`, `sortorder`, `actionname`, `domain`, `actionclass`) VALUES ('RULADEF59614e16:14c5e56ecc8:-7f6b', 'calc-bmv', 'Calculate Base Market Value', '1', 'calc-bmv', 'RPT', NULL);
INSERT INTO `sys_rule_actiondef` (`objid`, `name`, `title`, `sortorder`, `actionname`, `domain`, `actionclass`) VALUES ('RULADEF5022d8ba:1589ae965a4:-7b0e', 'add-planttree-assessment-info', 'Add Assessment', '100', 'add-planttree-assessment-info', 'rpt', 'rptis.planttree.actions.AddPlantTreeAssessmentInfo');
INSERT INTO `sys_rule_actiondef` (`objid`, `name`, `title`, `sortorder`, `actionname`, `domain`, `actionclass`) VALUES ('RULADEF6b62feef:14c53ac1f59:-7e2c', 'calc-planttree-av', 'Calculate Assessed Value', '4', 'calc-planttree-av', 'RPT', NULL);
INSERT INTO `sys_rule_actiondef` (`objid`, `name`, `title`, `sortorder`, `actionname`, `domain`, `actionclass`) VALUES ('RULADEF6b62feef:14c53ac1f59:-7e59', 'calc-planttree-mv', 'Calculate Market Value', '3', 'calc-planttree-mv', 'RPT', NULL);
INSERT INTO `sys_rule_actiondef` (`objid`, `name`, `title`, `sortorder`, `actionname`, `domain`, `actionclass`) VALUES ('RULADEF6b62feef:14c53ac1f59:-7e83', 'calc-planttree-adjustment', 'Calculate Adjustment', '2', 'calc-planttree-adjustment', 'RPT', NULL);
INSERT INTO `sys_rule_actiondef` (`objid`, `name`, `title`, `sortorder`, `actionname`, `domain`, `actionclass`) VALUES ('RULADEF6b62feef:14c53ac1f59:-7ea2', 'calc-planttree-bmv', 'Calculate Base Market Value', '1', 'calc-planttree-bmv', 'RPT', NULL);
INSERT INTO `sys_rule_actiondef` (`objid`, `name`, `title`, `sortorder`, `actionname`, `domain`, `actionclass`) VALUES ('treasury.actions.AddRevenueShare', 'add-share', 'Add Revenue Share', '1', 'add-share', 'TREASURY', 'treasury.actions.AddRevenueShare');
INSERT INTO `sys_rule_actiondef` (`objid`, `name`, `title`, `sortorder`, `actionname`, `domain`, `actionclass`) VALUES ('RULADEF-585c89e6:16156f39eeb:-77aa', 'aggregate-bill-item', 'Aggregate Ledger Items', '12', 'aggregate-bill-item', 'landtax', 'rptis.landtax.actions.AggregateLedgerItem');
INSERT INTO `sys_rule_actiondef` (`objid`, `name`, `title`, `sortorder`, `actionname`, `domain`, `actionclass`) VALUES ('RULADEF-585c89e6:16156f39eeb:-7dcb', 'remove-bill-item', 'Remove Ledger Item', '11', 'remove-bill-item', 'landtax', 'rptis.landtax.actions.RemoveLedgerItem');
INSERT INTO `sys_rule_actiondef` (`objid`, `name`, `title`, `sortorder`, `actionname`, `domain`, `actionclass`) VALUES ('RULADEF-66032c9:16155c11111:-7c6a', 'split-bill-item', 'Split Ledger Item', '10', 'split-bill-item', 'landtax', 'rptis.landtax.actions.SplitLedgerItem');
INSERT INTO `sys_rule_actiondef` (`objid`, `name`, `title`, `sortorder`, `actionname`, `domain`, `actionclass`) VALUES ('RULADEF-78fba29f:161df51b937:-7089', 'add-share', 'Add Revenue Share', '28', 'add-share', 'landtax', 'rptis.landtax.actions.AddShare');
INSERT INTO `sys_rule_actiondef` (`objid`, `name`, `title`, `sortorder`, `actionname`, `domain`, `actionclass`) VALUES ('RULADEF-78fba29f:161df51b937:-7568', 'add-billitem', 'Add Bill Item', '25', 'add-billitem', 'landtax', 'rptis.landtax.actions.AddBillItem');
INSERT INTO `sys_rule_actiondef` (`objid`, `name`, `title`, `sortorder`, `actionname`, `domain`, `actionclass`) VALUES ('RULADEF1be07afa:1452a9809e9:-6958', 'create-tax-summary', 'Create Tax Summary', '20', 'create-tax-summary', 'landtax', 'rptis.landtax.actions.CreateTaxSummary');
INSERT INTO `sys_rule_actiondef` (`objid`, `name`, `title`, `sortorder`, `actionname`, `domain`, `actionclass`) VALUES ('RULADEF1fcd83ed:149bc7d0f75:-7d4b', 'split-by-qtr', 'Split By Quarter', '0', 'split-by-qtr', 'LANDTAX', NULL);
INSERT INTO `sys_rule_actiondef` (`objid`, `name`, `title`, `sortorder`, `actionname`, `domain`, `actionclass`) VALUES ('RULADEF5b84d618:1615428187f:-6904', 'calc-discount', 'Calculate Discount', '6', 'calc-discount', 'landtax', 'rptis.landtax.actions.CalcDiscount');
INSERT INTO `sys_rule_actiondef` (`objid`, `name`, `title`, `sortorder`, `actionname`, `domain`, `actionclass`) VALUES ('RULADEF5d750d7e:161889cc785:-7d47', 'set-bill-expiry', 'Set Bill Expiry Date', '20', 'set-bill-expiry', 'landtax', 'rptis.landtax.actions.SetBillExpiryDate');
INSERT INTO `sys_rule_actiondef` (`objid`, `name`, `title`, `sortorder`, `actionname`, `domain`, `actionclass`) VALUES ('RULADEF634d9a3c:161503ff1dc:-707a', 'calc-interest', 'Calculate Interest', '5', 'calc-interest', 'landtax', 'rptis.landtax.actions.CalcInterest');
INSERT INTO `sys_rule_actiondef` (`objid`, `name`, `title`, `sortorder`, `actionname`, `domain`, `actionclass`) VALUES ('RULADEF-59249a93:1614f57bd58:-7db8', 'add-firecode', 'Add Fire Code', '10', 'add-firecode', 'landtax', 'rptis.landtax.actions.AddFireCode');
INSERT INTO `sys_rule_actiondef` (`objid`, `name`, `title`, `sortorder`, `actionname`, `domain`, `actionclass`) VALUES ('RULADEF-5ed6c5b0:16145892be0:-6988', 'add-sef', 'Add SEF Entry', '5', 'add-sef', 'landtax', 'rptis.landtax.actions.AddSef');
INSERT INTO `sys_rule_actiondef` (`objid`, `name`, `title`, `sortorder`, `actionname`, `domain`, `actionclass`) VALUES ('RULADEF-5ed6c5b0:16145892be0:-7d18', 'add-basic', 'Add Basic Entry', '1', 'add-basic', 'landtax', 'rptis.landtax.actions.AddBasic');
INSERT INTO `sys_rule_actiondef` (`objid`, `name`, `title`, `sortorder`, `actionname`, `domain`, `actionclass`) VALUES ('RULADEF-7c494b7d:161d65781c4:-7cb4', 'add-sh', 'Add Social Housing Entry', '8', 'add-sh', 'landtax', 'rptis.landtax.actions.AddSocialHousing');
INSERT INTO `sys_rule_actiondef` (`objid`, `name`, `title`, `sortorder`, `actionname`, `domain`, `actionclass`) VALUES ('RULADEF-7c494b7d:161d65781c4:-7d6a', 'add-basicidle', 'Add Idle Land Entry', '6', 'add-basicidle', 'landtax', 'rptis.landtax.actions.AddIdleLand');
INSERT INTO `sys_rule_actiondef` (`objid`, `name`, `title`, `sortorder`, `actionname`, `domain`, `actionclass`) VALUES ('RULADEF634d9a3c:161503ff1dc:-787a', 'calc-tax', 'Calculate Tax', '1001', 'calc-tax', 'landtax', 'rptis.landtax.actions.CalcTax');
INSERT INTO `sys_rule_actiondef` (`objid`, `name`, `title`, `sortorder`, `actionname`, `domain`, `actionclass`) VALUES ('RULADEF6d66cc31:1446cc9522e:-7d56', 'add-requirement', 'Add Requirement', '1', 'add-requirement', 'bpls', NULL);

INSERT INTO `sys_rule_actiondef_param` (`objid`, `parentid`, `name`, `sortorder`, `title`, `datatype`, `handler`, `lookuphandler`, `lookupkey`, `lookupvalue`, `vardatatype`, `lovname`) VALUES ('ACTPARAM-2486b0ca:146fff66c3e:-30fe', 'RULADEF-2486b0ca:146fff66c3e:-3151', 'expr', '2', 'Computation', NULL, 'expression', NULL, NULL, NULL, NULL, NULL);
INSERT INTO `sys_rule_actiondef_param` (`objid`, `parentid`, `name`, `sortorder`, `title`, `datatype`, `handler`, `lookuphandler`, `lookupkey`, `lookupvalue`, `vardatatype`, `lovname`) VALUES ('ACTPARAM-2486b0ca:146fff66c3e:-3105', 'RULADEF-2486b0ca:146fff66c3e:-3151', 'bldguse', '1', 'Building Actual Use', NULL, 'var', NULL, NULL, NULL, 'rptis.bldg.facts.BldgUse', NULL);
INSERT INTO `sys_rule_actiondef_param` (`objid`, `parentid`, `name`, `sortorder`, `title`, `datatype`, `handler`, `lookuphandler`, `lookupkey`, `lookupvalue`, `vardatatype`, `lovname`) VALUES ('ACTPARAM-2486b0ca:146fff66c3e:-4090', 'RULADEF-2486b0ca:146fff66c3e:-4365', 'expr', '2', 'Computation', NULL, 'expression', NULL, NULL, NULL, NULL, NULL);
INSERT INTO `sys_rule_actiondef_param` (`objid`, `parentid`, `name`, `sortorder`, `title`, `datatype`, `handler`, `lookuphandler`, `lookupkey`, `lookupvalue`, `vardatatype`, `lovname`) VALUES ('ACTPARAM-2486b0ca:146fff66c3e:-4351', 'RULADEF-2486b0ca:146fff66c3e:-4365', 'bldguse', '1', 'Building Actual Use', NULL, 'var', NULL, NULL, NULL, 'rptis.bldg.facts.BldgUse', NULL);
INSERT INTO `sys_rule_actiondef_param` (`objid`, `parentid`, `name`, `sortorder`, `title`, `datatype`, `handler`, `lookuphandler`, `lookupkey`, `lookupvalue`, `vardatatype`, `lovname`) VALUES ('ACTPARAM-2486b0ca:146fff66c3e:-45b0', 'RULADEF-2486b0ca:146fff66c3e:-4807', 'bldgstructure', '1', 'Building Structure', NULL, 'var', NULL, NULL, NULL, 'rptis.bldg.facts.BldgStructure', NULL);
INSERT INTO `sys_rule_actiondef_param` (`objid`, `parentid`, `name`, `sortorder`, `title`, `datatype`, `handler`, `lookuphandler`, `lookupkey`, `lookupvalue`, `vardatatype`, `lovname`) VALUES ('ACTPARAM-2486b0ca:146fff66c3e:-5512', 'RULADEF-2486b0ca:146fff66c3e:-5573', 'aggregatetype', '3', 'Aggregation', NULL, 'lov', NULL, NULL, NULL, NULL, 'RPT_VAR_AGGRETATION_TYPES');
INSERT INTO `sys_rule_actiondef_param` (`objid`, `parentid`, `name`, `sortorder`, `title`, `datatype`, `handler`, `lookuphandler`, `lookupkey`, `lookupvalue`, `vardatatype`, `lovname`) VALUES ('ACTPARAM-2486b0ca:146fff66c3e:-552b', 'RULADEF-2486b0ca:146fff66c3e:-5573', 'expr', '4', 'Value Computation', NULL, 'expression', NULL, NULL, NULL, NULL, NULL);
INSERT INTO `sys_rule_actiondef_param` (`objid`, `parentid`, `name`, `sortorder`, `title`, `datatype`, `handler`, `lookuphandler`, `lookupkey`, `lookupvalue`, `vardatatype`, `lovname`) VALUES ('ACTPARAM-2486b0ca:146fff66c3e:-554a', 'RULADEF-2486b0ca:146fff66c3e:-5573', 'var', '2', 'Variable', NULL, 'lookup', 'rptparameter:lookup', 'objid', 'name', NULL, NULL);
INSERT INTO `sys_rule_actiondef_param` (`objid`, `parentid`, `name`, `sortorder`, `title`, `datatype`, `handler`, `lookuphandler`, `lookupkey`, `lookupvalue`, `vardatatype`, `lovname`) VALUES ('ACTPARAM102ab3e1:147190e9fe4:-5a13', 'RULADEF-2486b0ca:146fff66c3e:-5573', 'bldguse', '1', 'Building Actual Use', NULL, 'var', NULL, NULL, NULL, 'rptis.bldg.facts.BldgUse', NULL);
INSERT INTO `sys_rule_actiondef_param` (`objid`, `parentid`, `name`, `sortorder`, `title`, `datatype`, `handler`, `lookuphandler`, `lookupkey`, `lookupvalue`, `vardatatype`, `lovname`) VALUES ('ACTPARAM-2486b0ca:146fff66c3e:-6174', 'RULADEF-2486b0ca:146fff66c3e:-619b', 'expr', '2', 'Computation', NULL, 'expression', NULL, NULL, NULL, NULL, NULL);
INSERT INTO `sys_rule_actiondef_param` (`objid`, `parentid`, `name`, `sortorder`, `title`, `datatype`, `handler`, `lookuphandler`, `lookupkey`, `lookupvalue`, `vardatatype`, `lovname`) VALUES ('ACTPARAM-2486b0ca:146fff66c3e:-618b', 'RULADEF-2486b0ca:146fff66c3e:-619b', 'rpu', '1', 'Building Real Property', NULL, 'var', NULL, NULL, NULL, 'rptis.bldg.facts.BldgRPU', NULL);
INSERT INTO `sys_rule_actiondef_param` (`objid`, `parentid`, `name`, `sortorder`, `title`, `datatype`, `handler`, `lookuphandler`, `lookupkey`, `lookupvalue`, `vardatatype`, `lovname`) VALUES ('ACTPARAM-2486b0ca:146fff66c3e:-7204', 'RULADEF-2486b0ca:146fff66c3e:-723b', 'expr', '3', 'Computation', NULL, 'expression', NULL, NULL, NULL, NULL, NULL);
INSERT INTO `sys_rule_actiondef_param` (`objid`, `parentid`, `name`, `sortorder`, `title`, `datatype`, `handler`, `lookuphandler`, `lookupkey`, `lookupvalue`, `vardatatype`, `lovname`) VALUES ('ACTPARAM-2486b0ca:146fff66c3e:-7224', 'RULADEF-2486b0ca:146fff66c3e:-723b', 'adjustment', '1', 'Adjustment', NULL, 'var', NULL, NULL, NULL, 'rptis.bldg.facts.BldgAdjustment', NULL);
INSERT INTO `sys_rule_actiondef_param` (`objid`, `parentid`, `name`, `sortorder`, `title`, `datatype`, `handler`, `lookuphandler`, `lookupkey`, `lookupvalue`, `vardatatype`, `lovname`) VALUES ('ACTPARAM102ab3e1:147190e9fe4:-f75', 'RULADEF-2486b0ca:146fff66c3e:-723b', 'var', '2', 'Derived Variable', NULL, 'var', NULL, NULL, NULL, 'rptis.bldg.facts.BldgVariable', NULL);
INSERT INTO `sys_rule_actiondef_param` (`objid`, `parentid`, `name`, `sortorder`, `title`, `datatype`, `handler`, `lookuphandler`, `lookupkey`, `lookupvalue`, `vardatatype`, `lovname`) VALUES ('ACTPARAM49a3c540:14e51feb8f6:-4c86', 'RULADEF-2486b0ca:146fff66c3e:-723b', 'var', '2', 'Variable', NULL, 'var', NULL, NULL, NULL, 'rptis.facts.RPTVariable', NULL);
INSERT INTO `sys_rule_actiondef_param` (`objid`, `parentid`, `name`, `sortorder`, `title`, `datatype`, `handler`, `lookuphandler`, `lookupkey`, `lookupvalue`, `vardatatype`, `lovname`) VALUES ('ACTPARAM-2486b0ca:146fff66c3e:-7994', 'RULADEF-2486b0ca:146fff66c3e:-79a8', 'expr', '2', 'Computation', NULL, 'expression', NULL, NULL, NULL, NULL, NULL);
INSERT INTO `sys_rule_actiondef_param` (`objid`, `parentid`, `name`, `sortorder`, `title`, `datatype`, `handler`, `lookuphandler`, `lookupkey`, `lookupvalue`, `vardatatype`, `lovname`) VALUES ('ACTPARAM-2486b0ca:146fff66c3e:-799f', 'RULADEF-2486b0ca:146fff66c3e:-79a8', 'bldgfloor', '1', 'Building Floor', NULL, 'var', NULL, NULL, NULL, 'rptis.bldg.facts.BldgFloor', NULL);
INSERT INTO `sys_rule_actiondef_param` (`objid`, `parentid`, `name`, `sortorder`, `title`, `datatype`, `handler`, `lookuphandler`, `lookupkey`, `lookupvalue`, `vardatatype`, `lovname`) VALUES ('ACTPARAM-2486b0ca:146fff66c3e:-79dc', 'RULADEF-2486b0ca:146fff66c3e:-7a02', 'expr', '2', 'Computation', NULL, 'expression', NULL, NULL, NULL, NULL, NULL);
INSERT INTO `sys_rule_actiondef_param` (`objid`, `parentid`, `name`, `sortorder`, `title`, `datatype`, `handler`, `lookuphandler`, `lookupkey`, `lookupvalue`, `vardatatype`, `lovname`) VALUES ('ACTPARAM-2486b0ca:146fff66c3e:-79e3', 'RULADEF-2486b0ca:146fff66c3e:-7a02', 'bldgfloor', '1', 'Building Floor', NULL, 'var', NULL, NULL, NULL, 'rptis.bldg.facts.BldgFloor', NULL);
INSERT INTO `sys_rule_actiondef_param` (`objid`, `parentid`, `name`, `sortorder`, `title`, `datatype`, `handler`, `lookuphandler`, `lookupkey`, `lookupvalue`, `vardatatype`, `lovname`) VALUES ('ACTPARAM-2486b0ca:146fff66c3e:-7cd2', 'RULADEF-2486b0ca:146fff66c3e:-7ce5', 'expr', '2', 'Computation', NULL, 'expression', NULL, NULL, NULL, NULL, NULL);
INSERT INTO `sys_rule_actiondef_param` (`objid`, `parentid`, `name`, `sortorder`, `title`, `datatype`, `handler`, `lookuphandler`, `lookupkey`, `lookupvalue`, `vardatatype`, `lovname`) VALUES ('ACTPARAM-2486b0ca:146fff66c3e:-7cdb', 'RULADEF-2486b0ca:146fff66c3e:-7ce5', 'bldgstructure', '1', 'Building Structure', NULL, 'var', NULL, NULL, NULL, 'rptis.bldg.facts.BldgStructure', NULL);
INSERT INTO `sys_rule_actiondef_param` (`objid`, `parentid`, `name`, `sortorder`, `title`, `datatype`, `handler`, `lookuphandler`, `lookupkey`, `lookupvalue`, `vardatatype`, `lovname`) VALUES ('ACTPARAM-39192c48:1471ebc2797:-7da1', 'RULADEF-39192c48:1471ebc2797:-7dae', 'assessment', '1', 'Assessment', NULL, 'var', NULL, NULL, NULL, 'rptis.facts.RPUAssessment', NULL);
INSERT INTO `sys_rule_actiondef_param` (`objid`, `parentid`, `name`, `sortorder`, `title`, `datatype`, `handler`, `lookuphandler`, `lookupkey`, `lookupvalue`, `vardatatype`, `lovname`) VALUES ('ACTPARAM-39192c48:1471ebc2797:-7dd8', 'RULADEF-39192c48:1471ebc2797:-7dee', 'actualuseid', '2', 'Actual Use', NULL, 'var', NULL, NULL, NULL, 'string', NULL);
INSERT INTO `sys_rule_actiondef_param` (`objid`, `parentid`, `name`, `sortorder`, `title`, `datatype`, `handler`, `lookuphandler`, `lookupkey`, `lookupvalue`, `vardatatype`, `lovname`) VALUES ('ACTPARAM-39192c48:1471ebc2797:-7de1', 'RULADEF-39192c48:1471ebc2797:-7dee', 'bldguse', '1', 'Building Actual Use', NULL, 'var', NULL, NULL, NULL, 'rptis.bldg.facts.BldgUse', NULL);
INSERT INTO `sys_rule_actiondef_param` (`objid`, `parentid`, `name`, `sortorder`, `title`, `datatype`, `handler`, `lookuphandler`, `lookupkey`, `lookupvalue`, `vardatatype`, `lovname`) VALUES ('ACTPARAM-3e8edbea:156bc08656a:-60da', 'RULADEF-3e8edbea:156bc08656a:-6112', 'expr', '2', 'Computation', NULL, 'expression', NULL, NULL, NULL, NULL, NULL);
INSERT INTO `sys_rule_actiondef_param` (`objid`, `parentid`, `name`, `sortorder`, `title`, `datatype`, `handler`, `lookuphandler`, `lookupkey`, `lookupvalue`, `vardatatype`, `lovname`) VALUES ('ACTPARAM-3e8edbea:156bc08656a:-60e2', 'RULADEF-3e8edbea:156bc08656a:-6112', 'rpu', '1', 'RPU', NULL, 'var', NULL, NULL, NULL, 'rptis.facts.RPU', NULL);
INSERT INTO `sys_rule_actiondef_param` (`objid`, `parentid`, `name`, `sortorder`, `title`, `datatype`, `handler`, `lookuphandler`, `lookupkey`, `lookupvalue`, `vardatatype`, `lovname`) VALUES ('ACTPARAM-60c99d04:1470b276e7f:-7c0e', 'RULADEF-60c99d04:1470b276e7f:-7c52', 'expr', '2', 'Computation', NULL, 'expression', NULL, NULL, NULL, NULL, NULL);
INSERT INTO `sys_rule_actiondef_param` (`objid`, `parentid`, `name`, `sortorder`, `title`, `datatype`, `handler`, `lookuphandler`, `lookupkey`, `lookupvalue`, `vardatatype`, `lovname`) VALUES ('ACTPARAM-60c99d04:1470b276e7f:-7c15', 'RULADEF-60c99d04:1470b276e7f:-7c52', 'bldguse', '1', 'Building Actual Use', NULL, 'var', NULL, NULL, NULL, 'rptis.bldg.facts.BldgUse', NULL);
INSERT INTO `sys_rule_actiondef_param` (`objid`, `parentid`, `name`, `sortorder`, `title`, `datatype`, `handler`, `lookuphandler`, `lookupkey`, `lookupvalue`, `vardatatype`, `lovname`) VALUES ('ACTPARAM1441128c:1471efa4c1c:-6969', 'RULADEF1441128c:1471efa4c1c:-69a5', 'expr', '2', 'Computation', NULL, 'expression', NULL, NULL, NULL, NULL, NULL);
INSERT INTO `sys_rule_actiondef_param` (`objid`, `parentid`, `name`, `sortorder`, `title`, `datatype`, `handler`, `lookuphandler`, `lookupkey`, `lookupvalue`, `vardatatype`, `lovname`) VALUES ('ACTPARAM1441128c:1471efa4c1c:-698e', 'RULADEF1441128c:1471efa4c1c:-69a5', 'assessment', '1', 'Assessment Info', NULL, 'var', NULL, NULL, NULL, 'rptis.facts.RPUAssessment', NULL);
INSERT INTO `sys_rule_actiondef_param` (`objid`, `parentid`, `name`, `sortorder`, `title`, `datatype`, `handler`, `lookuphandler`, `lookupkey`, `lookupvalue`, `vardatatype`, `lovname`) VALUES ('ACTPARAM1b4af871:14e3cc46e09:-33b8', 'RULADEF1b4af871:14e3cc46e09:-344d', 'expr', '4', 'Computation', NULL, 'expression', NULL, NULL, NULL, NULL, NULL);
INSERT INTO `sys_rule_actiondef_param` (`objid`, `parentid`, `name`, `sortorder`, `title`, `datatype`, `handler`, `lookuphandler`, `lookupkey`, `lookupvalue`, `vardatatype`, `lovname`) VALUES ('ACTPARAM1b4af871:14e3cc46e09:-341d', 'RULADEF1b4af871:14e3cc46e09:-344d', 'aggregatetype', '3', 'Aggregation', NULL, 'lov', NULL, NULL, NULL, NULL, 'RPT_VAR_AGGRETATION_TYPES');
INSERT INTO `sys_rule_actiondef_param` (`objid`, `parentid`, `name`, `sortorder`, `title`, `datatype`, `handler`, `lookuphandler`, `lookupkey`, `lookupvalue`, `vardatatype`, `lovname`) VALUES ('ACTPARAM1b4af871:14e3cc46e09:-342a', 'RULADEF1b4af871:14e3cc46e09:-344d', 'var', '2', 'Variable', NULL, 'lookup', 'rptparameter:lookup', 'objid', 'name', NULL, NULL);
INSERT INTO `sys_rule_actiondef_param` (`objid`, `parentid`, `name`, `sortorder`, `title`, `datatype`, `handler`, `lookuphandler`, `lookupkey`, `lookupvalue`, `vardatatype`, `lovname`) VALUES ('ACTPARAM1b4af871:14e3cc46e09:-343a', 'RULADEF1b4af871:14e3cc46e09:-344d', 'refid', '1', 'Reference ID', NULL, 'var', NULL, NULL, NULL, 'String', NULL);
INSERT INTO `sys_rule_actiondef_param` (`objid`, `parentid`, `name`, `sortorder`, `title`, `datatype`, `handler`, `lookuphandler`, `lookupkey`, `lookupvalue`, `vardatatype`, `lovname`) VALUES ('ACTPARAM23f2d934:14719fd6b68:-7241', 'RULADEF23f2d934:14719fd6b68:-725b', 'adjustment', '1', 'Building Adjustment', NULL, 'var', NULL, NULL, NULL, 'rptis.bldg.facts.BldgAdjustment', NULL);
INSERT INTO `sys_rule_actiondef_param` (`objid`, `parentid`, `name`, `sortorder`, `title`, `datatype`, `handler`, `lookuphandler`, `lookupkey`, `lookupvalue`, `vardatatype`, `lovname`) VALUES ('ACTPARAM36885e11:150188b0d78:-7dfa', 'RULADEF36885e11:150188b0d78:-7e0c', 'bldgstructure', '1', 'Building Structure', NULL, 'var', NULL, NULL, NULL, 'rptis.bldg.facts.BldgStructure', NULL);
INSERT INTO `sys_rule_actiondef_param` (`objid`, `parentid`, `name`, `sortorder`, `title`, `datatype`, `handler`, `lookuphandler`, `lookupkey`, `lookupvalue`, `vardatatype`, `lovname`) VALUES ('ACTPARAM3e2b89cb:146ff734573:-7c34', 'RULADEF3e2b89cb:146ff734573:-7c47', 'expr', '2', 'Computation', NULL, 'expression', NULL, NULL, NULL, NULL, NULL);
INSERT INTO `sys_rule_actiondef_param` (`objid`, `parentid`, `name`, `sortorder`, `title`, `datatype`, `handler`, `lookuphandler`, `lookupkey`, `lookupvalue`, `vardatatype`, `lovname`) VALUES ('ACTPARAM3e2b89cb:146ff734573:-7c3c', 'RULADEF3e2b89cb:146ff734573:-7c47', 'rpu', '1', 'Building Real Property', NULL, 'var', NULL, NULL, NULL, 'rptis.bldg.facts.BldgRPU', NULL);
INSERT INTO `sys_rule_actiondef_param` (`objid`, `parentid`, `name`, `sortorder`, `title`, `datatype`, `handler`, `lookuphandler`, `lookupkey`, `lookupvalue`, `vardatatype`, `lovname`) VALUES ('ACTPARAM57c48737:1472331021e:-7f56', 'RULADEF57c48737:1472331021e:-7f84', 'expr', '2', 'Computation', NULL, 'expression', NULL, NULL, NULL, NULL, NULL);
INSERT INTO `sys_rule_actiondef_param` (`objid`, `parentid`, `name`, `sortorder`, `title`, `datatype`, `handler`, `lookuphandler`, `lookupkey`, `lookupvalue`, `vardatatype`, `lovname`) VALUES ('ACTPARAM57c48737:1472331021e:-7f5d', 'RULADEF57c48737:1472331021e:-7f84', 'rpu', '1', 'Building Real Property', NULL, 'var', NULL, NULL, NULL, 'rptis.bldg.facts.BldgRPU', NULL);
INSERT INTO `sys_rule_actiondef_param` (`objid`, `parentid`, `name`, `sortorder`, `title`, `datatype`, `handler`, `lookuphandler`, `lookupkey`, `lookupvalue`, `vardatatype`, `lovname`) VALUES ('ACTPARAM7efff901:15104440241:-7d8e', 'RULADEF7efff901:15104440241:-7de4', 'expr', '2', 'Computation', NULL, 'expression', NULL, NULL, NULL, NULL, NULL);
INSERT INTO `sys_rule_actiondef_param` (`objid`, `parentid`, `name`, `sortorder`, `title`, `datatype`, `handler`, `lookuphandler`, `lookupkey`, `lookupvalue`, `vardatatype`, `lovname`) VALUES ('ACTPARAM7efff901:15104440241:-7d95', 'RULADEF7efff901:15104440241:-7de4', 'rpuassessment', '1', 'Assessment', NULL, 'var', NULL, NULL, NULL, 'rptis.facts.RPUAssessment', NULL);
INSERT INTO `sys_rule_actiondef_param` (`objid`, `parentid`, `name`, `sortorder`, `title`, `datatype`, `handler`, `lookuphandler`, `lookupkey`, `lookupvalue`, `vardatatype`, `lovname`) VALUES ('ACTPARAM-42dc4039:141afcf5119:-7fc4', 'RULADEF-2ead5abf:1419bd607e6:-7fd9', 'account', '2', 'Account', NULL, 'lookup', 'revenueitem:lookup', 'objid', 'title', NULL, NULL);
INSERT INTO `sys_rule_actiondef_param` (`objid`, `parentid`, `name`, `sortorder`, `title`, `datatype`, `handler`, `lookuphandler`, `lookupkey`, `lookupvalue`, `vardatatype`, `lovname`) VALUES ('ACTPARAM-70cdc17d:141ab4f4c27:-7ebb', 'RULADEF-2ead5abf:1419bd607e6:-7fd9', 'lob', '1', 'LOB', NULL, 'var', NULL, NULL, NULL, 'bpls.facts.LOB', NULL);
INSERT INTO `sys_rule_actiondef_param` (`objid`, `parentid`, `name`, `sortorder`, `title`, `datatype`, `handler`, `lookuphandler`, `lookupkey`, `lookupvalue`, `vardatatype`, `lovname`) VALUES ('ACTPARAM14a6f1c4:1419beaa022:-7fcf', 'RULADEF-2ead5abf:1419bd607e6:-7fd9', 'amount', '3', 'Amount', NULL, 'expression', NULL, NULL, NULL, NULL, NULL);
INSERT INTO `sys_rule_actiondef_param` (`objid`, `parentid`, `name`, `sortorder`, `title`, `datatype`, `handler`, `lookuphandler`, `lookupkey`, `lookupvalue`, `vardatatype`, `lovname`) VALUES ('ACTPARAM-40a13e7c:14687914ed7:-7f4a', 'RULADEF-4a532d76:141ff563063:-7ef4', 'context', '3', 'Apply Per', NULL, 'lov', NULL, NULL, NULL, NULL, 'BUSINESS_REQUIREMENT_CONTEXT');
INSERT INTO `sys_rule_actiondef_param` (`objid`, `parentid`, `name`, `sortorder`, `title`, `datatype`, `handler`, `lookuphandler`, `lookupkey`, `lookupvalue`, `vardatatype`, `lovname`) VALUES ('ACTPARAM-4a532d76:141ff563063:-7edf', 'RULADEF-4a532d76:141ff563063:-7ef4', 'step', '2', 'Required Before', NULL, 'lov', NULL, NULL, NULL, NULL, 'BP_APPLICATION_STEPS');
INSERT INTO `sys_rule_actiondef_param` (`objid`, `parentid`, `name`, `sortorder`, `title`, `datatype`, `handler`, `lookuphandler`, `lookupkey`, `lookupvalue`, `vardatatype`, `lovname`) VALUES ('ACTPARAM-4a532d76:141ff563063:-7eec', 'RULADEF-4a532d76:141ff563063:-7ef4', 'type', '1', 'Requirement Type', NULL, 'lookup', 'businessrequirementtype:lookup', 'objid', 'title', NULL, NULL);
INSERT INTO `sys_rule_actiondef_param` (`objid`, `parentid`, `name`, `sortorder`, `title`, `datatype`, `handler`, `lookuphandler`, `lookupkey`, `lookupvalue`, `vardatatype`, `lovname`) VALUES ('ACTPARAM-627533eb:141ed7a179f:-7d61', 'RULADEF-627533eb:141ed7a179f:-7d7d', 'amount', '3', 'Amount', NULL, 'expression', NULL, NULL, NULL, NULL, NULL);
INSERT INTO `sys_rule_actiondef_param` (`objid`, `parentid`, `name`, `sortorder`, `title`, `datatype`, `handler`, `lookuphandler`, `lookupkey`, `lookupvalue`, `vardatatype`, `lovname`) VALUES ('ACTPARAM-627533eb:141ed7a179f:-7d6e', 'RULADEF-627533eb:141ed7a179f:-7d7d', 'account', '2', 'Account', NULL, 'lookup', 'revenueitem:lookup', 'objid', 'title', NULL, NULL);
INSERT INTO `sys_rule_actiondef_param` (`objid`, `parentid`, `name`, `sortorder`, `title`, `datatype`, `handler`, `lookuphandler`, `lookupkey`, `lookupvalue`, `vardatatype`, `lovname`) VALUES ('ACTPARAM-627533eb:141ed7a179f:-7d75', 'RULADEF-627533eb:141ed7a179f:-7d7d', 'lob', '1', 'Line of Business', NULL, 'var', NULL, NULL, NULL, 'bpls.facts.LOB', NULL);
INSERT INTO `sys_rule_actiondef_param` (`objid`, `parentid`, `name`, `sortorder`, `title`, `datatype`, `handler`, `lookuphandler`, `lookupkey`, `lookupvalue`, `vardatatype`, `lovname`) VALUES ('ACTPARAM-62a762db:14201d65080:-756e', 'RULADEF-62a762db:14201d65080:-7576', 'message', '1', 'Message', NULL, 'expression', NULL, NULL, NULL, NULL, NULL);
INSERT INTO `sys_rule_actiondef_param` (`objid`, `parentid`, `name`, `sortorder`, `title`, `datatype`, `handler`, `lookuphandler`, `lookupkey`, `lookupvalue`, `vardatatype`, `lovname`) VALUES ('ACTPARAM-38b4c365:141f3574da5:-7f8f', 'RULADEF-67ecfd73:141f2b84ce7:-743c', 'aggregate', '2', 'Aggregate Type', NULL, 'lov', NULL, NULL, NULL, NULL, 'RULE_AGGREGATE_FUNCTIONS');
INSERT INTO `sys_rule_actiondef_param` (`objid`, `parentid`, `name`, `sortorder`, `title`, `datatype`, `handler`, `lookuphandler`, `lookupkey`, `lookupvalue`, `vardatatype`, `lovname`) VALUES ('ACTPARAM-67ecfd73:141f2b84ce7:-724b', 'RULADEF-67ecfd73:141f2b84ce7:-743c', 'datatype', '3', 'Value Data Type', NULL, 'lov', NULL, NULL, NULL, NULL, 'RULE_VAR_DATATYPE');
INSERT INTO `sys_rule_actiondef_param` (`objid`, `parentid`, `name`, `sortorder`, `title`, `datatype`, `handler`, `lookuphandler`, `lookupkey`, `lookupvalue`, `vardatatype`, `lovname`) VALUES ('ACTPARAM-67ecfd73:141f2b84ce7:-739d', 'RULADEF-67ecfd73:141f2b84ce7:-743c', 'value', '4', 'Value', NULL, 'expression', NULL, NULL, NULL, NULL, NULL);
INSERT INTO `sys_rule_actiondef_param` (`objid`, `parentid`, `name`, `sortorder`, `title`, `datatype`, `handler`, `lookuphandler`, `lookupkey`, `lookupvalue`, `vardatatype`, `lovname`) VALUES ('ACTPARAM-67ecfd73:141f2b84ce7:-73a4', 'RULADEF-67ecfd73:141f2b84ce7:-743c', 'name', '1', 'Variable Name', 'string', 'string', NULL, NULL, NULL, 'string', NULL);
INSERT INTO `sys_rule_actiondef_param` (`objid`, `parentid`, `name`, `sortorder`, `title`, `datatype`, `handler`, `lookuphandler`, `lookupkey`, `lookupvalue`, `vardatatype`, `lovname`) VALUES ('ACTPARAM-67ecfd73:141f2b84ce7:-79b7', 'RULADEF-67ecfd73:141f2b84ce7:-7b54', 'value', '3', 'Value', NULL, 'expression', NULL, NULL, NULL, NULL, NULL);
INSERT INTO `sys_rule_actiondef_param` (`objid`, `parentid`, `name`, `sortorder`, `title`, `datatype`, `handler`, `lookuphandler`, `lookupkey`, `lookupvalue`, `vardatatype`, `lovname`) VALUES ('ACTPARAM-67ecfd73:141f2b84ce7:-7a33', 'RULADEF-67ecfd73:141f2b84ce7:-7b54', 'attribute', '2', 'Attribute', NULL, 'lookup', 'businessvariable:lookup', 'objid', 'name', NULL, NULL);
INSERT INTO `sys_rule_actiondef_param` (`objid`, `parentid`, `name`, `sortorder`, `title`, `datatype`, `handler`, `lookuphandler`, `lookupkey`, `lookupvalue`, `vardatatype`, `lovname`) VALUES ('ACTPARAM-67ecfd73:141f2b84ce7:-7b4c', 'RULADEF-67ecfd73:141f2b84ce7:-7b54', 'lob', '1', 'Line of Business', NULL, 'var', NULL, NULL, NULL, 'bpls.facts.LOB', NULL);
INSERT INTO `sys_rule_actiondef_param` (`objid`, `parentid`, `name`, `sortorder`, `title`, `datatype`, `handler`, `lookuphandler`, `lookupkey`, `lookupvalue`, `vardatatype`, `lovname`) VALUES ('ACTPARAM-738e3cc6:14459101d11:-6afb', 'RULADEF-738e3cc6:14459101d11:-6b0b', 'account', '2', 'Business Account', NULL, 'lookup', 'revenueitem:lookup', 'objid', 'title', NULL, NULL);
INSERT INTO `sys_rule_actiondef_param` (`objid`, `parentid`, `name`, `sortorder`, `title`, `datatype`, `handler`, `lookuphandler`, `lookupkey`, `lookupvalue`, `vardatatype`, `lovname`) VALUES ('ACTPARAM-738e3cc6:14459101d11:-6b02', 'RULADEF-738e3cc6:14459101d11:-6b0b', 'taxfee', '1', 'Tax Fee Account', NULL, 'var', NULL, NULL, NULL, 'bpls.facts.TaxFeeAccount', NULL);
INSERT INTO `sys_rule_actiondef_param` (`objid`, `parentid`, `name`, `sortorder`, `title`, `datatype`, `handler`, `lookuphandler`, `lookupkey`, `lookupvalue`, `vardatatype`, `lovname`) VALUES ('ACTPARAM33e8cb24:1423c4b40b2:-6adc', 'RULADEF33e8cb24:1423c4b40b2:-6aeb', 'taxfeeaccount', '1', 'Tax Fee Account', NULL, 'var', NULL, NULL, NULL, 'bpls.facts.TaxFeeAccount', NULL);
INSERT INTO `sys_rule_actiondef_param` (`objid`, `parentid`, `name`, `sortorder`, `title`, `datatype`, `handler`, `lookuphandler`, `lookupkey`, `lookupvalue`, `vardatatype`, `lovname`) VALUES ('ACTPARAM61c9e5c1:1423cdbf146:-7dcd', 'RULADEF33e8cb24:1423c4b40b2:-6aeb', 'selectoption', '2', 'Select Option', NULL, 'lov', NULL, NULL, NULL, NULL, 'TAXFEE_SELECT_OPTION');
INSERT INTO `sys_rule_actiondef_param` (`objid`, `parentid`, `name`, `sortorder`, `title`, `datatype`, `handler`, `lookuphandler`, `lookupkey`, `lookupvalue`, `vardatatype`, `lovname`) VALUES ('ACTPARAM33e8cb24:1423c4b40b2:-7e2a', 'RULADEF33e8cb24:1423c4b40b2:-7f34', 'taxfee', '1', 'Tax Fee Account', NULL, 'var', NULL, NULL, NULL, 'bpls.facts.TaxFeeAccount', NULL);
INSERT INTO `sys_rule_actiondef_param` (`objid`, `parentid`, `name`, `sortorder`, `title`, `datatype`, `handler`, `lookuphandler`, `lookupkey`, `lookupvalue`, `vardatatype`, `lovname`) VALUES ('ACTPARAM-42dc4039:141afcf5119:-7e59', 'RULADEF367174cc:141a62bd0d8:-4486', 'lob', '1', 'Line of Business', NULL, 'var', NULL, NULL, NULL, 'bpls.facts.LOB', NULL);
INSERT INTO `sys_rule_actiondef_param` (`objid`, `parentid`, `name`, `sortorder`, `title`, `datatype`, `handler`, `lookuphandler`, `lookupkey`, `lookupvalue`, `vardatatype`, `lovname`) VALUES ('ACTPARAM367174cc:141a62bd0d8:18c4', 'RULADEF367174cc:141a62bd0d8:-4486', 'attribute', '2', 'Attribute', NULL, 'lookup', 'businessvariable:lookup', 'objid', 'name', 'string', NULL);
INSERT INTO `sys_rule_actiondef_param` (`objid`, `parentid`, `name`, `sortorder`, `title`, `datatype`, `handler`, `lookuphandler`, `lookupkey`, `lookupvalue`, `vardatatype`, `lovname`) VALUES ('ACTPARAM7c61bd6d:1423fce917f:-7e73', 'RULADEF367174cc:141a62bd0d8:-4486', 'defaultvalue', '3', 'Default Value', 'string', 'string', NULL, NULL, NULL, 'string', NULL);
INSERT INTO `sys_rule_actiondef_param` (`objid`, `parentid`, `name`, `sortorder`, `title`, `datatype`, `handler`, `lookuphandler`, `lookupkey`, `lookupvalue`, `vardatatype`, `lovname`) VALUES ('ACTPARAM-3f19ce39:141ff0de421:-7e8a', 'RULADEF72bb01b1:141b1fdca80:-7e34', 'taxfee', '1', 'Tax Fee', NULL, 'var', NULL, NULL, NULL, 'bpls.facts.TaxFeeAccount', NULL);
INSERT INTO `sys_rule_actiondef_param` (`objid`, `parentid`, `name`, `sortorder`, `title`, `datatype`, `handler`, `lookuphandler`, `lookupkey`, `lookupvalue`, `vardatatype`, `lovname`) VALUES ('ACTPARAM72bb01b1:141b1fdca80:-7d98', 'RULADEF72bb01b1:141b1fdca80:-7e34', 'amount', '2', 'Amount', NULL, 'expression', NULL, NULL, NULL, NULL, NULL);
INSERT INTO `sys_rule_actiondef_param` (`objid`, `parentid`, `name`, `sortorder`, `title`, `datatype`, `handler`, `lookuphandler`, `lookupkey`, `lookupvalue`, `vardatatype`, `lovname`) VALUES ('ACTPARAM73d37911:141edb9db9a:-7f14', 'RULADEF73d37911:141edb9db9a:-7f30', 'amount', '3', 'Amount', NULL, 'expression', NULL, NULL, NULL, NULL, NULL);
INSERT INTO `sys_rule_actiondef_param` (`objid`, `parentid`, `name`, `sortorder`, `title`, `datatype`, `handler`, `lookuphandler`, `lookupkey`, `lookupvalue`, `vardatatype`, `lovname`) VALUES ('ACTPARAM73d37911:141edb9db9a:-7f21', 'RULADEF73d37911:141edb9db9a:-7f30', 'account', '2', 'Account', NULL, 'lookup', 'revenueitem:lookup', 'objid', 'title', NULL, NULL);
INSERT INTO `sys_rule_actiondef_param` (`objid`, `parentid`, `name`, `sortorder`, `title`, `datatype`, `handler`, `lookuphandler`, `lookupkey`, `lookupvalue`, `vardatatype`, `lovname`) VALUES ('ACTPARAM73d37911:141edb9db9a:-7f28', 'RULADEF73d37911:141edb9db9a:-7f30', 'lob', '1', 'Line of Business', NULL, 'var', NULL, NULL, NULL, 'bpls.facts.LOB', NULL);
INSERT INTO `sys_rule_actiondef_param` (`objid`, `parentid`, `name`, `sortorder`, `title`, `datatype`, `handler`, `lookuphandler`, `lookupkey`, `lookupvalue`, `vardatatype`, `lovname`) VALUES ('ACTPARAM-2889615e:142fa67fc85:-7b71', 'RULADEF-2889615e:142fa67fc85:-7b7c', 'billitem', '1', 'Bill Item Account', NULL, 'var', NULL, NULL, NULL, 'bpls.facts.BillItem', NULL);
INSERT INTO `sys_rule_actiondef_param` (`objid`, `parentid`, `name`, `sortorder`, `title`, `datatype`, `handler`, `lookuphandler`, `lookupkey`, `lookupvalue`, `vardatatype`, `lovname`) VALUES ('ACTPARAM-66879e9a:1422b236b58:-7b1c', 'RULADEF-66879e9a:1422b236b58:-7d0f', 'amount', '2', 'Amount', NULL, 'expression', NULL, NULL, NULL, NULL, NULL);
INSERT INTO `sys_rule_actiondef_param` (`objid`, `parentid`, `name`, `sortorder`, `title`, `datatype`, `handler`, `lookuphandler`, `lookupkey`, `lookupvalue`, `vardatatype`, `lovname`) VALUES ('ACTPARAM-66879e9a:1422b236b58:-7b23', 'RULADEF-66879e9a:1422b236b58:-7d0f', 'billitem', '1', 'Bill Item', NULL, 'var', NULL, NULL, NULL, 'bpls.facts.BillItem', NULL);
INSERT INTO `sys_rule_actiondef_param` (`objid`, `parentid`, `name`, `sortorder`, `title`, `datatype`, `handler`, `lookuphandler`, `lookupkey`, `lookupvalue`, `vardatatype`, `lovname`) VALUES ('ACTPARAM-66879e9a:1422b236b58:-7b40', 'RULADEF-66879e9a:1422b236b58:-7d24', 'amount', '2', 'Amount', NULL, 'expression', NULL, NULL, NULL, NULL, NULL);
INSERT INTO `sys_rule_actiondef_param` (`objid`, `parentid`, `name`, `sortorder`, `title`, `datatype`, `handler`, `lookuphandler`, `lookupkey`, `lookupvalue`, `vardatatype`, `lovname`) VALUES ('ACTPARAM-66879e9a:1422b236b58:-7b47', 'RULADEF-66879e9a:1422b236b58:-7d24', 'billitem', '1', 'Bill Item', NULL, 'var', NULL, NULL, NULL, 'bpls.facts.BillItem', NULL);
INSERT INTO `sys_rule_actiondef_param` (`objid`, `parentid`, `name`, `sortorder`, `title`, `datatype`, `handler`, `lookuphandler`, `lookupkey`, `lookupvalue`, `vardatatype`, `lovname`) VALUES ('ACTPARAM42da3868:148356b8ecf:-6e77', 'RULADEF-66879e9a:1422b236b58:-7d24', 'account', '3', 'Account', NULL, 'lookup', 'revenueitem:lookup', 'objid', 'title', NULL, NULL);
INSERT INTO `sys_rule_actiondef_param` (`objid`, `parentid`, `name`, `sortorder`, `title`, `datatype`, `handler`, `lookuphandler`, `lookupkey`, `lookupvalue`, `vardatatype`, `lovname`) VALUES ('ACTPARAM11e0d3f3:146f0a05dc8:-7127', 'RULADEF-6960d46:146ef7fe055:-7722', 'account', '1', 'Account', NULL, 'lookup', 'revenueitem:lookup', 'objid', 'title', NULL, NULL);
INSERT INTO `sys_rule_actiondef_param` (`objid`, `parentid`, `name`, `sortorder`, `title`, `datatype`, `handler`, `lookuphandler`, `lookupkey`, `lookupvalue`, `vardatatype`, `lovname`) VALUES ('ACTPARAM11e0d3f3:146f0a05dc8:-75c8', 'RULADEF-6960d46:146ef7fe055:-7722', 'payment', '3', 'Payment', NULL, 'var', NULL, NULL, NULL, 'bpls.facts.AppliedPayment', NULL);
INSERT INTO `sys_rule_actiondef_param` (`objid`, `parentid`, `name`, `sortorder`, `title`, `datatype`, `handler`, `lookuphandler`, `lookupkey`, `lookupvalue`, `vardatatype`, `lovname`) VALUES ('ACTPARAM11e0d3f3:146f0a05dc8:-7720', 'RULADEF-6960d46:146ef7fe055:-7722', 'lob', '2', 'Line of Business', NULL, 'var', NULL, NULL, NULL, 'bpls.facts.LOB', NULL);
INSERT INTO `sys_rule_actiondef_param` (`objid`, `parentid`, `name`, `sortorder`, `title`, `datatype`, `handler`, `lookuphandler`, `lookupkey`, `lookupvalue`, `vardatatype`, `lovname`) VALUES ('ACTPARAM-7438e141:1481e925549:-7fac', 'RULADEF-7438e141:1481e925549:-7fb5', 'expirydate', '1', 'Expiry date', NULL, 'expression', NULL, NULL, NULL, NULL, NULL);
INSERT INTO `sys_rule_actiondef_param` (`objid`, `parentid`, `name`, `sortorder`, `title`, `datatype`, `handler`, `lookuphandler`, `lookupkey`, `lookupvalue`, `vardatatype`, `lovname`) VALUES ('ACTPARAM-fd840f:146ad32de46:-71d4', 'RULADEF-fd840f:146ad32de46:-71f2', 'account', '2', 'Account', NULL, 'lookup', 'revenueitem:lookup', 'objid', 'title', NULL, NULL);
INSERT INTO `sys_rule_actiondef_param` (`objid`, `parentid`, `name`, `sortorder`, `title`, `datatype`, `handler`, `lookuphandler`, `lookupkey`, `lookupvalue`, `vardatatype`, `lovname`) VALUES ('ACTPARAM-fd840f:146ad32de46:-71e5', 'RULADEF-fd840f:146ad32de46:-71f2', 'excess', '1', 'Excess Payment', NULL, 'var', NULL, NULL, NULL, 'bpls.facts.ExcessPayment', NULL);
INSERT INTO `sys_rule_actiondef_param` (`objid`, `parentid`, `name`, `sortorder`, `title`, `datatype`, `handler`, `lookuphandler`, `lookupkey`, `lookupvalue`, `vardatatype`, `lovname`) VALUES ('ACTPARAM50ef92c8:147420ae632:-7bd8', 'RULADEF50ef92c8:147420ae632:-7be3', 'billitem', '1', 'BillItem', NULL, 'var', NULL, NULL, NULL, 'bpls.facts.BillItem', NULL);
INSERT INTO `sys_rule_actiondef_param` (`objid`, `parentid`, `name`, `sortorder`, `title`, `datatype`, `handler`, `lookuphandler`, `lookupkey`, `lookupvalue`, `vardatatype`, `lovname`) VALUES ('ACTPARAM-66879e9a:1422b236b58:-7ca9', 'RULADEF7ee0ab5e:141b6a15885:-7f52', 'billitem', '1', 'Bill Item', NULL, 'var', NULL, NULL, NULL, 'bpls.facts.BillItem', NULL);
INSERT INTO `sys_rule_actiondef_param` (`objid`, `parentid`, `name`, `sortorder`, `title`, `datatype`, `handler`, `lookuphandler`, `lookupkey`, `lookupvalue`, `vardatatype`, `lovname`) VALUES ('ACTPARAM42da3868:148356b8ecf:-6e97', 'RULADEF7ee0ab5e:141b6a15885:-7f52', 'account', '3', 'Account', NULL, 'lookup', 'revenueitem:lookup', 'objid', 'title', NULL, NULL);
INSERT INTO `sys_rule_actiondef_param` (`objid`, `parentid`, `name`, `sortorder`, `title`, `datatype`, `handler`, `lookuphandler`, `lookupkey`, `lookupvalue`, `vardatatype`, `lovname`) VALUES ('ACTPARAM7ee0ab5e:141b6a15885:-7f4c', 'RULADEF7ee0ab5e:141b6a15885:-7f52', 'amount', '2', 'Amount', NULL, 'expression', NULL, NULL, NULL, NULL, NULL);
INSERT INTO `sys_rule_actiondef_param` (`objid`, `parentid`, `name`, `sortorder`, `title`, `datatype`, `handler`, `lookuphandler`, `lookupkey`, `lookupvalue`, `vardatatype`, `lovname`) VALUES ('ACTPARAM-128a4cad:146f96a678e:-7ee7', 'RULADEF-128a4cad:146f96a678e:-7efa', 'expr', '2', 'Computation', NULL, 'expression', NULL, NULL, NULL, NULL, NULL);
INSERT INTO `sys_rule_actiondef_param` (`objid`, `parentid`, `name`, `sortorder`, `title`, `datatype`, `handler`, `lookuphandler`, `lookupkey`, `lookupvalue`, `vardatatype`, `lovname`) VALUES ('ACTPARAM-128a4cad:146f96a678e:-7ef0', 'RULADEF-128a4cad:146f96a678e:-7efa', 'landdetail', '1', 'Land Item Appraisal', NULL, 'var', NULL, NULL, NULL, 'rptis.land.facts.LandDetail', NULL);
INSERT INTO `sys_rule_actiondef_param` (`objid`, `parentid`, `name`, `sortorder`, `title`, `datatype`, `handler`, `lookuphandler`, `lookupkey`, `lookupvalue`, `vardatatype`, `lovname`) VALUES ('ACTPARAM-21ad68c1:146fc2282bb:-7b30', 'RULADEF-21ad68c1:146fc2282bb:-7b6e', 'expr', '2', 'Computation', NULL, 'expression', NULL, NULL, NULL, NULL, NULL);
INSERT INTO `sys_rule_actiondef_param` (`objid`, `parentid`, `name`, `sortorder`, `title`, `datatype`, `handler`, `lookuphandler`, `lookupkey`, `lookupvalue`, `vardatatype`, `lovname`) VALUES ('ACTPARAM-21ad68c1:146fc2282bb:-7b39', 'RULADEF-21ad68c1:146fc2282bb:-7b6e', 'landdetail', '1', 'Land Item Appraisal', NULL, 'var', NULL, NULL, NULL, 'rptis.land.facts.LandDetail', NULL);
INSERT INTO `sys_rule_actiondef_param` (`objid`, `parentid`, `name`, `sortorder`, `title`, `datatype`, `handler`, `lookuphandler`, `lookupkey`, `lookupvalue`, `vardatatype`, `lovname`) VALUES ('ACTPARAM-5e76cf73:14d69e9c549:-71d5', 'RULADEF-5e76cf73:14d69e9c549:-71e7', 'expr', '2', 'Computation', NULL, 'expression', NULL, NULL, NULL, NULL, NULL);
INSERT INTO `sys_rule_actiondef_param` (`objid`, `parentid`, `name`, `sortorder`, `title`, `datatype`, `handler`, `lookuphandler`, `lookupkey`, `lookupvalue`, `vardatatype`, `lovname`) VALUES ('ACTPARAM-5e76cf73:14d69e9c549:-71dc', 'RULADEF-5e76cf73:14d69e9c549:-71e7', 'landdetail', '1', 'Land Item Appraisal', NULL, 'var', NULL, NULL, NULL, 'rptis.land.facts.LandDetail', NULL);
INSERT INTO `sys_rule_actiondef_param` (`objid`, `parentid`, `name`, `sortorder`, `title`, `datatype`, `handler`, `lookuphandler`, `lookupkey`, `lookupvalue`, `vardatatype`, `lovname`) VALUES ('ACTPARAM-5e76cf73:14d69e9c549:-7222', 'RULADEF-5e76cf73:14d69e9c549:-7232', 'expr', '2', 'Computation', NULL, 'expression', NULL, NULL, NULL, NULL, NULL);
INSERT INTO `sys_rule_actiondef_param` (`objid`, `parentid`, `name`, `sortorder`, `title`, `datatype`, `handler`, `lookuphandler`, `lookupkey`, `lookupvalue`, `vardatatype`, `lovname`) VALUES ('ACTPARAM-5e76cf73:14d69e9c549:-7229', 'RULADEF-5e76cf73:14d69e9c549:-7232', 'landdetail', '1', 'Land Item Appraisal', NULL, 'var', NULL, NULL, NULL, 'rptis.land.facts.LandDetail', NULL);
INSERT INTO `sys_rule_actiondef_param` (`objid`, `parentid`, `name`, `sortorder`, `title`, `datatype`, `handler`, `lookuphandler`, `lookupkey`, `lookupvalue`, `vardatatype`, `lovname`) VALUES ('ACTPARAM-5e76cf73:14d69e9c549:-72ae', 'RULADEF-5e76cf73:14d69e9c549:-72c3', 'expr', '2', 'Computation', NULL, 'expression', NULL, NULL, NULL, NULL, NULL);
INSERT INTO `sys_rule_actiondef_param` (`objid`, `parentid`, `name`, `sortorder`, `title`, `datatype`, `handler`, `lookuphandler`, `lookupkey`, `lookupvalue`, `vardatatype`, `lovname`) VALUES ('ACTPARAM-5e76cf73:14d69e9c549:-72b5', 'RULADEF-5e76cf73:14d69e9c549:-72c3', 'landdetail', '1', 'Land Appraisal', NULL, 'var', NULL, NULL, NULL, 'rptis.land.facts.LandDetail', NULL);
INSERT INTO `sys_rule_actiondef_param` (`objid`, `parentid`, `name`, `sortorder`, `title`, `datatype`, `handler`, `lookuphandler`, `lookupkey`, `lookupvalue`, `vardatatype`, `lovname`) VALUES ('ACTPARAM-5e76cf73:14d69e9c549:-7d9d', 'RULADEF-5e76cf73:14d69e9c549:-7e09', 'expr', '2', 'Computation', NULL, 'expression', NULL, NULL, NULL, NULL, NULL);
INSERT INTO `sys_rule_actiondef_param` (`objid`, `parentid`, `name`, `sortorder`, `title`, `datatype`, `handler`, `lookuphandler`, `lookupkey`, `lookupvalue`, `vardatatype`, `lovname`) VALUES ('ACTPARAM-5e76cf73:14d69e9c549:-7da4', 'RULADEF-5e76cf73:14d69e9c549:-7e09', 'adjustment', '1', 'Adjustment', NULL, 'var', NULL, NULL, NULL, 'rptis.land.facts.LandAdjustment', NULL);
INSERT INTO `sys_rule_actiondef_param` (`objid`, `parentid`, `name`, `sortorder`, `title`, `datatype`, `handler`, `lookuphandler`, `lookupkey`, `lookupvalue`, `vardatatype`, `lovname`) VALUES ('ACTPARAM3afe51b9:146f7088d9c:-6459', 'RULADEF3afe51b9:146f7088d9c:-7c7b', 'landdetail', '1', 'Land Item Appraisal', NULL, 'var', NULL, NULL, NULL, 'rptis.land.facts.LandDetail', NULL);
INSERT INTO `sys_rule_actiondef_param` (`objid`, `parentid`, `name`, `sortorder`, `title`, `datatype`, `handler`, `lookuphandler`, `lookupkey`, `lookupvalue`, `vardatatype`, `lovname`) VALUES ('ACTPARAM3afe51b9:146f7088d9c:-6b8d', 'RULADEF3afe51b9:146f7088d9c:-7c7b', 'expr', '2', 'Computation', NULL, 'expression', NULL, NULL, NULL, NULL, NULL);
INSERT INTO `sys_rule_actiondef_param` (`objid`, `parentid`, `name`, `sortorder`, `title`, `datatype`, `handler`, `lookuphandler`, `lookupkey`, `lookupvalue`, `vardatatype`, `lovname`) VALUES ('ACTPARAM5b4ac915:147baaa06b4:-6cb3', 'RULADEF5b4ac915:147baaa06b4:-7dbe', 'classification', '2', 'Classification', NULL, 'var', NULL, NULL, NULL, 'rptis.facts.Classification', NULL);
INSERT INTO `sys_rule_actiondef_param` (`objid`, `parentid`, `name`, `sortorder`, `title`, `datatype`, `handler`, `lookuphandler`, `lookupkey`, `lookupvalue`, `vardatatype`, `lovname`) VALUES ('ACTPARAM5b4ac915:147baaa06b4:-7d98', 'RULADEF5b4ac915:147baaa06b4:-7dbe', 'landdetail', '1', 'Land Item Appraisal', NULL, 'var', NULL, NULL, NULL, 'rptis.land.facts.LandDetail', NULL);
INSERT INTO `sys_rule_actiondef_param` (`objid`, `parentid`, `name`, `sortorder`, `title`, `datatype`, `handler`, `lookuphandler`, `lookupkey`, `lookupvalue`, `vardatatype`, `lovname`) VALUES ('ACTPARAM1e772168:14c5a447e35:-66ee', 'RULADEF1e772168:14c5a447e35:-6703', 'expr', '2', 'Computation', NULL, 'expression', NULL, NULL, NULL, NULL, NULL);
INSERT INTO `sys_rule_actiondef_param` (`objid`, `parentid`, `name`, `sortorder`, `title`, `datatype`, `handler`, `lookuphandler`, `lookupkey`, `lookupvalue`, `vardatatype`, `lovname`) VALUES ('ACTPARAM1e772168:14c5a447e35:-66f5', 'RULADEF1e772168:14c5a447e35:-6703', 'machine', '1', 'Machinery', NULL, 'var', NULL, NULL, NULL, 'rptis.mach.facts.MachineDetail', NULL);
INSERT INTO `sys_rule_actiondef_param` (`objid`, `parentid`, `name`, `sortorder`, `title`, `datatype`, `handler`, `lookuphandler`, `lookupkey`, `lookupvalue`, `vardatatype`, `lovname`) VALUES ('ACTPARAM1e772168:14c5a447e35:-7e16', 'RULADEF1e772168:14c5a447e35:-7e28', 'expr', '2', 'Computation', NULL, 'expression', NULL, NULL, NULL, NULL, NULL);
INSERT INTO `sys_rule_actiondef_param` (`objid`, `parentid`, `name`, `sortorder`, `title`, `datatype`, `handler`, `lookuphandler`, `lookupkey`, `lookupvalue`, `vardatatype`, `lovname`) VALUES ('ACTPARAM1e772168:14c5a447e35:-7e1d', 'RULADEF1e772168:14c5a447e35:-7e28', 'machine', '1', 'Machinery', NULL, 'var', NULL, NULL, NULL, 'rptis.mach.facts.MachineDetail', NULL);
INSERT INTO `sys_rule_actiondef_param` (`objid`, `parentid`, `name`, `sortorder`, `title`, `datatype`, `handler`, `lookuphandler`, `lookupkey`, `lookupvalue`, `vardatatype`, `lovname`) VALUES ('ACTPARAM1e772168:14c5a447e35:-7e9d', 'RULADEF1e772168:14c5a447e35:-7eaf', 'expr', '2', 'Computation', NULL, 'expression', NULL, NULL, NULL, NULL, NULL);
INSERT INTO `sys_rule_actiondef_param` (`objid`, `parentid`, `name`, `sortorder`, `title`, `datatype`, `handler`, `lookuphandler`, `lookupkey`, `lookupvalue`, `vardatatype`, `lovname`) VALUES ('ACTPARAM1e772168:14c5a447e35:-7ea4', 'RULADEF1e772168:14c5a447e35:-7eaf', 'machine', '1', 'Machinery', NULL, 'var', NULL, NULL, NULL, 'rptis.mach.facts.MachineDetail', NULL);
INSERT INTO `sys_rule_actiondef_param` (`objid`, `parentid`, `name`, `sortorder`, `title`, `datatype`, `handler`, `lookuphandler`, `lookupkey`, `lookupvalue`, `vardatatype`, `lovname`) VALUES ('ACTPARAM1e772168:14c5a447e35:-7ebf', 'RULADEF1e772168:14c5a447e35:-7ed1', 'expr', '2', 'Computation', NULL, 'expression', NULL, NULL, NULL, NULL, NULL);
INSERT INTO `sys_rule_actiondef_param` (`objid`, `parentid`, `name`, `sortorder`, `title`, `datatype`, `handler`, `lookuphandler`, `lookupkey`, `lookupvalue`, `vardatatype`, `lovname`) VALUES ('ACTPARAM1e772168:14c5a447e35:-7ec6', 'RULADEF1e772168:14c5a447e35:-7ed1', 'machine', '1', 'Machinery', NULL, 'var', NULL, NULL, NULL, 'rptis.mach.facts.MachineDetail', NULL);
INSERT INTO `sys_rule_actiondef_param` (`objid`, `parentid`, `name`, `sortorder`, `title`, `datatype`, `handler`, `lookuphandler`, `lookupkey`, `lookupvalue`, `vardatatype`, `lovname`) VALUES ('ACTPARAM7efff901:15104440241:5e76', 'RULADEF7efff901:15104440241:5e0b', 'machuse', '1', 'Machine Actual Use', NULL, 'var', NULL, NULL, NULL, 'rptis.mach.facts.MachineActualUse', NULL);
INSERT INTO `sys_rule_actiondef_param` (`objid`, `parentid`, `name`, `sortorder`, `title`, `datatype`, `handler`, `lookuphandler`, `lookupkey`, `lookupvalue`, `vardatatype`, `lovname`) VALUES ('ACTPARAM7efff901:15104fb0702:3875', 'RULADEF7efff901:15104fb0702:3868', 'machuse', '1', 'Machine Use', NULL, 'var', NULL, NULL, NULL, 'rptis.mach.facts.MachineActualUse', NULL);
INSERT INTO `sys_rule_actiondef_param` (`objid`, `parentid`, `name`, `sortorder`, `title`, `datatype`, `handler`, `lookuphandler`, `lookupkey`, `lookupvalue`, `vardatatype`, `lovname`) VALUES ('ACTPARAM7efff901:15104fb0702:3886', 'RULADEF7efff901:15104fb0702:3868', 'machine', '2', 'Machine', NULL, 'var', NULL, NULL, NULL, 'rptis.mach.facts.MachineDetail', NULL);
INSERT INTO `sys_rule_actiondef_param` (`objid`, `parentid`, `name`, `sortorder`, `title`, `datatype`, `handler`, `lookuphandler`, `lookupkey`, `lookupvalue`, `vardatatype`, `lovname`) VALUES ('ACTPARAM7efff901:15104fb0702:449a', 'RULADEF7efff901:15104fb0702:4487', 'machuse', '1', 'Machine Actual Use', NULL, 'var', NULL, NULL, NULL, 'rptis.mach.facts.MachineActualUse', NULL);
INSERT INTO `sys_rule_actiondef_param` (`objid`, `parentid`, `name`, `sortorder`, `title`, `datatype`, `handler`, `lookuphandler`, `lookupkey`, `lookupvalue`, `vardatatype`, `lovname`) VALUES ('ACTPARAM7efff901:15104fb0702:4552', 'RULADEF7efff901:15104fb0702:4545', 'machuse', '1', 'Machine Actual Use', NULL, 'var', NULL, NULL, NULL, 'rptis.mach.facts.MachineActualUse', NULL);
INSERT INTO `sys_rule_actiondef_param` (`objid`, `parentid`, `name`, `sortorder`, `title`, `datatype`, `handler`, `lookuphandler`, `lookupkey`, `lookupvalue`, `vardatatype`, `lovname`) VALUES ('ACTPARAM1b4af871:14e3cc46e09:-3531', 'RULADEF1b4af871:14e3cc46e09:-3543', 'expr', '2', 'Computation', NULL, 'expression', NULL, NULL, NULL, NULL, NULL);
INSERT INTO `sys_rule_actiondef_param` (`objid`, `parentid`, `name`, `sortorder`, `title`, `datatype`, `handler`, `lookuphandler`, `lookupkey`, `lookupvalue`, `vardatatype`, `lovname`) VALUES ('ACTPARAM1b4af871:14e3cc46e09:-3538', 'RULADEF1b4af871:14e3cc46e09:-3543', 'miscrpu', '1', 'Miscellaneous RPU', NULL, 'var', NULL, NULL, NULL, 'rptis.misc.facts.MiscRPU', NULL);
INSERT INTO `sys_rule_actiondef_param` (`objid`, `parentid`, `name`, `sortorder`, `title`, `datatype`, `handler`, `lookuphandler`, `lookupkey`, `lookupvalue`, `vardatatype`, `lovname`) VALUES ('ACTPARAM1b4af871:14e3cc46e09:-357a', 'RULADEF1b4af871:14e3cc46e09:-358c', 'expr', '2', 'Computation', NULL, 'expression', NULL, NULL, NULL, NULL, NULL);
INSERT INTO `sys_rule_actiondef_param` (`objid`, `parentid`, `name`, `sortorder`, `title`, `datatype`, `handler`, `lookuphandler`, `lookupkey`, `lookupvalue`, `vardatatype`, `lovname`) VALUES ('ACTPARAM1b4af871:14e3cc46e09:-3581', 'RULADEF1b4af871:14e3cc46e09:-358c', 'miscrpu', '1', 'Miscellaneous RPU', NULL, 'var', NULL, NULL, NULL, 'rptis.misc.facts.MiscRPU', NULL);
INSERT INTO `sys_rule_actiondef_param` (`objid`, `parentid`, `name`, `sortorder`, `title`, `datatype`, `handler`, `lookuphandler`, `lookupkey`, `lookupvalue`, `vardatatype`, `lovname`) VALUES ('ACTPARAM1b4af871:14e3cc46e09:-35ba', 'RULADEF1b4af871:14e3cc46e09:-35cc', 'expr', '2', 'Computation', NULL, 'expression', NULL, NULL, NULL, NULL, NULL);
INSERT INTO `sys_rule_actiondef_param` (`objid`, `parentid`, `name`, `sortorder`, `title`, `datatype`, `handler`, `lookuphandler`, `lookupkey`, `lookupvalue`, `vardatatype`, `lovname`) VALUES ('ACTPARAM1b4af871:14e3cc46e09:-35c1', 'RULADEF1b4af871:14e3cc46e09:-35cc', 'miscrpu', '1', 'Miscellaneous RPU', NULL, 'var', NULL, NULL, NULL, 'rptis.misc.facts.MiscRPU', NULL);
INSERT INTO `sys_rule_actiondef_param` (`objid`, `parentid`, `name`, `sortorder`, `title`, `datatype`, `handler`, `lookuphandler`, `lookupkey`, `lookupvalue`, `vardatatype`, `lovname`) VALUES ('ACTPARAM1b4af871:14e3cc46e09:-35fc', 'RULADEF1b4af871:14e3cc46e09:-3612', 'expr', '2', 'Computation', NULL, 'expression', NULL, NULL, NULL, NULL, NULL);
INSERT INTO `sys_rule_actiondef_param` (`objid`, `parentid`, `name`, `sortorder`, `title`, `datatype`, `handler`, `lookuphandler`, `lookupkey`, `lookupvalue`, `vardatatype`, `lovname`) VALUES ('ACTPARAM1b4af871:14e3cc46e09:-3603', 'RULADEF1b4af871:14e3cc46e09:-3612', 'miscrpu', '1', 'Miscellaneous RPU', NULL, 'var', NULL, NULL, NULL, 'rptis.misc.facts.MiscRPU', NULL);
INSERT INTO `sys_rule_actiondef_param` (`objid`, `parentid`, `name`, `sortorder`, `title`, `datatype`, `handler`, `lookuphandler`, `lookupkey`, `lookupvalue`, `vardatatype`, `lovname`) VALUES ('ACTPARAM59614e16:14c5e56ecc8:-7ee2', 'RULADEF59614e16:14c5e56ecc8:-7ef4', 'expr', '2', 'Computation', NULL, 'expression', NULL, NULL, NULL, NULL, NULL);
INSERT INTO `sys_rule_actiondef_param` (`objid`, `parentid`, `name`, `sortorder`, `title`, `datatype`, `handler`, `lookuphandler`, `lookupkey`, `lookupvalue`, `vardatatype`, `lovname`) VALUES ('ACTPARAM59614e16:14c5e56ecc8:-7ee9', 'RULADEF59614e16:14c5e56ecc8:-7ef4', 'miscitem', '1', 'Miscellaneous Item', NULL, 'var', NULL, NULL, NULL, 'rptis.misc.facts.MiscItem', NULL);
INSERT INTO `sys_rule_actiondef_param` (`objid`, `parentid`, `name`, `sortorder`, `title`, `datatype`, `handler`, `lookuphandler`, `lookupkey`, `lookupvalue`, `vardatatype`, `lovname`) VALUES ('ACTPARAM59614e16:14c5e56ecc8:-7f0a', 'RULADEF59614e16:14c5e56ecc8:-7f1c', 'expr', '2', 'Computation', NULL, 'expression', NULL, NULL, NULL, NULL, NULL);
INSERT INTO `sys_rule_actiondef_param` (`objid`, `parentid`, `name`, `sortorder`, `title`, `datatype`, `handler`, `lookuphandler`, `lookupkey`, `lookupvalue`, `vardatatype`, `lovname`) VALUES ('ACTPARAM59614e16:14c5e56ecc8:-7f11', 'RULADEF59614e16:14c5e56ecc8:-7f1c', 'miscitem', '1', 'Miscelleneous Item', NULL, 'var', NULL, NULL, NULL, 'rptis.misc.facts.MiscItem', NULL);
INSERT INTO `sys_rule_actiondef_param` (`objid`, `parentid`, `name`, `sortorder`, `title`, `datatype`, `handler`, `lookuphandler`, `lookupkey`, `lookupvalue`, `vardatatype`, `lovname`) VALUES ('ACTPARAM59614e16:14c5e56ecc8:-7f30', 'RULADEF59614e16:14c5e56ecc8:-7f42', 'expr', '2', 'Computation', NULL, 'expression', NULL, NULL, NULL, NULL, NULL);
INSERT INTO `sys_rule_actiondef_param` (`objid`, `parentid`, `name`, `sortorder`, `title`, `datatype`, `handler`, `lookuphandler`, `lookupkey`, `lookupvalue`, `vardatatype`, `lovname`) VALUES ('ACTPARAM59614e16:14c5e56ecc8:-7f37', 'RULADEF59614e16:14c5e56ecc8:-7f42', 'miscitem', '1', 'Miscellaneous Item', NULL, 'var', NULL, NULL, NULL, 'rptis.misc.facts.MiscItem', NULL);
INSERT INTO `sys_rule_actiondef_param` (`objid`, `parentid`, `name`, `sortorder`, `title`, `datatype`, `handler`, `lookuphandler`, `lookupkey`, `lookupvalue`, `vardatatype`, `lovname`) VALUES ('ACTPARAM59614e16:14c5e56ecc8:-7f55', 'RULADEF59614e16:14c5e56ecc8:-7f6b', 'expr', '2', 'Computation', NULL, 'expression', NULL, NULL, NULL, NULL, NULL);
INSERT INTO `sys_rule_actiondef_param` (`objid`, `parentid`, `name`, `sortorder`, `title`, `datatype`, `handler`, `lookuphandler`, `lookupkey`, `lookupvalue`, `vardatatype`, `lovname`) VALUES ('ACTPARAM59614e16:14c5e56ecc8:-7f5e', 'RULADEF59614e16:14c5e56ecc8:-7f6b', 'miscitem', '1', 'Miscellaneous Item', NULL, 'var', NULL, NULL, NULL, 'rptis.misc.facts.MiscItem', NULL);
INSERT INTO `sys_rule_actiondef_param` (`objid`, `parentid`, `name`, `sortorder`, `title`, `datatype`, `handler`, `lookuphandler`, `lookupkey`, `lookupvalue`, `vardatatype`, `lovname`) VALUES ('ACTPARAM5022d8ba:1589ae965a4:-7aee', 'RULADEF5022d8ba:1589ae965a4:-7b0e', 'planttreedetail', '1', 'Plant/Tree', NULL, 'var', NULL, NULL, NULL, 'rptis.planttree.facts.PlantTreeDetail', NULL);
INSERT INTO `sys_rule_actiondef_param` (`objid`, `parentid`, `name`, `sortorder`, `title`, `datatype`, `handler`, `lookuphandler`, `lookupkey`, `lookupvalue`, `vardatatype`, `lovname`) VALUES ('ACTPARAM6b62feef:14c53ac1f59:-7e1c', 'RULADEF6b62feef:14c53ac1f59:-7e2c', 'expr', '2', 'Computation', NULL, 'expression', NULL, NULL, NULL, NULL, NULL);
INSERT INTO `sys_rule_actiondef_param` (`objid`, `parentid`, `name`, `sortorder`, `title`, `datatype`, `handler`, `lookuphandler`, `lookupkey`, `lookupvalue`, `vardatatype`, `lovname`) VALUES ('ACTPARAM6b62feef:14c53ac1f59:-7e23', 'RULADEF6b62feef:14c53ac1f59:-7e2c', 'planttreedetail', '1', 'Plant/Tree Appraisal', NULL, 'var', NULL, NULL, NULL, 'rptis.planttree.facts.PlantTreeDetail', NULL);
INSERT INTO `sys_rule_actiondef_param` (`objid`, `parentid`, `name`, `sortorder`, `title`, `datatype`, `handler`, `lookuphandler`, `lookupkey`, `lookupvalue`, `vardatatype`, `lovname`) VALUES ('ACTPARAM6b62feef:14c53ac1f59:-7e48', 'RULADEF6b62feef:14c53ac1f59:-7e59', 'expr', '2', 'Computation', NULL, 'expression', NULL, NULL, NULL, NULL, NULL);
INSERT INTO `sys_rule_actiondef_param` (`objid`, `parentid`, `name`, `sortorder`, `title`, `datatype`, `handler`, `lookuphandler`, `lookupkey`, `lookupvalue`, `vardatatype`, `lovname`) VALUES ('ACTPARAM6b62feef:14c53ac1f59:-7e4f', 'RULADEF6b62feef:14c53ac1f59:-7e59', 'planttreedetail', '1', 'Plant/Tree Appraisal', NULL, 'var', NULL, NULL, NULL, 'rptis.planttree.facts.PlantTreeDetail', NULL);
INSERT INTO `sys_rule_actiondef_param` (`objid`, `parentid`, `name`, `sortorder`, `title`, `datatype`, `handler`, `lookuphandler`, `lookupkey`, `lookupvalue`, `vardatatype`, `lovname`) VALUES ('ACTPARAM6b62feef:14c53ac1f59:-7e6d', 'RULADEF6b62feef:14c53ac1f59:-7e83', 'expr', '2', 'Computation', NULL, 'expression', NULL, NULL, NULL, NULL, NULL);
INSERT INTO `sys_rule_actiondef_param` (`objid`, `parentid`, `name`, `sortorder`, `title`, `datatype`, `handler`, `lookuphandler`, `lookupkey`, `lookupvalue`, `vardatatype`, `lovname`) VALUES ('ACTPARAM6b62feef:14c53ac1f59:-7e74', 'RULADEF6b62feef:14c53ac1f59:-7e83', 'planttreedetail', '1', 'Plant/Tree Appraisal', NULL, 'var', NULL, NULL, NULL, 'rptis.planttree.facts.PlantTreeDetail', NULL);
INSERT INTO `sys_rule_actiondef_param` (`objid`, `parentid`, `name`, `sortorder`, `title`, `datatype`, `handler`, `lookuphandler`, `lookupkey`, `lookupvalue`, `vardatatype`, `lovname`) VALUES ('ACTPARAM6b62feef:14c53ac1f59:-7e90', 'RULADEF6b62feef:14c53ac1f59:-7ea2', 'expr', '2', 'Computation', NULL, 'expression', NULL, NULL, NULL, NULL, NULL);
INSERT INTO `sys_rule_actiondef_param` (`objid`, `parentid`, `name`, `sortorder`, `title`, `datatype`, `handler`, `lookuphandler`, `lookupkey`, `lookupvalue`, `vardatatype`, `lovname`) VALUES ('ACTPARAM6b62feef:14c53ac1f59:-7e97', 'RULADEF6b62feef:14c53ac1f59:-7ea2', 'planttreedetail', '1', 'Plant/Tree Appraisal', NULL, 'var', NULL, NULL, NULL, 'rptis.planttree.facts.PlantTreeDetail', NULL);
INSERT INTO `sys_rule_actiondef_param` (`objid`, `parentid`, `name`, `sortorder`, `title`, `datatype`, `handler`, `lookuphandler`, `lookupkey`, `lookupvalue`, `vardatatype`, `lovname`) VALUES ('treasury.actions.AddRevenueShareByOrg.amount', 'treasury.actions.AddRevenueShare', 'amount', '4', 'Amount', NULL, 'expression', NULL, NULL, NULL, NULL, NULL);
INSERT INTO `sys_rule_actiondef_param` (`objid`, `parentid`, `name`, `sortorder`, `title`, `datatype`, `handler`, `lookuphandler`, `lookupkey`, `lookupvalue`, `vardatatype`, `lovname`) VALUES ('treasury.actions.AddRevenueShareByOrg.org', 'treasury.actions.AddRevenueShare', 'org', '3', 'Org', NULL, 'var', NULL, NULL, NULL, 'enterprise.facts.Org', NULL);
INSERT INTO `sys_rule_actiondef_param` (`objid`, `parentid`, `name`, `sortorder`, `title`, `datatype`, `handler`, `lookuphandler`, `lookupkey`, `lookupvalue`, `vardatatype`, `lovname`) VALUES ('treasury.actions.AddRevenueShareByOrg.payableaccount', 'treasury.actions.AddRevenueShare', 'payableaccount', '2', 'Payable Account', NULL, 'lookup', 'payableaccount:lookup', 'objid', 'title', 'string', NULL);
INSERT INTO `sys_rule_actiondef_param` (`objid`, `parentid`, `name`, `sortorder`, `title`, `datatype`, `handler`, `lookuphandler`, `lookupkey`, `lookupvalue`, `vardatatype`, `lovname`) VALUES ('treasury.actions.AddRevenueShareByOrg.refitem', 'treasury.actions.AddRevenueShare', 'refitem', '1', 'Ref Item', NULL, 'var', 'revenueitem:lookup', 'objid', 'title', 'treasury.facts.AbstractBillItem', NULL);
INSERT INTO `sys_rule_actiondef_param` (`objid`, `parentid`, `name`, `sortorder`, `title`, `datatype`, `handler`, `lookuphandler`, `lookupkey`, `lookupvalue`, `vardatatype`, `lovname`) VALUES ('ACTPARAM-585c89e6:16156f39eeb:-7793', 'RULADEF-585c89e6:16156f39eeb:-77aa', 'rptledgeritem', '1', 'Ledger Item', NULL, 'var', NULL, NULL, NULL, 'rptis.landtax.facts.RPTLedgerItemFact', NULL);
INSERT INTO `sys_rule_actiondef_param` (`objid`, `parentid`, `name`, `sortorder`, `title`, `datatype`, `handler`, `lookuphandler`, `lookupkey`, `lookupvalue`, `vardatatype`, `lovname`) VALUES ('ACTPARAM-585c89e6:16156f39eeb:-7d7e', 'RULADEF-585c89e6:16156f39eeb:-7dcb', 'rptledgeritem', '1', 'Ledger Item', NULL, 'var', NULL, NULL, NULL, 'rptis.landtax.facts.RPTLedgerItemFact', NULL);
INSERT INTO `sys_rule_actiondef_param` (`objid`, `parentid`, `name`, `sortorder`, `title`, `datatype`, `handler`, `lookuphandler`, `lookupkey`, `lookupvalue`, `vardatatype`, `lovname`) VALUES ('ACTPARAM-66032c9:16155c11111:-7bac', 'RULADEF-66032c9:16155c11111:-7c6a', 'rptledgeritem', '1', 'Ledger Item', NULL, 'var', NULL, NULL, NULL, 'rptis.landtax.facts.RPTLedgerItemFact', NULL);
INSERT INTO `sys_rule_actiondef_param` (`objid`, `parentid`, `name`, `sortorder`, `title`, `datatype`, `handler`, `lookuphandler`, `lookupkey`, `lookupvalue`, `vardatatype`, `lovname`) VALUES ('ACTPARAM-78fba29f:161df51b937:-53f6', 'RULADEF-78fba29f:161df51b937:-7089', 'orgid', '3', 'Org', NULL, 'var', 'org:lookup', 'objid', 'name', 'String', NULL);
INSERT INTO `sys_rule_actiondef_param` (`objid`, `parentid`, `name`, `sortorder`, `title`, `datatype`, `handler`, `lookuphandler`, `lookupkey`, `lookupvalue`, `vardatatype`, `lovname`) VALUES ('ACTPARAM-78fba29f:161df51b937:-7024', 'RULADEF-78fba29f:161df51b937:-7089', 'amtdue', '5', 'Amount Due', NULL, 'expression', NULL, NULL, NULL, NULL, NULL);
INSERT INTO `sys_rule_actiondef_param` (`objid`, `parentid`, `name`, `sortorder`, `title`, `datatype`, `handler`, `lookuphandler`, `lookupkey`, `lookupvalue`, `vardatatype`, `lovname`) VALUES ('ACTPARAM-78fba29f:161df51b937:-7031', 'RULADEF-78fba29f:161df51b937:-7089', 'payableparentacct', '4', 'Payable Account', NULL, 'lookup', 'cashreceiptitem:lookup', 'objid', 'title', NULL, NULL);
INSERT INTO `sys_rule_actiondef_param` (`objid`, `parentid`, `name`, `sortorder`, `title`, `datatype`, `handler`, `lookuphandler`, `lookupkey`, `lookupvalue`, `vardatatype`, `lovname`) VALUES ('ACTPARAM-78fba29f:161df51b937:-7046', 'RULADEF-78fba29f:161df51b937:-7089', 'orgclass', '2', 'Share Type', NULL, 'lov', NULL, NULL, NULL, NULL, 'RPT_BILLING_LGU_TYPES');
INSERT INTO `sys_rule_actiondef_param` (`objid`, `parentid`, `name`, `sortorder`, `title`, `datatype`, `handler`, `lookuphandler`, `lookupkey`, `lookupvalue`, `vardatatype`, `lovname`) VALUES ('ACTPARAM-78fba29f:161df51b937:-706a', 'RULADEF-78fba29f:161df51b937:-7089', 'billitem', '1', 'Bill Item', NULL, 'var', NULL, NULL, NULL, 'rptis.landtax.facts.RPTBillItem', NULL);
INSERT INTO `sys_rule_actiondef_param` (`objid`, `parentid`, `name`, `sortorder`, `title`, `datatype`, `handler`, `lookuphandler`, `lookupkey`, `lookupvalue`, `vardatatype`, `lovname`) VALUES ('ACTPARAM1ef00448:161e1e4995a:-5473', 'RULADEF-78fba29f:161df51b937:-7089', 'rate', '6', 'Share (decimal)', NULL, 'expression', NULL, NULL, NULL, NULL, NULL);
INSERT INTO `sys_rule_actiondef_param` (`objid`, `parentid`, `name`, `sortorder`, `title`, `datatype`, `handler`, `lookuphandler`, `lookupkey`, `lookupvalue`, `vardatatype`, `lovname`) VALUES ('ACTPARAM-78fba29f:161df51b937:-7357', 'RULADEF-78fba29f:161df51b937:-7568', 'taxsummary', '1', 'Tax Summary', NULL, 'var', NULL, NULL, NULL, 'rptis.landtax.facts.RPTLedgerTaxSummaryFact', NULL);
INSERT INTO `sys_rule_actiondef_param` (`objid`, `parentid`, `name`, `sortorder`, `title`, `datatype`, `handler`, `lookuphandler`, `lookupkey`, `lookupvalue`, `vardatatype`, `lovname`) VALUES ('ACTPARAM1be07afa:1452a9809e9:-6948', 'RULADEF1be07afa:1452a9809e9:-6958', 'var', '3', 'Variable Name', NULL, 'lookup', 'rptparameter:lookup', 'name', 'name', NULL, '');
INSERT INTO `sys_rule_actiondef_param` (`objid`, `parentid`, `name`, `sortorder`, `title`, `datatype`, `handler`, `lookuphandler`, `lookupkey`, `lookupvalue`, `vardatatype`, `lovname`) VALUES ('ACTPARAM1be07afa:1452a9809e9:-694f', 'RULADEF1be07afa:1452a9809e9:-6958', 'rptledgeritem', '1', 'RPT Ledger Item', '', 'var', '', '', '', 'rptis.landtax.facts.RPTLedgerItemFact', '');
INSERT INTO `sys_rule_actiondef_param` (`objid`, `parentid`, `name`, `sortorder`, `title`, `datatype`, `handler`, `lookuphandler`, `lookupkey`, `lookupvalue`, `vardatatype`, `lovname`) VALUES ('ACTPARAM649122d9:1463c83c30a:-7f1e', 'RULADEF1be07afa:1452a9809e9:-6958', 'revperiod', '2', 'Revenue Period', NULL, 'lov', NULL, NULL, NULL, NULL, 'RPT_REVENUE_PERIODS');
INSERT INTO `sys_rule_actiondef_param` (`objid`, `parentid`, `name`, `sortorder`, `title`, `datatype`, `handler`, `lookuphandler`, `lookupkey`, `lookupvalue`, `vardatatype`, `lovname`) VALUES ('ACTPARAM1fcd83ed:149bc7d0f75:-7d25', 'RULADEF1fcd83ed:149bc7d0f75:-7d4b', 'rptledgeritem', '1', 'Ledger Item', NULL, 'var', NULL, NULL, NULL, 'rptis.landtax.facts.RPTLedgerItemFact', NULL);
INSERT INTO `sys_rule_actiondef_param` (`objid`, `parentid`, `name`, `sortorder`, `title`, `datatype`, `handler`, `lookuphandler`, `lookupkey`, `lookupvalue`, `vardatatype`, `lovname`) VALUES ('ACTPARAM5b84d618:1615428187f:-68cf', 'RULADEF5b84d618:1615428187f:-6904', 'expr', '2', 'Computation', NULL, 'expression', NULL, NULL, NULL, NULL, NULL);
INSERT INTO `sys_rule_actiondef_param` (`objid`, `parentid`, `name`, `sortorder`, `title`, `datatype`, `handler`, `lookuphandler`, `lookupkey`, `lookupvalue`, `vardatatype`, `lovname`) VALUES ('ACTPARAM5b84d618:1615428187f:-68e9', 'RULADEF5b84d618:1615428187f:-6904', 'rptledgeritem', '1', 'Ledger Item', NULL, 'var', NULL, NULL, NULL, 'rptis.landtax.facts.RPTLedgerItemFact', NULL);
INSERT INTO `sys_rule_actiondef_param` (`objid`, `parentid`, `name`, `sortorder`, `title`, `datatype`, `handler`, `lookuphandler`, `lookupkey`, `lookupvalue`, `vardatatype`, `lovname`) VALUES ('ACTPARAM5d750d7e:161889cc785:-7bcf', 'RULADEF5d750d7e:161889cc785:-7d47', 'expr', '2', 'Expiry Date', NULL, 'expression', NULL, NULL, NULL, NULL, NULL);
INSERT INTO `sys_rule_actiondef_param` (`objid`, `parentid`, `name`, `sortorder`, `title`, `datatype`, `handler`, `lookuphandler`, `lookupkey`, `lookupvalue`, `vardatatype`, `lovname`) VALUES ('ACTPARAM5d750d7e:161889cc785:-7bef', 'RULADEF5d750d7e:161889cc785:-7d47', 'bill', '1', 'Bill', NULL, 'var', NULL, NULL, NULL, 'rptis.landtax.facts.Bill', NULL);
INSERT INTO `sys_rule_actiondef_param` (`objid`, `parentid`, `name`, `sortorder`, `title`, `datatype`, `handler`, `lookuphandler`, `lookupkey`, `lookupvalue`, `vardatatype`, `lovname`) VALUES ('ACTPARAM634d9a3c:161503ff1dc:-6f9f', 'RULADEF634d9a3c:161503ff1dc:-707a', 'expr', '2', 'Computation', NULL, 'expression', NULL, NULL, NULL, NULL, NULL);
INSERT INTO `sys_rule_actiondef_param` (`objid`, `parentid`, `name`, `sortorder`, `title`, `datatype`, `handler`, `lookuphandler`, `lookupkey`, `lookupvalue`, `vardatatype`, `lovname`) VALUES ('ACTPARAM634d9a3c:161503ff1dc:-6fb7', 'RULADEF634d9a3c:161503ff1dc:-707a', 'rptledgeritem', '1', 'Ledger Item', NULL, 'var', NULL, NULL, NULL, 'rptis.landtax.facts.RPTLedgerItemFact', NULL);
INSERT INTO `sys_rule_actiondef_param` (`objid`, `parentid`, `name`, `sortorder`, `title`, `datatype`, `handler`, `lookuphandler`, `lookupkey`, `lookupvalue`, `vardatatype`, `lovname`) VALUES ('ACTPARAM-59249a93:1614f57bd58:-7d94', 'RULADEF-59249a93:1614f57bd58:-7db8', 'av', '3', 'AV', NULL, 'expression', NULL, NULL, NULL, NULL, NULL);
INSERT INTO `sys_rule_actiondef_param` (`objid`, `parentid`, `name`, `sortorder`, `title`, `datatype`, `handler`, `lookuphandler`, `lookupkey`, `lookupvalue`, `vardatatype`, `lovname`) VALUES ('ACTPARAM-59249a93:1614f57bd58:-7d9b', 'RULADEF-59249a93:1614f57bd58:-7db8', 'year', '2', 'Year', NULL, 'var', NULL, NULL, NULL, 'integer', NULL);
INSERT INTO `sys_rule_actiondef_param` (`objid`, `parentid`, `name`, `sortorder`, `title`, `datatype`, `handler`, `lookuphandler`, `lookupkey`, `lookupvalue`, `vardatatype`, `lovname`) VALUES ('ACTPARAM-59249a93:1614f57bd58:-7da4', 'RULADEF-59249a93:1614f57bd58:-7db8', 'avfact', '1', 'AV Info', NULL, 'var', NULL, NULL, NULL, 'rptis.landtax.facts.AssessedValue', NULL);
INSERT INTO `sys_rule_actiondef_param` (`objid`, `parentid`, `name`, `sortorder`, `title`, `datatype`, `handler`, `lookuphandler`, `lookupkey`, `lookupvalue`, `vardatatype`, `lovname`) VALUES ('ACTPARAM-5ed6c5b0:16145892be0:-6966', 'RULADEF-5ed6c5b0:16145892be0:-6988', 'av', '3', 'AV', NULL, 'expression', NULL, NULL, NULL, NULL, NULL);
INSERT INTO `sys_rule_actiondef_param` (`objid`, `parentid`, `name`, `sortorder`, `title`, `datatype`, `handler`, `lookuphandler`, `lookupkey`, `lookupvalue`, `vardatatype`, `lovname`) VALUES ('ACTPARAM-5ed6c5b0:16145892be0:-696d', 'RULADEF-5ed6c5b0:16145892be0:-6988', 'year', '2', 'Year', NULL, 'var', NULL, NULL, NULL, 'integer', NULL);
INSERT INTO `sys_rule_actiondef_param` (`objid`, `parentid`, `name`, `sortorder`, `title`, `datatype`, `handler`, `lookuphandler`, `lookupkey`, `lookupvalue`, `vardatatype`, `lovname`) VALUES ('ACTPARAM-5ed6c5b0:16145892be0:-6975', 'RULADEF-5ed6c5b0:16145892be0:-6988', 'avfact', '1', 'AV Info', NULL, 'var', NULL, NULL, NULL, 'rptis.landtax.facts.AssessedValue', NULL);
INSERT INTO `sys_rule_actiondef_param` (`objid`, `parentid`, `name`, `sortorder`, `title`, `datatype`, `handler`, `lookuphandler`, `lookupkey`, `lookupvalue`, `vardatatype`, `lovname`) VALUES ('ACTPARAM-5ed6c5b0:16145892be0:-7cef', 'RULADEF-5ed6c5b0:16145892be0:-7d18', 'av', '3', 'AV', NULL, 'expression', NULL, NULL, NULL, NULL, NULL);
INSERT INTO `sys_rule_actiondef_param` (`objid`, `parentid`, `name`, `sortorder`, `title`, `datatype`, `handler`, `lookuphandler`, `lookupkey`, `lookupvalue`, `vardatatype`, `lovname`) VALUES ('ACTPARAM-5ed6c5b0:16145892be0:-7cfd', 'RULADEF-5ed6c5b0:16145892be0:-7d18', 'year', '2', 'Year', NULL, 'var', NULL, NULL, NULL, 'integer', NULL);
INSERT INTO `sys_rule_actiondef_param` (`objid`, `parentid`, `name`, `sortorder`, `title`, `datatype`, `handler`, `lookuphandler`, `lookupkey`, `lookupvalue`, `vardatatype`, `lovname`) VALUES ('ACTPARAM-5ed6c5b0:16145892be0:-7d06', 'RULADEF-5ed6c5b0:16145892be0:-7d18', 'avfact', '1', 'AV Info', NULL, 'var', NULL, NULL, NULL, 'rptis.landtax.facts.AssessedValue', NULL);
INSERT INTO `sys_rule_actiondef_param` (`objid`, `parentid`, `name`, `sortorder`, `title`, `datatype`, `handler`, `lookuphandler`, `lookupkey`, `lookupvalue`, `vardatatype`, `lovname`) VALUES ('ACTPARAM-7c494b7d:161d65781c4:-7c2a', 'RULADEF-7c494b7d:161d65781c4:-7cb4', 'av', '3', 'AV', NULL, 'expression', NULL, NULL, NULL, NULL, NULL);
INSERT INTO `sys_rule_actiondef_param` (`objid`, `parentid`, `name`, `sortorder`, `title`, `datatype`, `handler`, `lookuphandler`, `lookupkey`, `lookupvalue`, `vardatatype`, `lovname`) VALUES ('ACTPARAM-7c494b7d:161d65781c4:-7c31', 'RULADEF-7c494b7d:161d65781c4:-7cb4', 'year', '2', 'Year', NULL, 'var', NULL, NULL, NULL, NULL, NULL);
INSERT INTO `sys_rule_actiondef_param` (`objid`, `parentid`, `name`, `sortorder`, `title`, `datatype`, `handler`, `lookuphandler`, `lookupkey`, `lookupvalue`, `vardatatype`, `lovname`) VALUES ('ACTPARAM-7c494b7d:161d65781c4:-7c3a', 'RULADEF-7c494b7d:161d65781c4:-7cb4', 'avfact', '1', 'AV Info', NULL, 'var', NULL, NULL, NULL, 'rptis.landtax.facts.AssessedValue', NULL);
INSERT INTO `sys_rule_actiondef_param` (`objid`, `parentid`, `name`, `sortorder`, `title`, `datatype`, `handler`, `lookuphandler`, `lookupkey`, `lookupvalue`, `vardatatype`, `lovname`) VALUES ('ACTPARAM-7c494b7d:161d65781c4:-7d48', 'RULADEF-7c494b7d:161d65781c4:-7d6a', 'av', '3', 'AV', NULL, 'expression', NULL, NULL, NULL, NULL, NULL);
INSERT INTO `sys_rule_actiondef_param` (`objid`, `parentid`, `name`, `sortorder`, `title`, `datatype`, `handler`, `lookuphandler`, `lookupkey`, `lookupvalue`, `vardatatype`, `lovname`) VALUES ('ACTPARAM-7c494b7d:161d65781c4:-7d4f', 'RULADEF-7c494b7d:161d65781c4:-7d6a', 'year', '2', 'Year', NULL, 'var', NULL, NULL, NULL, NULL, NULL);
INSERT INTO `sys_rule_actiondef_param` (`objid`, `parentid`, `name`, `sortorder`, `title`, `datatype`, `handler`, `lookuphandler`, `lookupkey`, `lookupvalue`, `vardatatype`, `lovname`) VALUES ('ACTPARAM-7c494b7d:161d65781c4:-7d57', 'RULADEF-7c494b7d:161d65781c4:-7d6a', 'avfact', '1', 'AV Info', NULL, 'var', NULL, NULL, NULL, 'rptis.landtax.facts.AssessedValue', NULL);
INSERT INTO `sys_rule_actiondef_param` (`objid`, `parentid`, `name`, `sortorder`, `title`, `datatype`, `handler`, `lookuphandler`, `lookupkey`, `lookupvalue`, `vardatatype`, `lovname`) VALUES ('ACTPARAM634d9a3c:161503ff1dc:-7848', 'RULADEF634d9a3c:161503ff1dc:-787a', 'expr', '2', 'Computation', NULL, 'expression', NULL, NULL, NULL, NULL, NULL);
INSERT INTO `sys_rule_actiondef_param` (`objid`, `parentid`, `name`, `sortorder`, `title`, `datatype`, `handler`, `lookuphandler`, `lookupkey`, `lookupvalue`, `vardatatype`, `lovname`) VALUES ('ACTPARAM634d9a3c:161503ff1dc:-7860', 'RULADEF634d9a3c:161503ff1dc:-787a', 'rptledgeritem', '1', 'Ledger Item', NULL, 'var', NULL, NULL, NULL, 'rptis.landtax.facts.RPTLedgerItemFact', NULL);
INSERT INTO `sys_rule_actiondef_param` (`objid`, `parentid`, `name`, `sortorder`, `title`, `datatype`, `handler`, `lookuphandler`, `lookupkey`, `lookupvalue`, `vardatatype`, `lovname`) VALUES ('ACTPARAM6d66cc31:1446cc9522e:-7d3c', 'RULADEF6d66cc31:1446cc9522e:-7d56', 'requirementtype', '1', 'Requirement Type', NULL, 'lookup', 'rptrequirementtype:lookup', 'objid', 'name', NULL, NULL);

INSERT INTO `sys_ruleset_actiondef` (`ruleset`, `actiondef`) VALUES ('bldgassessment', 'RULADEF-2486b0ca:146fff66c3e:-3151');
INSERT INTO `sys_ruleset_actiondef` (`ruleset`, `actiondef`) VALUES ('bldgassessment', 'RULADEF-2486b0ca:146fff66c3e:-4365');
INSERT INTO `sys_ruleset_actiondef` (`ruleset`, `actiondef`) VALUES ('bldgassessment', 'RULADEF-2486b0ca:146fff66c3e:-4807');
INSERT INTO `sys_ruleset_actiondef` (`ruleset`, `actiondef`) VALUES ('bldgassessment', 'RULADEF-2486b0ca:146fff66c3e:-5573');
INSERT INTO `sys_ruleset_actiondef` (`ruleset`, `actiondef`) VALUES ('bldgassessment', 'RULADEF-2486b0ca:146fff66c3e:-619b');
INSERT INTO `sys_ruleset_actiondef` (`ruleset`, `actiondef`) VALUES ('bldgassessment', 'RULADEF-2486b0ca:146fff66c3e:-723b');
INSERT INTO `sys_ruleset_actiondef` (`ruleset`, `actiondef`) VALUES ('bldgassessment', 'RULADEF-2486b0ca:146fff66c3e:-79a8');
INSERT INTO `sys_ruleset_actiondef` (`ruleset`, `actiondef`) VALUES ('bldgassessment', 'RULADEF-2486b0ca:146fff66c3e:-7a02');
INSERT INTO `sys_ruleset_actiondef` (`ruleset`, `actiondef`) VALUES ('bldgassessment', 'RULADEF-2486b0ca:146fff66c3e:-7ce5');
INSERT INTO `sys_ruleset_actiondef` (`ruleset`, `actiondef`) VALUES ('bldgassessment', 'RULADEF-39192c48:1471ebc2797:-7dae');
INSERT INTO `sys_ruleset_actiondef` (`ruleset`, `actiondef`) VALUES ('bldgassessment', 'RULADEF-39192c48:1471ebc2797:-7dee');
INSERT INTO `sys_ruleset_actiondef` (`ruleset`, `actiondef`) VALUES ('bldgassessment', 'RULADEF-3e8edbea:156bc08656a:-6112');
INSERT INTO `sys_ruleset_actiondef` (`ruleset`, `actiondef`) VALUES ('bldgassessment', 'RULADEF-60c99d04:1470b276e7f:-7c52');
INSERT INTO `sys_ruleset_actiondef` (`ruleset`, `actiondef`) VALUES ('bldgassessment', 'RULADEF1441128c:1471efa4c1c:-69a5');
INSERT INTO `sys_ruleset_actiondef` (`ruleset`, `actiondef`) VALUES ('bldgassessment', 'RULADEF1b4af871:14e3cc46e09:-344d');
INSERT INTO `sys_ruleset_actiondef` (`ruleset`, `actiondef`) VALUES ('bldgassessment', 'RULADEF23f2d934:14719fd6b68:-725b');
INSERT INTO `sys_ruleset_actiondef` (`ruleset`, `actiondef`) VALUES ('bldgassessment', 'RULADEF36885e11:150188b0d78:-7e0c');
INSERT INTO `sys_ruleset_actiondef` (`ruleset`, `actiondef`) VALUES ('bldgassessment', 'RULADEF3e2b89cb:146ff734573:-7c47');
INSERT INTO `sys_ruleset_actiondef` (`ruleset`, `actiondef`) VALUES ('bldgassessment', 'RULADEF57c48737:1472331021e:-7f84');
INSERT INTO `sys_ruleset_actiondef` (`ruleset`, `actiondef`) VALUES ('bldgassessment', 'RULADEF7efff901:15104440241:-7de4');
INSERT INTO `sys_ruleset_actiondef` (`ruleset`, `actiondef`) VALUES ('bpassessment', 'RULADEF-2ead5abf:1419bd607e6:-7fd9');
INSERT INTO `sys_ruleset_actiondef` (`ruleset`, `actiondef`) VALUES ('bpassessment', 'RULADEF-4a532d76:141ff563063:-7ef4');
INSERT INTO `sys_ruleset_actiondef` (`ruleset`, `actiondef`) VALUES ('bpassessment', 'RULADEF-627533eb:141ed7a179f:-7d7d');
INSERT INTO `sys_ruleset_actiondef` (`ruleset`, `actiondef`) VALUES ('bpassessment', 'RULADEF-62a762db:14201d65080:-7576');
INSERT INTO `sys_ruleset_actiondef` (`ruleset`, `actiondef`) VALUES ('bpassessment', 'RULADEF-67ecfd73:141f2b84ce7:-743c');
INSERT INTO `sys_ruleset_actiondef` (`ruleset`, `actiondef`) VALUES ('bpassessment', 'RULADEF-67ecfd73:141f2b84ce7:-7b54');
INSERT INTO `sys_ruleset_actiondef` (`ruleset`, `actiondef`) VALUES ('bpassessment', 'RULADEF-738e3cc6:14459101d11:-6b0b');
INSERT INTO `sys_ruleset_actiondef` (`ruleset`, `actiondef`) VALUES ('bpassessment', 'RULADEF33e8cb24:1423c4b40b2:-6aeb');
INSERT INTO `sys_ruleset_actiondef` (`ruleset`, `actiondef`) VALUES ('bpassessment', 'RULADEF33e8cb24:1423c4b40b2:-7f34');
INSERT INTO `sys_ruleset_actiondef` (`ruleset`, `actiondef`) VALUES ('bpassessment', 'RULADEF367174cc:141a62bd0d8:-4486');
INSERT INTO `sys_ruleset_actiondef` (`ruleset`, `actiondef`) VALUES ('bpassessment', 'RULADEF72bb01b1:141b1fdca80:-7e34');
INSERT INTO `sys_ruleset_actiondef` (`ruleset`, `actiondef`) VALUES ('bpassessment', 'RULADEF73d37911:141edb9db9a:-7f30');
INSERT INTO `sys_ruleset_actiondef` (`ruleset`, `actiondef`) VALUES ('bpbilling', 'RULADEF-2889615e:142fa67fc85:-7b7c');
INSERT INTO `sys_ruleset_actiondef` (`ruleset`, `actiondef`) VALUES ('bpbilling', 'RULADEF-62a762db:14201d65080:-7576');
INSERT INTO `sys_ruleset_actiondef` (`ruleset`, `actiondef`) VALUES ('bpbilling', 'RULADEF-66879e9a:1422b236b58:-7d0f');
INSERT INTO `sys_ruleset_actiondef` (`ruleset`, `actiondef`) VALUES ('bpbilling', 'RULADEF-66879e9a:1422b236b58:-7d24');
INSERT INTO `sys_ruleset_actiondef` (`ruleset`, `actiondef`) VALUES ('bpbilling', 'RULADEF-6960d46:146ef7fe055:-7722');
INSERT INTO `sys_ruleset_actiondef` (`ruleset`, `actiondef`) VALUES ('bpbilling', 'RULADEF-7438e141:1481e925549:-7fb5');
INSERT INTO `sys_ruleset_actiondef` (`ruleset`, `actiondef`) VALUES ('bpbilling', 'RULADEF-fd840f:146ad32de46:-71f2');
INSERT INTO `sys_ruleset_actiondef` (`ruleset`, `actiondef`) VALUES ('bpbilling', 'RULADEF50ef92c8:147420ae632:-7be3');
INSERT INTO `sys_ruleset_actiondef` (`ruleset`, `actiondef`) VALUES ('bpbilling', 'RULADEF7ee0ab5e:141b6a15885:-7f52');
INSERT INTO `sys_ruleset_actiondef` (`ruleset`, `actiondef`) VALUES ('bpinfo', 'RULADEF-4a532d76:141ff563063:-7ef4');
INSERT INTO `sys_ruleset_actiondef` (`ruleset`, `actiondef`) VALUES ('bpinfo', 'RULADEF-62a762db:14201d65080:-7576');
INSERT INTO `sys_ruleset_actiondef` (`ruleset`, `actiondef`) VALUES ('bpinfo', 'RULADEF-67ecfd73:141f2b84ce7:-7b54');
INSERT INTO `sys_ruleset_actiondef` (`ruleset`, `actiondef`) VALUES ('bpinfo', 'RULADEF367174cc:141a62bd0d8:-4486');
INSERT INTO `sys_ruleset_actiondef` (`ruleset`, `actiondef`) VALUES ('bprequirement', 'RULADEF-4a532d76:141ff563063:-7ef4');
INSERT INTO `sys_ruleset_actiondef` (`ruleset`, `actiondef`) VALUES ('landassessment', 'RULADEF-128a4cad:146f96a678e:-7efa');
INSERT INTO `sys_ruleset_actiondef` (`ruleset`, `actiondef`) VALUES ('landassessment', 'RULADEF-21ad68c1:146fc2282bb:-7b6e');
INSERT INTO `sys_ruleset_actiondef` (`ruleset`, `actiondef`) VALUES ('landassessment', 'RULADEF-3e8edbea:156bc08656a:-6112');
INSERT INTO `sys_ruleset_actiondef` (`ruleset`, `actiondef`) VALUES ('landassessment', 'RULADEF-46fca07e:14c545f3e6a:-65ca');
INSERT INTO `sys_ruleset_actiondef` (`ruleset`, `actiondef`) VALUES ('landassessment', 'RULADEF-5e76cf73:14d69e9c549:-71e7');
INSERT INTO `sys_ruleset_actiondef` (`ruleset`, `actiondef`) VALUES ('landassessment', 'RULADEF-5e76cf73:14d69e9c549:-7232');
INSERT INTO `sys_ruleset_actiondef` (`ruleset`, `actiondef`) VALUES ('landassessment', 'RULADEF-5e76cf73:14d69e9c549:-72c3');
INSERT INTO `sys_ruleset_actiondef` (`ruleset`, `actiondef`) VALUES ('landassessment', 'RULADEF-5e76cf73:14d69e9c549:-7e09');
INSERT INTO `sys_ruleset_actiondef` (`ruleset`, `actiondef`) VALUES ('landassessment', 'RULADEF1b4af871:14e3cc46e09:-344d');
INSERT INTO `sys_ruleset_actiondef` (`ruleset`, `actiondef`) VALUES ('landassessment', 'RULADEF3afe51b9:146f7088d9c:-7c7b');
INSERT INTO `sys_ruleset_actiondef` (`ruleset`, `actiondef`) VALUES ('landassessment', 'RULADEF5b4ac915:147baaa06b4:-7dbe');
INSERT INTO `sys_ruleset_actiondef` (`ruleset`, `actiondef`) VALUES ('landassessment', 'RULADEF7efff901:15104440241:-7de4');
INSERT INTO `sys_ruleset_actiondef` (`ruleset`, `actiondef`) VALUES ('machassessment', 'RULADEF-3e8edbea:156bc08656a:-6112');
INSERT INTO `sys_ruleset_actiondef` (`ruleset`, `actiondef`) VALUES ('machassessment', 'RULADEF1b4af871:14e3cc46e09:-344d');
INSERT INTO `sys_ruleset_actiondef` (`ruleset`, `actiondef`) VALUES ('machassessment', 'RULADEF1e772168:14c5a447e35:-6703');
INSERT INTO `sys_ruleset_actiondef` (`ruleset`, `actiondef`) VALUES ('machassessment', 'RULADEF1e772168:14c5a447e35:-7e28');
INSERT INTO `sys_ruleset_actiondef` (`ruleset`, `actiondef`) VALUES ('machassessment', 'RULADEF1e772168:14c5a447e35:-7eaf');
INSERT INTO `sys_ruleset_actiondef` (`ruleset`, `actiondef`) VALUES ('machassessment', 'RULADEF1e772168:14c5a447e35:-7ed1');
INSERT INTO `sys_ruleset_actiondef` (`ruleset`, `actiondef`) VALUES ('machassessment', 'RULADEF7efff901:15104440241:-7de4');
INSERT INTO `sys_ruleset_actiondef` (`ruleset`, `actiondef`) VALUES ('machassessment', 'RULADEF7efff901:15104440241:5e0b');
INSERT INTO `sys_ruleset_actiondef` (`ruleset`, `actiondef`) VALUES ('machassessment', 'RULADEF7efff901:15104fb0702:3868');
INSERT INTO `sys_ruleset_actiondef` (`ruleset`, `actiondef`) VALUES ('machassessment', 'RULADEF7efff901:15104fb0702:4487');
INSERT INTO `sys_ruleset_actiondef` (`ruleset`, `actiondef`) VALUES ('machassessment', 'RULADEF7efff901:15104fb0702:4545');
INSERT INTO `sys_ruleset_actiondef` (`ruleset`, `actiondef`) VALUES ('miscassessment', 'RULADEF-3e8edbea:156bc08656a:-6112');
INSERT INTO `sys_ruleset_actiondef` (`ruleset`, `actiondef`) VALUES ('miscassessment', 'RULADEF1b4af871:14e3cc46e09:-344d');
INSERT INTO `sys_ruleset_actiondef` (`ruleset`, `actiondef`) VALUES ('miscassessment', 'RULADEF1b4af871:14e3cc46e09:-3543');
INSERT INTO `sys_ruleset_actiondef` (`ruleset`, `actiondef`) VALUES ('miscassessment', 'RULADEF1b4af871:14e3cc46e09:-358c');
INSERT INTO `sys_ruleset_actiondef` (`ruleset`, `actiondef`) VALUES ('miscassessment', 'RULADEF1b4af871:14e3cc46e09:-35cc');
INSERT INTO `sys_ruleset_actiondef` (`ruleset`, `actiondef`) VALUES ('miscassessment', 'RULADEF1b4af871:14e3cc46e09:-3612');
INSERT INTO `sys_ruleset_actiondef` (`ruleset`, `actiondef`) VALUES ('miscassessment', 'RULADEF59614e16:14c5e56ecc8:-7ef4');
INSERT INTO `sys_ruleset_actiondef` (`ruleset`, `actiondef`) VALUES ('miscassessment', 'RULADEF59614e16:14c5e56ecc8:-7f1c');
INSERT INTO `sys_ruleset_actiondef` (`ruleset`, `actiondef`) VALUES ('miscassessment', 'RULADEF59614e16:14c5e56ecc8:-7f42');
INSERT INTO `sys_ruleset_actiondef` (`ruleset`, `actiondef`) VALUES ('miscassessment', 'RULADEF59614e16:14c5e56ecc8:-7f6b');
INSERT INTO `sys_ruleset_actiondef` (`ruleset`, `actiondef`) VALUES ('miscassessment', 'RULADEF7efff901:15104440241:-7de4');
INSERT INTO `sys_ruleset_actiondef` (`ruleset`, `actiondef`) VALUES ('planttreeassessment', 'RULADEF-3e8edbea:156bc08656a:-6112');
INSERT INTO `sys_ruleset_actiondef` (`ruleset`, `actiondef`) VALUES ('planttreeassessment', 'RULADEF1b4af871:14e3cc46e09:-344d');
INSERT INTO `sys_ruleset_actiondef` (`ruleset`, `actiondef`) VALUES ('planttreeassessment', 'RULADEF5022d8ba:1589ae965a4:-7b0e');
INSERT INTO `sys_ruleset_actiondef` (`ruleset`, `actiondef`) VALUES ('planttreeassessment', 'RULADEF6b62feef:14c53ac1f59:-7e2c');
INSERT INTO `sys_ruleset_actiondef` (`ruleset`, `actiondef`) VALUES ('planttreeassessment', 'RULADEF6b62feef:14c53ac1f59:-7e59');
INSERT INTO `sys_ruleset_actiondef` (`ruleset`, `actiondef`) VALUES ('planttreeassessment', 'RULADEF6b62feef:14c53ac1f59:-7e83');
INSERT INTO `sys_ruleset_actiondef` (`ruleset`, `actiondef`) VALUES ('planttreeassessment', 'RULADEF6b62feef:14c53ac1f59:-7ea2');
INSERT INTO `sys_ruleset_actiondef` (`ruleset`, `actiondef`) VALUES ('planttreeassessment', 'RULADEF7efff901:15104440241:-7de4');
INSERT INTO `sys_ruleset_actiondef` (`ruleset`, `actiondef`) VALUES ('revenuesharing', 'treasury.actions.AddRevenueShare');
INSERT INTO `sys_ruleset_actiondef` (`ruleset`, `actiondef`) VALUES ('rptbilling', 'RULADEF-585c89e6:16156f39eeb:-77aa');
INSERT INTO `sys_ruleset_actiondef` (`ruleset`, `actiondef`) VALUES ('rptbilling', 'RULADEF-585c89e6:16156f39eeb:-7dcb');
INSERT INTO `sys_ruleset_actiondef` (`ruleset`, `actiondef`) VALUES ('rptbilling', 'RULADEF-66032c9:16155c11111:-7c6a');
INSERT INTO `sys_ruleset_actiondef` (`ruleset`, `actiondef`) VALUES ('rptbilling', 'RULADEF-78fba29f:161df51b937:-7089');
INSERT INTO `sys_ruleset_actiondef` (`ruleset`, `actiondef`) VALUES ('rptbilling', 'RULADEF-78fba29f:161df51b937:-7568');
INSERT INTO `sys_ruleset_actiondef` (`ruleset`, `actiondef`) VALUES ('rptbilling', 'RULADEF-7deff7e5:161b60a3048:-7212');
INSERT INTO `sys_ruleset_actiondef` (`ruleset`, `actiondef`) VALUES ('rptbilling', 'RULADEF1be07afa:1452a9809e9:-6958');
INSERT INTO `sys_ruleset_actiondef` (`ruleset`, `actiondef`) VALUES ('rptbilling', 'RULADEF1fcd83ed:149bc7d0f75:-7d4b');
INSERT INTO `sys_ruleset_actiondef` (`ruleset`, `actiondef`) VALUES ('rptbilling', 'RULADEF5b84d618:1615428187f:-6904');
INSERT INTO `sys_ruleset_actiondef` (`ruleset`, `actiondef`) VALUES ('rptbilling', 'RULADEF5d750d7e:161889cc785:-7d47');
INSERT INTO `sys_ruleset_actiondef` (`ruleset`, `actiondef`) VALUES ('rptbilling', 'RULADEF634d9a3c:161503ff1dc:-707a');
INSERT INTO `sys_ruleset_actiondef` (`ruleset`, `actiondef`) VALUES ('rptledger', 'RULADEF-59249a93:1614f57bd58:-7db8');
INSERT INTO `sys_ruleset_actiondef` (`ruleset`, `actiondef`) VALUES ('rptledger', 'RULADEF-5ed6c5b0:16145892be0:-6988');
INSERT INTO `sys_ruleset_actiondef` (`ruleset`, `actiondef`) VALUES ('rptledger', 'RULADEF-5ed6c5b0:16145892be0:-7d18');
INSERT INTO `sys_ruleset_actiondef` (`ruleset`, `actiondef`) VALUES ('rptledger', 'RULADEF-7c494b7d:161d65781c4:-7cb4');
INSERT INTO `sys_ruleset_actiondef` (`ruleset`, `actiondef`) VALUES ('rptledger', 'RULADEF-7c494b7d:161d65781c4:-7d6a');
INSERT INTO `sys_ruleset_actiondef` (`ruleset`, `actiondef`) VALUES ('rptledger', 'RULADEF634d9a3c:161503ff1dc:-787a');
INSERT INTO `sys_ruleset_actiondef` (`ruleset`, `actiondef`) VALUES ('rptrequirement', 'RULADEF6d66cc31:1446cc9522e:-7d56');

INSERT INTO `sys_ruleset_fact` (`ruleset`, `rulefact`) VALUES ('bldgassessment', 'RULFACT-2486b0ca:146fff66c3e:-57b0');
INSERT INTO `sys_ruleset_fact` (`ruleset`, `rulefact`) VALUES ('bldgassessment', 'RULFACT-2486b0ca:146fff66c3e:-711c');
INSERT INTO `sys_ruleset_fact` (`ruleset`, `rulefact`) VALUES ('bldgassessment', 'RULFACT-2486b0ca:146fff66c3e:-7ad1');
INSERT INTO `sys_ruleset_fact` (`ruleset`, `rulefact`) VALUES ('bldgassessment', 'RULFACT-2486b0ca:146fff66c3e:-7b6a');
INSERT INTO `sys_ruleset_fact` (`ruleset`, `rulefact`) VALUES ('bldgassessment', 'RULFACT-2486b0ca:146fff66c3e:-7e0e');
INSERT INTO `sys_ruleset_fact` (`ruleset`, `rulefact`) VALUES ('bldgassessment', 'RULFACT-39192c48:1471ebc2797:-7faf');
INSERT INTO `sys_ruleset_fact` (`ruleset`, `rulefact`) VALUES ('bldgassessment', 'RULFACT-79a9a347:15cfcae84de:-3956');
INSERT INTO `sys_ruleset_fact` (`ruleset`, `rulefact`) VALUES ('bldgassessment', 'RULFACT1b4af871:14e3cc46e09:-34c1');
INSERT INTO `sys_ruleset_fact` (`ruleset`, `rulefact`) VALUES ('bldgassessment', 'RULFACT3afe51b9:146f7088d9c:-7eb6');
INSERT INTO `sys_ruleset_fact` (`ruleset`, `rulefact`) VALUES ('bldgassessment', 'RULFACT3e2b89cb:146ff734573:-7fcb');
INSERT INTO `sys_ruleset_fact` (`ruleset`, `rulefact`) VALUES ('bldgassessment', 'RULFACT5b4ac915:147baaa06b4:-7146');
INSERT INTO `sys_ruleset_fact` (`ruleset`, `rulefact`) VALUES ('bpassessment', 'RULFACT-26aa09fd:1419696e71f:-7feb');
INSERT INTO `sys_ruleset_fact` (`ruleset`, `rulefact`) VALUES ('bpassessment', 'RULFACT-76732870:14196dc4027:-7f87');
INSERT INTO `sys_ruleset_fact` (`ruleset`, `rulefact`) VALUES ('bpassessment', 'RULFACT-bad19b4:141f3c18435:-7fa9');
INSERT INTO `sys_ruleset_fact` (`ruleset`, `rulefact`) VALUES ('bpassessment', 'RULFACT2e8bac67:1422b41d3b3:-7f64');
INSERT INTO `sys_ruleset_fact` (`ruleset`, `rulefact`) VALUES ('bpassessment', 'RULFACT3a2b180:142b73535d5:-7fb1');
INSERT INTO `sys_ruleset_fact` (`ruleset`, `rulefact`) VALUES ('bpassessment', 'RULFACT4a03cdfb:141f9a6dc3c:-784a');
INSERT INTO `sys_ruleset_fact` (`ruleset`, `rulefact`) VALUES ('bpassessment', 'RULFACT4ca00100:141fe894560:-7d8e');
INSERT INTO `sys_ruleset_fact` (`ruleset`, `rulefact`) VALUES ('bpassessment', 'RULFACT4ca00100:141fe894560:-7e3f');
INSERT INTO `sys_ruleset_fact` (`ruleset`, `rulefact`) VALUES ('bpassessment', 'RULFACT682fd2e6:145de99014c:-7f3e');
INSERT INTO `sys_ruleset_fact` (`ruleset`, `rulefact`) VALUES ('bpassessment', 'RULFACT72bb01b1:141b1fdca80:-7f86');
INSERT INTO `sys_ruleset_fact` (`ruleset`, `rulefact`) VALUES ('bpbilling', 'RULFACT-1f3e2b64:14230dd8f62:-7dd8');
INSERT INTO `sys_ruleset_fact` (`ruleset`, `rulefact`) VALUES ('bpbilling', 'RULFACT-1f3e2b64:14230dd8f62:-7e29');
INSERT INTO `sys_ruleset_fact` (`ruleset`, `rulefact`) VALUES ('bpbilling', 'RULFACT-1f3e2b64:14230dd8f62:-7eb6');
INSERT INTO `sys_ruleset_fact` (`ruleset`, `rulefact`) VALUES ('bpbilling', 'RULFACT-26aa09fd:1419696e71f:-7feb');
INSERT INTO `sys_ruleset_fact` (`ruleset`, `rulefact`) VALUES ('bpbilling', 'RULFACT-46f22f55:14231734d86:-7eca');
INSERT INTO `sys_ruleset_fact` (`ruleset`, `rulefact`) VALUES ('bpbilling', 'RULFACT-76732870:14196dc4027:-7f87');
INSERT INTO `sys_ruleset_fact` (`ruleset`, `rulefact`) VALUES ('bpbilling', 'RULFACT-fd57605:142324ab5d2:-7f33');
INSERT INTO `sys_ruleset_fact` (`ruleset`, `rulefact`) VALUES ('bpbilling', 'RULFACT-fd840f:146ad32de46:-735f');
INSERT INTO `sys_ruleset_fact` (`ruleset`, `rulefact`) VALUES ('bpbilling', 'RULFACT2e8bac67:1422b41d3b3:-7f64');
INSERT INTO `sys_ruleset_fact` (`ruleset`, `rulefact`) VALUES ('bpbilling', 'RULFACT7ee0ab5e:141b6a15885:-7ff1');
INSERT INTO `sys_ruleset_fact` (`ruleset`, `rulefact`) VALUES ('bpbilling', 'RULFACTe058e4:1481f37895f:-720c');
INSERT INTO `sys_ruleset_fact` (`ruleset`, `rulefact`) VALUES ('bpinfo', 'RULFACT-26aa09fd:1419696e71f:-7feb');
INSERT INTO `sys_ruleset_fact` (`ruleset`, `rulefact`) VALUES ('bpinfo', 'RULFACT-76732870:14196dc4027:-7f87');
INSERT INTO `sys_ruleset_fact` (`ruleset`, `rulefact`) VALUES ('bpinfo', 'RULFACT-bad19b4:141f3c18435:-7fa9');
INSERT INTO `sys_ruleset_fact` (`ruleset`, `rulefact`) VALUES ('bpinfo', 'RULFACT682fd2e6:145de99014c:-7f3e');
INSERT INTO `sys_ruleset_fact` (`ruleset`, `rulefact`) VALUES ('bprequirement', 'RULFACT-26aa09fd:1419696e71f:-7feb');
INSERT INTO `sys_ruleset_fact` (`ruleset`, `rulefact`) VALUES ('bprequirement', 'RULFACT-76732870:14196dc4027:-7f87');
INSERT INTO `sys_ruleset_fact` (`ruleset`, `rulefact`) VALUES ('bprequirement', 'RULFACT-bad19b4:141f3c18435:-7fa9');
INSERT INTO `sys_ruleset_fact` (`ruleset`, `rulefact`) VALUES ('bprequirement', 'RULFACT682fd2e6:145de99014c:-7f3e');
INSERT INTO `sys_ruleset_fact` (`ruleset`, `rulefact`) VALUES ('landassessment', 'RULFACT-39192c48:1471ebc2797:-7faf');
INSERT INTO `sys_ruleset_fact` (`ruleset`, `rulefact`) VALUES ('landassessment', 'RULFACT-5e76cf73:14d69e9c549:-7f07');
INSERT INTO `sys_ruleset_fact` (`ruleset`, `rulefact`) VALUES ('landassessment', 'RULFACT1b4af871:14e3cc46e09:-34c1');
INSERT INTO `sys_ruleset_fact` (`ruleset`, `rulefact`) VALUES ('landassessment', 'RULFACT3afe51b9:146f7088d9c:-7db1');
INSERT INTO `sys_ruleset_fact` (`ruleset`, `rulefact`) VALUES ('landassessment', 'RULFACT3afe51b9:146f7088d9c:-7eb6');
INSERT INTO `sys_ruleset_fact` (`ruleset`, `rulefact`) VALUES ('landassessment', 'RULFACT5b4ac915:147baaa06b4:-7146');
INSERT INTO `sys_ruleset_fact` (`ruleset`, `rulefact`) VALUES ('machassessment', 'RULFACT-39192c48:1471ebc2797:-7faf');
INSERT INTO `sys_ruleset_fact` (`ruleset`, `rulefact`) VALUES ('machassessment', 'RULFACT1b4af871:14e3cc46e09:-34c1');
INSERT INTO `sys_ruleset_fact` (`ruleset`, `rulefact`) VALUES ('machassessment', 'RULFACT1e772168:14c5a447e35:-7f78');
INSERT INTO `sys_ruleset_fact` (`ruleset`, `rulefact`) VALUES ('machassessment', 'RULFACT1e772168:14c5a447e35:-7fd5');
INSERT INTO `sys_ruleset_fact` (`ruleset`, `rulefact`) VALUES ('machassessment', 'RULFACT3afe51b9:146f7088d9c:-7eb6');
INSERT INTO `sys_ruleset_fact` (`ruleset`, `rulefact`) VALUES ('miscassessment', 'RULFACT-39192c48:1471ebc2797:-7faf');
INSERT INTO `sys_ruleset_fact` (`ruleset`, `rulefact`) VALUES ('miscassessment', 'RULFACT1b4af871:14e3cc46e09:-34c1');
INSERT INTO `sys_ruleset_fact` (`ruleset`, `rulefact`) VALUES ('miscassessment', 'RULFACT1b4af871:14e3cc46e09:-36aa');
INSERT INTO `sys_ruleset_fact` (`ruleset`, `rulefact`) VALUES ('miscassessment', 'RULFACT3afe51b9:146f7088d9c:-7eb6');
INSERT INTO `sys_ruleset_fact` (`ruleset`, `rulefact`) VALUES ('miscassessment', 'RULFACT59614e16:14c5e56ecc8:-7fd1');
INSERT INTO `sys_ruleset_fact` (`ruleset`, `rulefact`) VALUES ('planttreeassessment', 'RULFACT-39192c48:1471ebc2797:-7faf');
INSERT INTO `sys_ruleset_fact` (`ruleset`, `rulefact`) VALUES ('planttreeassessment', 'RULFACT1b4af871:14e3cc46e09:-34c1');
INSERT INTO `sys_ruleset_fact` (`ruleset`, `rulefact`) VALUES ('planttreeassessment', 'RULFACT3afe51b9:146f7088d9c:-7eb6');
INSERT INTO `sys_ruleset_fact` (`ruleset`, `rulefact`) VALUES ('planttreeassessment', 'RULFACT6b62feef:14c53ac1f59:-7f69');
INSERT INTO `sys_ruleset_fact` (`ruleset`, `rulefact`) VALUES ('revenuesharing', 'com.rameses.rules.common.CurrentDate');
INSERT INTO `sys_ruleset_fact` (`ruleset`, `rulefact`) VALUES ('revenuesharing', 'enterprise.facts.DateInfo');
INSERT INTO `sys_ruleset_fact` (`ruleset`, `rulefact`) VALUES ('revenuesharing', 'enterprise.facts.Org');
INSERT INTO `sys_ruleset_fact` (`ruleset`, `rulefact`) VALUES ('revenuesharing', 'treasury.facts.BillItem');
INSERT INTO `sys_ruleset_fact` (`ruleset`, `rulefact`) VALUES ('revenuesharing', 'treasury.facts.CollectionGroup');
INSERT INTO `sys_ruleset_fact` (`ruleset`, `rulefact`) VALUES ('revenuesharing', 'treasury.facts.RevenueShare');
INSERT INTO `sys_ruleset_fact` (`ruleset`, `rulefact`) VALUES ('rptbilling', 'rptis.landtax.facts.Bill');
INSERT INTO `sys_ruleset_fact` (`ruleset`, `rulefact`) VALUES ('rptbilling', 'RULFACT-16b3898d:15d15d43bd3:-55bb');
INSERT INTO `sys_ruleset_fact` (`ruleset`, `rulefact`) VALUES ('rptbilling', 'RULFACT-78fba29f:161df51b937:-77bb');
INSERT INTO `sys_ruleset_fact` (`ruleset`, `rulefact`) VALUES ('rptbilling', 'RULFACT1be07afa:1452a9809e9:-731e');
INSERT INTO `sys_ruleset_fact` (`ruleset`, `rulefact`) VALUES ('rptbilling', 'RULFACT357018a9:1452a5dcbf7:-793b');
INSERT INTO `sys_ruleset_fact` (`ruleset`, `rulefact`) VALUES ('rptbilling', 'RULFACT49ae4bad:141e3b6758c:-7ba3');
INSERT INTO `sys_ruleset_fact` (`ruleset`, `rulefact`) VALUES ('rptbilling', 'RULFACT547c5381:1451ae1cd9c:-7933');
INSERT INTO `sys_ruleset_fact` (`ruleset`, `rulefact`) VALUES ('rptbilling', 'RULFACT547c5381:1451ae1cd9c:-798f');
INSERT INTO `sys_ruleset_fact` (`ruleset`, `rulefact`) VALUES ('rptledger', 'RULFACT-5ed6c5b0:16145892be0:-7d9c');
INSERT INTO `sys_ruleset_fact` (`ruleset`, `rulefact`) VALUES ('rptledger', 'RULFACT-6d782e97:161e4c91fda:-3f40');
INSERT INTO `sys_ruleset_fact` (`ruleset`, `rulefact`) VALUES ('rptledger', 'RULFACT547c5381:1451ae1cd9c:-7933');
INSERT INTO `sys_ruleset_fact` (`ruleset`, `rulefact`) VALUES ('rptledger', 'RULFACT547c5381:1451ae1cd9c:-798f');
INSERT INTO `sys_ruleset_fact` (`ruleset`, `rulefact`) VALUES ('rptrequirement', 'RULFACT-245f3fbb:14f9b505a11:-7f93');
INSERT INTO `sys_ruleset_fact` (`ruleset`, `rulefact`) VALUES ('rptrequirement', 'RULFACT6d66cc31:1446cc9522e:-7ee1');

